# Fecha: 2026-08-22
# Altura en pantalla: 117 al empezar, 73 al terminar
# Estado: escritorio conectado, BAJO SUPERVISION (ADR-028). Nadie toca el mando
#         en ningun momento: todo el movimiento lo ordena el ESP32.
# Montaje: sonda 9.1k/27k en P18 (rojo, CLK) y P4 (verde, DIO), ESP32 por USB.
#          Los CUATRO canales cableados: 1=subir(GPIO27), 2=bajar(GPIO26),
#          3=memoria 80(GPIO25), 4=memoria 117(GPIO33). Reset SIN cablear.
# Firmware: desk_sniffer a 115200 (ADR-026), toques de 800 ms (ADR-027),
#           pulso largo de 2800 ms en A/B/C/D (ADR-028).
# Comprobacion previa: el display estaba dormido; un toque lo desperto.
# Que se esperaba: recorrer seis tramos en lazo cerrado, frenando por altura
#           leida del bus, sin intervencion humana.
# QUE PASO: los seis, sin un fallo. Traza:
#
#   [  7.1s] altura inicial: 117 cm
#   [ 72.3s] 1. bajar del todo    -> 73 cm  (tope alcanzado)
#   [ 86.4s] 2. subir a 80        -> 80 cm  (freno en 79 + ajuste)
#   [ 97.4s] 3. bajar a 75        -> 75 cm  (freno en 76 + ajuste)
#   [162.7s] 4. subir del todo    -> 118 cm (tope alcanzado)
#   [195.8s] 5. parar a media altura -> 95 cm (freno en 96 + ajuste)
#   [237.5s] 6. bajar del todo    -> 73 cm  (tope alcanzado)
#   [239.0s] FIN. COMPLETA
#
# VELOCIDAD MEDIDA: 0.68 cm/s, igual en los dos sentidos.
#   bajando 44 cm en 65 s; subiendo 43 cm en 64 s.
#
# Las tres frenadas por altura acertaron el objetivo exacto: se frena 1 cm
# antes por la inercia y se ajusta con toques de 800 ms.
#
# Lo que sigue es el volcado CRUDO del bus durante los 239 s. Se guarda entero
# porque las dos pruebas de movimiento del 2026-08-21 solo dejaron la traza de
# alturas, no el log, y eso incumplia la politica de capturas.
RË∏Å´<A	ã}ë…ŸÈ0x00,wp_drv:0x00
mode:DIO, clock div:1
load:0x3fff0030,len:4876
ho 0 tail 12 room 4
load:0x40078000,len:16532
load:0x40080400,len:3500
entry 0x400805b4

=== desk_sniffer ‚Äî AiP650E passive bus sniffer ===
CLK=GPIO18 (red)  DIO=GPIO4 (green)  CPU=240 MHz
Burst sampling at 4 MHz, 8000 samples per burst (2 ms).
Read-only. This firmware never drives the bus.

  r  toggle raw transaction dump
  s  print statistics
  c  reset statistics
  l  re-run the line identification check
  h  this help

  1 2 3 4   pulse that actuation channel for 300 ms
            and report which key the control box saw

Identifying lines (recording up to 2 s of traffic)...
  GPIO18 (expected CLK, red)  : 227 edges
  GPIO4 (expected DIO, green): 45 edges
  OK: both lines active, edge counts match the expected wiring.

Listening. Format:
  [time] S <byte><ack> <byte><ack> P | interpretation
  ack: 'a' = acknowledged (low), '-' = line high
  On key reads a '-' on the second byte is normal, not a fault.

[     0.000315] S 68a 00a P  | DIG1 seg=0x00 ' '
[     0.000315] >>> DISPLAY: " "
[     0.000631] S 6Aa 00a P  | DIG2 seg=0x00 ' '
[     0.000631] >>> DISPLAY: "  "
[     0.000949] S 6Ca 00a P  | DIG3 seg=0x00 ' '
[     0.000949] >>> DISPLAY: "   "
[     0.001265] S 6Ea 00a P  | DIG4 seg=0x00 ' '
[     0.001265] >>> DISPLAY: "    "
[     0.001562] S 4Fa 2Fa P  | KEY released/idle
[     0.001562] >>> KEY released/idle
[     0.200078] S 68a 00a P  | DIG1 seg=0x00 ' '
[     0.200394] S 6Aa 00a P  | DIG2 seg=0x00 ' '
[     0.200693] S 6Ca 00a P  | DIG3 seg=0x00 ' '
[     0.201009] S 6Ea 00a P  | DIG4 seg=0x00 ' '
[     0.201325] S 4Fa 2Fa P  | KEY released/idle
[     0.399781] S 68a 00a P  | DIG1 seg=0x00 ' '
[     0.400098] S 6Aa 00a P  | DIG2 seg=0x00 ' '
[     0.400415] S 6Ca 00a P  | DIG3 seg=0x00 ' '
[     0.400732] S 6Ea 00a P  | DIG4 seg=0x00 ' '
[     0.401029] S 4Fa 2Fa P  | KEY released/idle
[     0.599509] S 68a 00a P  | DIG1 seg=0x00 ' '
[     0.599825] S 6Aa 00a P  | DIG2 seg=0x00 ' '
[     0.600143] S 6Ca 00a P  | DIG3 seg=0x00 ' '
[     0.600459] S 6Ea 00a P  | DIG4 seg=0x00 ' '
[     0.600775] S 4Fa 2Fa P  | KEY released/idle
[     0.799239] S 68a 00a P  | DIG1 seg=0x00 ' '
[     0.799556] S 6Aa 00a P  | DIG2 seg=0x00 ' '
[     0.799854] S 6Ca 00a P  | DIG3 seg=0x00 ' '
[     0.800171] S 6Ea 00a P  | DIG4 seg=0x00 ' '
[     0.800487] S 4Fa 2Fa P  | KEY released/idle
[     0.999003] S 68a 00a P  | DIG1 seg=0x00 ' '
[     0.999300] S 6Aa 00a P  | DIG2 seg=0x00 ' '
[     0.999618] S 6Ca 00a P  | DIG3 seg=0x00 ' '
[     0.999934] S 6Ea 00a P  | DIG4 seg=0x00 ' '
[     1.000251] S 4Fa 2Fa P  | KEY released/idle
[     1.198727] S 68a 00a P  | DIG1 seg=0x00 ' '
[     1.199044] S 6Aa 00a P  | DIG2 seg=0x00 ' '
[     1.199342] S 6Ca 00a P  | DIG3 seg=0x00 ' '
[     1.199658] S 6Ea 00a P  | DIG4 seg=0x00 ' '
[     1.199975] S 4Fa 2Fa P  | KEY released/idle
[     1.398456] S 68a 00a P  | DIG1 seg=0x00 ' '
[     1.398773] S 6Aa 00a P  | DIG2 seg=0x00 ' '
[     1.399091] S 6Ca 00a P  | DIG3 seg=0x00 ' '
[     1.399388] S 6Ea 00a P  | DIG4 seg=0x00 ' '
[     1.399705] S 4Fa 2Fa P  | KEY released/idle
[     1.598240] S 68a 00a P  | DIG1 seg=0x00 ' '
[     1.598556] S 6Aa 00a P  | DIG2 seg=0x00 ' '
[     1.598874] S 6Ca 00a P  | DIG3 seg=0x00 ' '
[     1.599172] S 6Ea 00a P  | DIG4 seg=0x00 ' '
[     1.599488] S 4Fa 2Fa P  | KEY released/idle
[     1.797963] S 68a 00a P  | DIG1 seg=0x00 ' '
[     1.798279] S 6Aa 00a P  | DIG2 seg=0x00 ' '
[     1.798578] S 6Ca 00a P  | DIG3 seg=0x00 ' '
[     1.798894] S 6Ea 00a P  | DIG4 seg=0x00 ' '
[     1.799210] S 4Fa 2Fa P  | KEY released/idle
[     1.997675] S 68a 00a P  | DIG1 seg=0x00 ' '
[     1.997991] S 6Aa 00a P  | DIG2 seg=0x00 ' '
[     1.998308] S 6Ca 00a P  | DIG3 seg=0x00 ' '
[     1.998624] S 6Ea 00a P  | DIG4 seg=0x00 ' '
[     1.998941] S 4Fa 2Fa P  | KEY released/idle
[     2.197444] S 68a 00a P  | DIG1 seg=0x00 ' '
[     2.197760] S 6Aa 00a P  | DIG2 seg=0x00 ' '
[     2.198078] S 6Ca 00a P  | DIG3 seg=0x00 ' '
[     2.198395] S 6Ea 00a P  | DIG4 seg=0x00 ' '
[     2.198692] S 4Fa 2Fa P  | KEY released/idle
[     2.397195] S 68a 00a P  | DIG1 seg=0x00 ' '
[     2.397512] S 6Aa 00a P  | DIG2 seg=0x00 ' '
[     2.397829] S 6Ca 00a P  | DIG3 seg=0x00 ' '
[     2.398146] S 6Ea 00a P  | DIG4 seg=0x00 ' '
[     2.398443] S 4Fa 2Fa P  | KEY released/idle
[     2.597007] S 68a 00a P  | DIG1 seg=0x00 ' '
[     2.597323] S 6Aa 00a P  | DIG2 seg=0x00 ' '
[     2.597622] S 6Ca 00a P  | DIG3 seg=0x00 ' '
[     2.597938] S 6Ea 00a P  | DIG4 seg=0x00 ' '
[     2.598254] S 4Fa 2Fa P  | KEY released/idle
[     2.796759] S 68a 00a P  | DIG1 seg=0x00 ' '
[     2.797075] S 6Aa 00a P  | DIG2 seg=0x00 ' '
[     2.797393] S 6Ca 00a P  | DIG3 seg=0x00 ' '
[     2.797709] S 6Ea 00a P  | DIG4 seg=0x00 ' '
[     2.798026] S 4Fa 2Fa P  | KEY released/idle
[     2.996512] S 68a 00a P  | DIG1 seg=0x00 ' '
[     2.996809] S 6Aa 00a P  | DIG2 seg=0x00 ' '
[     2.997127] S 6Ca 00a P  | DIG3 seg=0x00 ' '
[     2.997443] S 6Ea 00a P  | DIG4 seg=0x00 ' '
[     2.997759] S 4Fa 2Fa P  | KEY released/idle
[     3.196221] S 68a 00a P  | DIG1 seg=0x00 ' '
[     3.196538] S 6Aa 00a P  | DIG2 seg=0x00 ' '
[     3.196836] S 6Ca 00a P  | DIG3 seg=0x00 ' '
[     3.197152] S 6Ea 00a P  | DIG4 seg=0x00 ' '
[     3.197469] S 4Fa 2Fa P  | KEY released/idle
[     3.395962] S 68a 00a P  | DIG1 seg=0x00 ' '
[     3.396259] S 6Aa 00a P  | DIG2 seg=0x00 ' '
[     3.396577] S 6Ca 00a P  | DIG3 seg=0x00 ' '
[     3.396893] S 6Ea 00a P  | DIG4 seg=0x00 ' '
[     3.397209] S 4Fa 2Fa P  | KEY released/idle

[RX 0x32 '2']
[     3.595679] S 68a 00a P  | DIG1 seg=0x00 ' '
[     3.595995] S 6Aa 00a P  | DIG2 seg=0x00 ' '
[     3.596294] S 6Ca 00a P  | DIG3 seg=0x00 ' '
[     3.596611] S 6Ea 00a P  | DIG4 seg=0x00 ' '
[     3.596927] S 4Fa 57a P  | KEY PRESSED KI3 / DIG4
[     3.596927] >>> KEY PRESSED KI3 / DIG4   <== CHANNEL 2 answered with 0x57
[     3.795414] S 68a 06a P  | DIG1 seg=0x06 '1'
[     3.795414] >>> DISPLAY: "1   "
[     3.795714] S 6Aa 06a P  | DIG2 seg=0x06 '1'
[     3.795714] >>> DISPLAY: "11  "
[     3.796036] S 6Ca 07a P  | DIG3 seg=0x07 '7'
[     3.796036] >>> DISPLAY: "117 "
[     3.796355] S 6Ea 00a P  | DIG4 seg=0x00 ' '
[     3.796674] S 4Fa 57a P  | KEY PRESSED KI3 / DIG4
[     3.995180] S 68a 06a P  | DIG1 seg=0x06 '1'
[     3.995480] S 6Aa 06a P  | DIG2 seg=0x06 '1'
[     3.995801] S 6Ca 07a P  | DIG3 seg=0x07 '7'
[     3.996121] S 6Ea 00a P  | DIG4 seg=0x00 ' '
[     3.996441] S 4Fa 57a P  | KEY PRESSED KI3 / DIG4

[channel 2 -> GPIO26 pulsed 800 ms; watching the bus]
[     4.395612] S 68a 06a P  | DIG1 seg=0x06 '1'
[     4.395891] S 6Aa 06a P  | DIG2 seg=0x06 '1'
[     4.396184] S 6Ca 07a P  | DIG3 seg=0x07 '7'
[     4.396463] S 6Ea 00a P  | DIG4 seg=0x00 ' '
[     4.396743] S 4Fa 17a P  | KEY released/idle
[     4.396743] >>> KEY released/idle
[     4.595415] S 68a 06a P  | DIG1 seg=0x06 '1'
[     4.595693] S 6Aa 06a P  | DIG2 seg=0x06 '1'
[     4.595973] S 6Ca 07a P  | DIG3 seg=0x07 '7'
[     4.596266] S 6Ea 00a P  | DIG4 seg=0x00 ' '
[     4.596545] S 4Fa 17a P  | KEY released/idle
[     4.795164] S 68a 06a P  | DIG1 seg=0x06 '1'
[     4.795442] S 6Aa 06a P  | DIG2 seg=0x06 '1'
[     4.795720] S 6Ca 07a P  | DIG3 seg=0x07 '7'
[     4.796013] S 6Ea 00a P  | DIG4 seg=0x00 ' '
[     4.796291] S 4Fa 17a P  | KEY released/idle
[     4.994915] S 68a 06a P  | DIG1 seg=0x06 '1'
[     4.995193] S 6Aa 06a P  | DIG2 seg=0x06 '1'
[     4.995485] S 6Ca 07a P  | DIG3 seg=0x07 '7'
[     4.995765] S 6Ea 00a P  | DIG4 seg=0x00 ' '
[     4.996042] S 4Fa 17a P  | KEY released/idle
[     5.194711] S 68a 06a P  | DIG1 seg=0x06 '1'
[     5.194989] S 6Aa 06a P  | DIG2 seg=0x06 '1'
[     5.195267] S 6Ca 07a P  | DIG3 seg=0x07 '7'
[     5.195561] S 6Ea 00a P  | DIG4 seg=0x00 ' '
[     5.195839] S 4Fa 17a P  | KEY released/idle
[     5.394475] S 68a 06a P  | DIG1 seg=0x06 '1'
[     5.394792] S 6Aa 06a P  | DIG2 seg=0x06 '1'
[     5.395109] S 6Ca 07a P  | DIG3 seg=0x07 '7'
[     5.395426] S 6Ea 00a P  | DIG4 seg=0x00 ' '
[     5.395723] S 4Fa 17a P  | KEY released/idle
[     5.594252] S 68a 06a P  | DIG1 seg=0x06 '1'
[     5.594549] S 6Aa 06a P  | DIG2 seg=0x06 '1'
[     5.594866] S 6Ca 07a P  | DIG3 seg=0x07 '7'
[     5.595183] S 6Ea 00a P  | DIG4 seg=0x00 ' '
[     5.595499] S 4Fa 17a P  | KEY released/idle
[     5.794041] S 68a 06a P  | DIG1 seg=0x06 '1'
[     5.794357] S 6Aa 06a P  | DIG2 seg=0x06 '1'
[     5.794675] S 6Ca 07a P  | DIG3 seg=0x07 '7'
[     5.794991] S 6Ea 00a P  | DIG4 seg=0x00 ' '
[     5.795308] S 4Fa 17a P  | KEY released/idle
[     5.993761] S 68a 06a P  | DIG1 seg=0x06 '1'
[     5.994077] S 6Aa 06a P  | DIG2 seg=0x06 '1'
[     5.994396] S 6Ca 07a P  | DIG3 seg=0x07 '7'
[     5.994711] S 6Ea 00a P  | DIG4 seg=0x00 ' '
[     5.995028] S 4Fa 17a P  | KEY released/idle
[     6.193549] S 68a 06a P  | DIG1 seg=0x06 '1'
[     6.193866] S 6Aa 06a P  | DIG2 seg=0x06 '1'
[     6.194183] S 6Ca 07a P  | DIG3 seg=0x07 '7'
[     6.194481] S 6Ea 00a P  | DIG4 seg=0x00 ' '
[     6.194797] S 4Fa 17a P  | KEY released/idle
[     6.393305] S 68a 06a P  | DIG1 seg=0x06 '1'
[     6.393622] S 6Aa 06a P  | DIG2 seg=0x06 '1'
[     6.393939] S 6Ca 07a P  | DIG3 seg=0x07 '7'
[     6.394256] S 6Ea 00a P  | DIG4 seg=0x00 ' '
[     6.394572] S 4Fa 17a P  | KEY released/idle

[RX 0x42 'B']

[LONG PULSE - this starts continuous travel]
[     6.593090] S 68a 06a P  | DIG1 seg=0x06 '1'
[     6.593406] S 6Aa 06a P  | DIG2 seg=0x06 '1'
[     6.593705] S 6Ca 07a P  | DIG3 seg=0x07 '7'
[     6.594022] S 6Ea 00a P  | DIG4 seg=0x00 ' '
[     6.594338] S 4Fa 57a P  | KEY PRESSED KI3 / DIG4
[     6.594338] >>> KEY PRESSED KI3 / DIG4   <== CHANNEL 2 answered with 0x57
[     6.792865] S 68a 06a P  | DIG1 seg=0x06 '1'
[     6.793184] S 6Aa 06a P  | DIG2 seg=0x06 '1'
[     6.793505] S 6Ca 07a P  | DIG3 seg=0x07 '7'
[     6.793825] S 6Ea 00a P  | DIG4 seg=0x00 ' '
[     6.794145] S 4Fa 57a P  | KEY PRESSED KI3 / DIG4
[     6.992662] S 68a 06a P  | DIG1 seg=0x06 '1'
[     6.992982] S 6Aa 06a P  | DIG2 seg=0x06 '1'
[     6.993303] S 6Ca 07a P  | DIG3 seg=0x07 '7'
[     6.993625] S 6Ea 00a P  | DIG4 seg=0x00 ' '
[     6.993944] S 4Fa 57a P  | KEY PRESSED KI3 / DIG4
[     7.193397] S 68a 06a P  | DIG1 seg=0x06 '1'
[     7.193675] S 6Aa 06a P  | DIG2 seg=0x06 '1'
[     7.193967] S 6Ca 07a P  | DIG3 seg=0x07 '7'
[     7.194247] S 6Ea 00a P  | DIG4 seg=0x00 ' '
[     7.194525] S 4Fa 57a P  | KEY PRESSED KI3 / DIG4
[     7.393201] S 68a 06a P  | DIG1 seg=0x06 '1'
[     7.393480] S 6Aa 06a P  | DIG2 seg=0x06 '1'
[     7.393758] S 6Ca 07a P  | DIG3 seg=0x07 '7'
[     7.394052] S 6Ea 00a P  | DIG4 seg=0x00 ' '
[     7.394330] S 4Fa 57a P  | KEY PRESSED KI3 / DIG4
[     7.592976] S 68a 06a P  | DIG1 seg=0x06 '1'
[     7.593255] S 6Aa 06a P  | DIG2 seg=0x06 '1'
[     7.593547] S 6Ca 07a P  | DIG3 seg=0x07 '7'
[     7.593828] S 6Ea 00a P  | DIG4 seg=0x00 ' '
[     7.594106] S 4Fa 57a P  | KEY PRESSED KI3 / DIG4
[     7.792711] S 68a 06a P  | DIG1 seg=0x06 '1'
[     7.793004] S 6Aa 06a P  | DIG2 seg=0x06 '1'
[     7.793282] S 6Ca 7Da P  | DIG3 seg=0x7D '6'
[     7.793282] >>> DISPLAY: "116 "
[     7.793578] S 6Ea 00a P  | DIG4 seg=0x00 ' '
[     7.793856] S 4Fa 57a P  | KEY PRESSED KI3 / DIG4
[     7.992465] S 68a 06a P  | DIG1 seg=0x06 '1'
[     7.992745] S 6Aa 06a P  | DIG2 seg=0x06 '1'
[     7.993036] S 6Ca 7Da P  | DIG3 seg=0x7D '6'
[     7.993316] S 6Ea 00a P  | DIG4 seg=0x00 ' '
[     7.993594] S 4Fa 57a P  | KEY PRESSED KI3 / DIG4
[     8.192227] S 68a 06a P  | DIG1 seg=0x06 '1'
[     8.192505] S 6Aa 06a P  | DIG2 seg=0x06 '1'
[     8.192785] S 6Ca 7Da P  | DIG3 seg=0x7D '6'
[     8.193079] S 6Ea 00a P  | DIG4 seg=0x00 ' '
[     8.193356] S 4Fa 57a P  | KEY PRESSED KI3 / DIG4
[     8.391970] S 68a 06a P  | DIG1 seg=0x06 '1'
[     8.392248] S 6Aa 06a P  | DIG2 seg=0x06 '1'
[     8.392522] S P  | MALFORMED: 0 byte(s), expected 2
[     8.392542] S 6Ca 7Da P  | DIG3 seg=0x7D '6'
[     8.392820] S 6Ea 00a P  | DIG4 seg=0x00 ' '
[     8.393099] S 4Fa 57a P  | KEY PRESSED KI3 / DIG4
[     8.591701] S 68a 06a P  | DIG1 seg=0x06 '1'
[     8.591979] S 6Aa 06a P  | DIG2 seg=0x06 '1'
[     8.592272] S 6Ca 7Da P  | DIG3 seg=0x7D '6'
[     8.592552] S 6Ea 00a P  | DIG4 seg=0x00 ' '
[     8.592830] S 4Fa 57a P  | KEY PRESSED KI3 / DIG4
[     8.791516] S 68a 06a P  | DIG1 seg=0x06 '1'
[     8.791794] S 6Aa 06a P  | DIG2 seg=0x06 '1'
[     8.792088] S 6Ca 7Da P  | DIG3 seg=0x7D '6'
[     8.792367] S 6Ea 00a P  | DIG4 seg=0x00 ' '
[     8.792646] S 4Fa 57a P  | KEY PRESSED KI3 / DIG4
[     8.991255] S 68a 06a P  | DIG1 seg=0x06 '1'
[     8.991533] S 6Aa 06a P  | DIG2 seg=0x06 '1'
[     8.991824] S 6Ca 6Da P  | DIG3 seg=0x6D '5'
[     8.991824] >>> DISPLAY: "115 "
[     8.992105] S 6Ea 00a P  | DIG4 seg=0x00 ' '
[     8.992383] S 4Fa 57a P  | KEY PRESSED KI3 / DIG4

[channel 2 -> GPIO26 pulsed 2800 ms; watching the bus]
[     9.390828] S 68a 06a P  | DIG1 seg=0x06 '1'
[     9.391122] S 6Aa 06a P  | DIG2 seg=0x06 '1'
[     9.391401] S 6Ca 6Da P  | DIG3 seg=0x6D '5'
[     9.391679] S 6Ea 00a P  | DIG4 seg=0x00 ' '
[     9.391971] S 4Fa 17a P  | KEY released/idle
[     9.391971] >>> KEY released/idle
[     9.590572] S 68a 06a P  | DIG1 seg=0x06 '1'
[     9.590866] S 6Aa 06a P  | DIG2 seg=0x06 '1'
[     9.591144] S 6Ca 6Da P  | DIG3 seg=0x6D '5'
[     9.591423] S 6Ea 00a P  | DIG4 seg=0x00 ' '
[     9.591716] S 4Fa 17a P  | KEY released/idle
[     9.790376] S 68a 00a P  | DIG1 seg=0x00 ' '
[     9.790376] >>> DISPLAY: " 15 "
[     9.790654] S 6Aa 00a P  | DIG2 seg=0x00 ' '
[     9.790654] >>> DISPLAY: "  5 "
[     9.790933] S 6Ca 00a P  | DIG3 seg=0x00 ' '
[     9.790933] >>> DISPLAY: "    "
[     9.791227] S 6Ea 00a P  | DIG4 seg=0x00 ' '
[     9.791505] S 4Fa 17a P  | KEY released/idle
[     9.990209] S 68a 06a P  | DIG1 seg=0x06 '1'
[     9.990209] >>> DISPLAY: "1   "
[     9.990486] S 6Aa 06a P  | DIG2 seg=0x06 '1'
[     9.990486] >>> DISPLAY: "11  "
[     9.990768] S 6Ca 6Da P  | DIG3 seg=0x6D '5'
[     9.990768] >>> DISPLAY: "115 "
[     9.991062] S 6Ea 00a P  | DIG4 seg=0x00 ' '
[     9.991340] S 4Fa 17a P  | KEY released/idle
[    10.189974] S 68a 06a P  | DIG1 seg=0x06 '1'
[    10.190252] S 6Aa 06a P  | DIG2 seg=0x06 '1'
[    10.190530] S 6Ca 66a P  | DIG3 seg=0x66 '4'
[    10.190530] >>> DISPLAY: "114 "
[    10.190826] S 6Ea 00a P  | DIG4 seg=0x00 ' '
[    10.191105] S 4Fa 17a P  | KEY released/idle
[    10.389763] S 68a 00a P  | DIG1 seg=0x00 ' '
[    10.389763] >>> DISPLAY: " 14 "
[    10.390041] S 6Aa 00a P  | DIG2 seg=0x00 ' '
[    10.390041] >>> DISPLAY: "  4 "
[    10.390333] S 6Ca 00a P  | DIG3 seg=0x00 ' '
[    10.390333] >>> DISPLAY: "    "
[    10.390614] S 6Ea 00a P  | DIG4 seg=0x00 ' '
[    10.390892] S 4Fa 17a P  | KEY released/idle
[    10.589563] S 68a 06a P  | DIG1 seg=0x06 '1'
[    10.589563] >>> DISPLAY: "1   "
[    10.589841] S 6Aa 06a P  | DIG2 seg=0x06 '1'
[    10.589841] >>> DISPLAY: "11  "
[    10.590134] S 6Ca 66a P  | DIG3 seg=0x66 '4'
[    10.590134] >>> DISPLAY: "114 "
[    10.590412] S 6Ea 00a P  | DIG4 seg=0x00 ' '
[    10.590692] S 4Fa 17a P  | KEY released/idle
[    10.789306] S 68a 06a P  | DIG1 seg=0x06 '1'
[    10.789584] S 6Aa 06a P  | DIG2 seg=0x06 '1'
[    10.789877] S 6Ca 66a P  | DIG3 seg=0x66 '4'
[    10.790156] S 6Ea 00a P  | DIG4 seg=0x00 ' '
[    10.790434] S 4Fa 17a P  | KEY released/idle
[    10.989081] S 68a 06a P  | DIG1 seg=0x06 '1'
[    10.989360] S 6Aa 06a P  | DIG2 seg=0x06 '1'
[    10.989652] S 6Ca 66a P  | DIG3 seg=0x66 '4'
[    10.989933] S 6Ea 00a P  | DIG4 seg=0x00 ' '
[    10.990226] S 4Fa 17a P  | KEY released/idle
[    11.188897] S 68a 06a P  | DIG1 seg=0x06 '1'
[    11.189176] S 6Aa 06a P  | DIG2 seg=0x06 '1'
[    11.189470] S 6Ca 4Fa P  | DIG3 seg=0x4F '3'
[    11.189470] >>> DISPLAY: "113 "
[    11.189748] S 6Ea 00a P  | DIG4 seg=0x00 ' '
[    11.190040] S 4Fa 17a P  | KEY released/idle
[    11.388621] S 68a 06a P  | DIG1 seg=0x06 '1'
[    11.388899] S 6Aa 06a P  | DIG2 seg=0x06 '1'
[    11.389177] S 6Ca 4Fa P  | DIG3 seg=0x4F '3'
[    11.389471] S 6Ea 00a P  | DIG4 seg=0x00 ' '
[    11.389749] S 4Fa 17a P  | KEY released/idle
[    11.588431] S 68a 06a P  | DIG1 seg=0x06 '1'
[    11.588709] S 6Aa 06a P  | DIG2 seg=0x06 '1'
[    11.588987] S 6Ca 4Fa P  | DIG3 seg=0x4F '3'
[    11.589281] S 6Ea 00a P  | DIG4 seg=0x00 ' '
[    11.589559] S 4Fa 17a P  | KEY released/idle
[    11.788232] S 68a 06a P  | DIG1 seg=0x06 '1'
[    11.788525] S 6Aa 06a P  | DIG2 seg=0x06 '1'
[    11.788804] S 6Ca 4Fa P  | DIG3 seg=0x4F '3'
[    11.789097] S 6Ea 00a P  | DIG4 seg=0x00 ' '
[    11.789375] S 4Fa 17a P  | KEY released/idle
[    11.987986] S 68a 06a P  | DIG1 seg=0x06 '1'
[    11.988278] S 6Aa 06a P  | DIG2 seg=0x06 '1'
[    11.988556] S 6Ca 4Fa P  | DIG3 seg=0x4F '3'
[    11.988836] S 6Ea 00a P  | DIG4 seg=0x00 ' '
[    11.989128] S 4Fa 17a P  | KEY released/idle
[    12.187770] S 68a 06a P  | DIG1 seg=0x06 '1'
[    12.188048] S 6Aa 06a P  | DIG2 seg=0x06 '1'
[    12.188326] S 6Ca 4Fa P  | DIG3 seg=0x4F '3'
[    12.188622] S 6Ea 00a P  | DIG4 seg=0x00 ' '
[    12.188900] S 4Fa 17a P  | KEY released/idle
[    12.387549] S 68a 06a P  | DIG1 seg=0x06 '1'
[    12.387842] S 6Aa 06a P  | DIG2 seg=0x06 '1'
[    12.388122] S 6Ca 5Ba P  | DIG3 seg=0x5B '2'
[    12.388122] >>> DISPLAY: "112 "
[    12.388413] S 6Ea 00a P  | DIG4 seg=0x00 ' '
[    12.388691] S 4Fa 17a P  | KEY released/idle
[    12.587291] S P  | MALFORMED: 0 byte(s), expected 2
[    12.587309] S 68a 06a P  | DIG1 seg=0x06 '1'
[    12.587589] S 6Aa 06a P  | DIG2 seg=0x06 '1'
[    12.587866] S 6Ca 5Ba P  | DIG3 seg=0x5B '2'
[    12.588161] S 6Ea 00a P  | DIG4 seg=0x00 ' '
[    12.588439] S 4Fa 17a P  | KEY released/idle
[    12.787095] S 68a 06a P  | DIG1 seg=0x06 '1'
[    12.787373] S 6Aa 06a P  | DIG2 seg=0x06 '1'
[    12.787667] S 6Ca 5Ba P  | DIG3 seg=0x5B '2'
[    12.787946] S 6Ea 00a P  | DIG4 seg=0x00 ' '
[    12.788224] S 4Fa 17a P  | KEY released/idle
[    12.986875] S 68a 06a P  | DIG1 seg=0x06 '1'
[    12.987153] S 6Aa 06a P  | DIG2 seg=0x06 '1'
[    12.987427] S P  | MALFORMED: 0 byte(s), expected 2
[    12.987447] S 6Ca 5Ba P  | DIG3 seg=0x5B '2'
[    12.987726] S 6Ea 00a P  | DIG4 seg=0x00 ' '
[    12.988006] S 4Fa 17a P  | KEY released/idle
[    13.186622] S 68a 06a P  | DIG1 seg=0x06 '1'
[    13.186900] S 6Aa 06a P  | DIG2 seg=0x06 '1'
[    13.187193] S 6Ca 5Ba P  | DIG3 seg=0x5B '2'
[    13.187472] S 6Ea 00a P  | DIG4 seg=0x00 ' '
[    13.187750] S 4Fa 17a P  | KEY released/idle
[    13.386356] S 68a 06a P  | DIG1 seg=0x06 '1'
[    13.386649] S 6Aa 06a P  | DIG2 seg=0x06 '1'
[    13.386926] S 6Ca 5Ba P  | DIG3 seg=0x5B '2'
[    13.387206] S 6Ea 00a P  | DIG4 seg=0x00 ' '
[    13.387499] S 4Fa 17a P  | KEY released/idle
[    13.586139] S 68a 06a P  | DIG1 seg=0x06 '1'
[    13.586432] S 6Aa 06a P  | DIG2 seg=0x06 '1'
[    13.586712] S 6Ca 06a P  | DIG3 seg=0x06 '1'
[    13.586712] >>> DISPLAY: "111 "
[    13.586991] S 6Ea 00a P  | DIG4 seg=0x00 ' '
[    13.587284] S 4Fa 17a P  | KEY released/idle
[    13.785859] S 68a 06a P  | DIG1 seg=0x06 '1'
[    13.786136] S 6Aa 06a P  | DIG2 seg=0x06 '1'
[    13.786431] S 6Ca 06a P  | DIG3 seg=0x06 '1'
[    13.786711] S 6Ea 00a P  | DIG4 seg=0x00 ' '
[    13.786989] S 4Fa 17a P  | KEY released/idle
[    13.985621] S 68a 06a P  | DIG1 seg=0x06 '1'
[    13.985912] S 6Aa 06a P  | DIG2 seg=0x06 '1'
[    13.986192] S 6Ca 06a P  | DIG3 seg=0x06 '1'
[    13.986468] S P  | MALFORMED: 0 byte(s), expected 2
[    13.986486] S 6Ea 00a P  | DIG4 seg=0x00 ' '
[    13.986764] S 4Fa 17a P  | KEY released/idle
[    14.185415] S 68a 06a P  | DIG1 seg=0x06 '1'
[    14.185708] S 6Aa 06a P  | DIG2 seg=0x06 '1'
[    14.185988] S 6Ca 06a P  | DIG3 seg=0x06 '1'
[    14.186280] S 6Ea 00a P  | DIG4 seg=0x00 ' '
[    14.186558] S 4Fa 17a P  | KEY released/idle
[    14.385125] S 68a 06a P  | DIG1 seg=0x06 '1'
[    14.385417] S 6Aa 06a P  | DIG2 seg=0x06 '1'
[    14.385696] S 6Ca 06a P  | DIG3 seg=0x06 '1'
[    14.385975] S 6Ea 00a P  | DIG4 seg=0x00 ' '
[    14.386268] S 4Fa 17a P  | KEY released/idle
[    14.584909] S 68a 06a P  | DIG1 seg=0x06 '1'
[    14.585187] S 6Aa 06a P  | DIG2 seg=0x06 '1'
[    14.585478] S 6Ca 06a P  | DIG3 seg=0x06 '1'
[    14.585761] S 6Ea 00a P  | DIG4 seg=0x00 ' '
[    14.586039] S 4Fa 17a P  | KEY released/idle
[    14.784707] S 68a 06a P  | DIG1 seg=0x06 '1'
[    14.784985] S 6Aa 06a P  | DIG2 seg=0x06 '1'
[    14.785266] S 6Ca 3Fa P  | DIG3 seg=0x3F '0'
[    14.785266] >>> DISPLAY: "110 "
[    14.785559] S 6Ea 00a P  | DIG4 seg=0x00 ' '
[    14.785837] S 4Fa 17a P  | KEY released/idle
[    14.984435] S 68a 06a P  | DIG1 seg=0x06 '1'
[    14.984713] S 6Aa 06a P  | DIG2 seg=0x06 '1'
[    14.984994] S 6Ca 3Fa P  | DIG3 seg=0x3F '0'
[    14.985288] S 6Ea 00a P  | DIG4 seg=0x00 ' '
[    14.985566] S 4Fa 17a P  | KEY released/idle
[    15.184183] S 68a 06a P  | DIG1 seg=0x06 '1'
[    15.184461] S 6Aa 06a P  | DIG2 seg=0x06 '1'
[    15.184740] S 6Ca 3Fa P  | DIG3 seg=0x3F '0'
[    15.185034] S 6Ea 00a P  | DIG4 seg=0x00 ' '
[    15.185312] S 4Fa 17a P  | KEY released/idle
[    15.383992] S 68a 06a P  | DIG1 seg=0x06 '1'
[    15.384271] S 6Aa 06a P  | DIG2 seg=0x06 '1'
[    15.384564] S 6Ca 3Fa P  | DIG3 seg=0x3F '0'
[    15.384844] S 6Ea 00a P  | DIG4 seg=0x00 ' '
[    15.385121] S 4Fa 17a P  | KEY released/idle
[    15.583741] S 68a 06a P  | DIG1 seg=0x06 '1'
[    15.584019] S 6Aa 06a P  | DIG2 seg=0x06 '1'
[    15.584311] S 6Ca 3Fa P  | DIG3 seg=0x3F '0'
[    15.584591] S 6Ea 00a P  | DIG4 seg=0x00 ' '
[    15.584869] S 4Fa 17a P  | KEY released/idle
[    15.783486] S 68a 06a P  | DIG1 seg=0x06 '1'
[    15.783764] S 6Aa 06a P  | DIG2 seg=0x06 '1'
[    15.784056] S 6Ca 3Fa P  | DIG3 seg=0x3F '0'
[    15.784335] S 6Ea 00a P  | DIG4 seg=0x00 ' '
[    15.784629] S 4Fa 17a P  | KEY released/idle
[    15.983314] S 68a 06a P  | DIG1 seg=0x06 '1'
[    15.983606] S 6Aa 3Fa P  | DIG2 seg=0x3F '0'
[    15.983606] >>> DISPLAY: "100 "
[    15.983886] S 6Ca 6Fa P  | DIG3 seg=0x6F '9'
[    15.983886] >>> DISPLAY: "109 "
[    15.984164] S 6Ea 00a P  | DIG4 seg=0x00 ' '
[    15.984457] S 4Fa 17a P  | KEY released/idle
[    16.183004] S 68a 06a P  | DIG1 seg=0x06 '1'
[    16.183282] S 6Aa 3Fa P  | DIG2 seg=0x3F '0'
[    16.183575] S 6Ca 6Fa P  | DIG3 seg=0x6F '9'
[    16.183854] S 6Ea 00a P  | DIG4 seg=0x00 ' '
[    16.184132] S 4Fa 17a P  | KEY released/idle
[    16.382792] S 68a 06a P  | DIG1 seg=0x06 '1'
[    16.383070] S 6Aa 3Fa P  | DIG2 seg=0x3F '0'
[    16.383348] S 6Ca 6Fa P  | DIG3 seg=0x6F '9'
[    16.383641] S 6Ea 00a P  | DIG4 seg=0x00 ' '
[    16.383919] S 4Fa 17a P  | KEY released/idle
[    16.582592] S 68a 06a P  | DIG1 seg=0x06 '1'
[    16.582870] S 6Aa 3Fa P  | DIG2 seg=0x3F '0'
[    16.583150] S 6Ca 6Fa P  | DIG3 seg=0x6F '9'
[    16.583444] S 6Ea 00a P  | DIG4 seg=0x00 ' '
[    16.583722] S 4Fa 17a P  | KEY released/idle
[    16.782306] S 68a 06a P  | DIG1 seg=0x06 '1'
[    16.782584] S 6Aa 3Fa P  | DIG2 seg=0x3F '0'
[    16.782863] S 6Ca 6Fa P  | DIG3 seg=0x6F '9'
[    16.783157] S 6Ea 00a P  | DIG4 seg=0x00 ' '
[    16.783435] S 4Fa 17a P  | KEY released/idle
[    16.982053] S 68a 06a P  | DIG1 seg=0x06 '1'
[    16.982333] S 6Aa 3Fa P  | DIG2 seg=0x3F '0'
[    16.982612] S 6Ca 6Fa P  | DIG3 seg=0x6F '9'
[    16.982906] S 6Ea 00a P  | DIG4 seg=0x00 ' '
[    16.983184] S 4Fa 17a P  | KEY released/idle
[    17.181855] S 68a 06a P  | DIG1 seg=0x06 '1'
[    17.182134] S 6Aa 3Fa P  | DIG2 seg=0x3F '0'
[    17.182414] S 6Ca 7Fa P  | DIG3 seg=0x7F '8'
[    17.182414] >>> DISPLAY: "108 "
[    17.182706] S 6Ea 00a P  | DIG4 seg=0x00 ' '
[    17.182983] S 4Fa 17a P  | KEY released/idle
[    17.381594] S 68a 06a P  | DIG1 seg=0x06 '1'
[    17.381872] S 6Aa 3Fa P  | DIG2 seg=0x3F '0'
[    17.382165] S 6Ca 7Fa P  | DIG3 seg=0x7F '8'
[    17.382443] S 6Ea 00a P  | DIG4 seg=0x00 ' '
[    17.382721] S 4Fa 17a P  | KEY released/idle
[    17.581314] S 68a 06a P  | DIG1 seg=0x06 '1'
[    17.581593] S 6Aa 3Fa P  | DIG2 seg=0x3F '0'
[    17.581884] S 6Ca 7Fa P  | DIG3 seg=0x7F '8'
[    17.582164] S 6Ea 00a P  | DIG4 seg=0x00 ' '
[    17.582442] S 4Fa 17a P  | KEY released/idle
[    17.781073] S 68a 06a P  | DIG1 seg=0x06 '1'
[    17.781353] S 6Aa 3Fa P  | DIG2 seg=0x3F '0'
[    17.781647] S 6Ca 7Fa P  | DIG3 seg=0x7F '8'
[    17.781925] S 6Ea 00a P  | DIG4 seg=0x00 ' '
[    17.782218] S 4Fa 17a P  | KEY released/idle
[    17.980784] S 68a 06a P  | DIG1 seg=0x06 '1'
[    17.981062] S 6Aa 3Fa P  | DIG2 seg=0x3F '0'
[    17.981354] S 6Ca 7Fa P  | DIG3 seg=0x7F '8'
[    17.981634] S 6Ea 00a P  | DIG4 seg=0x00 ' '
[    17.981912] S 4Fa 17a P  | KEY released/idle
[    18.180516] S 68a 06a P  | DIG1 seg=0x06 '1'
[    18.180809] S 6Aa 3Fa P  | DIG2 seg=0x3F '0'
[    18.181087] S 6Ca 7Fa P  | DIG3 seg=0x7F '8'
[    18.181367] S 6Ea 00a P  | DIG4 seg=0x00 ' '
[    18.181658] S 4Fa 17a P  | KEY released/idle
[    18.380307] S 68a 06a P  | DIG1 seg=0x06 '1'
[    18.380600] S 6Aa 3Fa P  | DIG2 seg=0x3F '0'
[    18.380880] S 6Ca 07a P  | DIG3 seg=0x07 '7'
[    18.380880] >>> DISPLAY: "107 "
[    18.381158] S 6Ea 00a P  | DIG4 seg=0x00 ' '
[    18.381450] S 4Fa 17a P  | KEY released/idle
[    18.580034] S 68a 06a P  | DIG1 seg=0x06 '1'
[    18.580326] S 6Aa 3Fa P  | DIG2 seg=0x3F '0'
[    18.580604] S 6Ca 07a P  | DIG3 seg=0x07 '7'
[    18.580885] S 6Ea 00a P  | DIG4 seg=0x00 ' '
[    18.581178] S 4Fa 17a P  | KEY released/idle
[    18.779802] S 68a 06a P  | DIG1 seg=0x06 '1'
[    18.780081] S 6Aa 3Fa P  | DIG2 seg=0x3F '0'
[    18.780360] S 6Ca 07a P  | DIG3 seg=0x07 '7'
[    18.780653] S 6Ea 00a P  | DIG4 seg=0x00 ' '
[    18.780932] S 4Fa 17a P  | KEY released/idle
[    18.979583] S 68a 06a P  | DIG1 seg=0x06 '1'
[    18.979861] S 6Aa 3Fa P  | DIG2 seg=0x3F '0'
[    18.980141] S 6Ca 07a P  | DIG3 seg=0x07 '7'
[    18.980433] S 6Ea 00a P  | DIG4 seg=0x00 ' '
[    18.980712] S 4Fa 17a P  | KEY released/idle
[    19.179283] S 68a 06a P  | DIG1 seg=0x06 '1'
[    19.179578] S 6Aa 3Fa P  | DIG2 seg=0x3F '0'
[    19.179856] S 6Ca 07a P  | DIG3 seg=0x07 '7'
[    19.180136] S 6Ea 00a P  | DIG4 seg=0x00 ' '
[    19.180427] S 4Fa 17a P  | KEY released/idle
[    19.379026] S 68a 06a P  | DIG1 seg=0x06 '1'
[    19.379306] S 6Aa 3Fa P  | DIG2 seg=0x3F '0'
[    19.379585] S 6Ca 07a P  | DIG3 seg=0x07 '7'
[    19.379878] S 6Ea 00a P  | DIG4 seg=0x00 ' '
[    19.380156] S 4Fa 17a P  | KEY released/idle
[    19.578799] S 68a 06a P  | DIG1 seg=0x06 '1'
[    19.579077] S 6Aa 3Fa P  | DIG2 seg=0x3F '0'
[    19.579371] S 6Ca 7Da P  | DIG3 seg=0x7D '6'
[    19.579371] >>> DISPLAY: "106 "
[    19.579649] S 6Ea 00a P  | DIG4 seg=0x00 ' '
[    19.579927] S 4Fa 17a P  | KEY released/idle
[    19.778474] S 68a 06a P  | DIG1 seg=0x06 '1'
[    19.778752] S 6Aa 3Fa P  | DIG2 seg=0x3F '0'
[    19.779045] S 6Ca 7Da P  | DIG3 seg=0x7D '6'
[    19.779324] S 6Ea 00a P  | DIG4 seg=0x00 ' '
[    19.779602] S 4Fa 17a P  | KEY released/idle
[    19.978174] S 68a 06a P  | DIG1 seg=0x06 '1'
[    19.978454] S 6Aa 3Fa P  | DIG2 seg=0x3F '0'
[    19.978746] S 6Ca 7Da P  | DIG3 seg=0x7D '6'
[    19.979026] S 6Ea 00a P  | DIG4 seg=0x00 ' '
[    19.979318] S 4Fa 17a P  | KEY released/idle
[    20.177948] S 68a 06a P  | DIG1 seg=0x06 '1'
[    20.178240] S 6Aa 3Fa P  | DIG2 seg=0x3F '0'
[    20.178519] S 6Ca 7Da P  | DIG3 seg=0x7D '6'
[    20.178797] S 6Ea 00a P  | DIG4 seg=0x00 ' '
[    20.179091] S 4Fa 17a P  | KEY released/idle
[    20.377630] S 68a 06a P  | DIG1 seg=0x06 '1'
[    20.377908] S 6Aa 3Fa P  | DIG2 seg=0x3F '0'
[    20.378187] S 6Ca 7Da P  | DIG3 seg=0x7D '6'
[    20.378481] S 6Ea 00a P  | DIG4 seg=0x00 ' '
[    20.378760] S 4Fa 17a P  | KEY released/idle
[    20.577388] S 68a 06a P  | DIG1 seg=0x06 '1'
[    20.577680] S 6Aa 3Fa P  | DIG2 seg=0x3F '0'
[    20.577959] S 6Ca 7Da P  | DIG3 seg=0x7D '6'
[    20.578253] S 6Ea 00a P  | DIG4 seg=0x00 ' '
[    20.578531] S 4Fa 17a P  | KEY released/idle
[    20.777162] S 68a 06a P  | DIG1 seg=0x06 '1'
[    20.777456] S 6Aa 3Fa P  | DIG2 seg=0x3F '0'
[    20.777737] S 6Ca 6Da P  | DIG3 seg=0x6D '5'
[    20.777737] >>> DISPLAY: "105 "
[    20.778029] S 6Ea 00a P  | DIG4 seg=0x00 ' '
[    20.778307] S 4Fa 17a P  | KEY released/idle
[    20.976872] S 68a 06a P  | DIG1 seg=0x06 '1'
[    20.977146] S P  | MALFORMED: 0 byte(s), expected 2
[    20.977164] S 6Aa 3Fa P  | DIG2 seg=0x3F '0'
[    20.977444] S 6Ca 6Da P  | DIG3 seg=0x6D '5'
[    20.977723] S 6Ea 00a P  | DIG4 seg=0x00 ' '
[    20.978015] S 4Fa 17a P  | KEY released/idle
[    21.176633] S 68a 06a P  | DIG1 seg=0x06 '1'
[    21.176911] S 6Aa 3Fa P  | DIG2 seg=0x3F '0'
[    21.177189] S 6Ca 6Da P  | DIG3 seg=0x6D '5'
[    21.177483] S 6Ea 00a P  | DIG4 seg=0x00 ' '
[    21.177761] S 4Fa 17a P  | KEY released/idle
[    21.376419] S 68a 06a P  | DIG1 seg=0x06 '1'
[    21.376697] S 6Aa 3Fa P  | DIG2 seg=0x3F '0'
[    21.376976] S 6Ca 6Da P  | DIG3 seg=0x6D '5'
[    21.377270] S 6Ea 00a P  | DIG4 seg=0x00 ' '
[    21.377548] S 4Fa 17a P  | KEY released/idle
[    21.576139] S 68a 06a P  | DIG1 seg=0x06 '1'
[    21.576417] S 6Aa 3Fa P  | DIG2 seg=0x3F '0'
[    21.576697] S 6Ca 6Da P  | DIG3 seg=0x6D '5'
[    21.576990] S 6Ea 00a P  | DIG4 seg=0x00 ' '
[    21.577270] S 4Fa 17a P  | KEY released/idle
[    21.775898] S 68a 06a P  | DIG1 seg=0x06 '1'
[    21.776176] S 6Aa 3Fa P  | DIG2 seg=0x3F '0'
[    21.776454] S 6Ca 6Da P  | DIG3 seg=0x6D '5'
[    21.776748] S 6Ea 00a P  | DIG4 seg=0x00 ' '
[    21.777026] S 4Fa 17a P  | KEY released/idle
[    21.975734] S 68a 06a P  | DIG1 seg=0x06 '1'
[    21.976012] S 6Aa 3Fa P  | DIG2 seg=0x3F '0'
[    21.976306] S 6Ca 66a P  | DIG3 seg=0x66 '4'
[    21.976306] >>> DISPLAY: "104 "
[    21.976584] S 6Ea 00a P  | DIG4 seg=0x00 ' '
[    21.976862] S 4Fa 17a P  | KEY released/idle
[    22.175465] S 68a 06a P  | DIG1 seg=0x06 '1'
[    22.175743] S 6Aa 3Fa P  | DIG2 seg=0x3F '0'
[    22.176035] S 6Ca 66a P  | DIG3 seg=0x66 '4'
[    22.176315] S 6Ea 00a P  | DIG4 seg=0x00 ' '
[    22.176593] S 4Fa 17a P  | KEY released/idle
[    22.375203] S 68a 06a P  | DIG1 seg=0x06 '1'
[    22.375481] S 6Aa 3Fa P  | DIG2 seg=0x3F '0'
[    22.375773] S 6Ca 66a P  | DIG3 seg=0x66 '4'
[    22.376054] S 6Ea 00a P  | DIG4 seg=0x00 ' '
[    22.376332] S 4Fa 17a P  | KEY released/idle
[    22.574994] S 68a 06a P  | DIG1 seg=0x06 '1'
[    22.575287] S 6Aa 3Fa P  | DIG2 seg=0x3F '0'
[    22.575567] S 6Ca 66a P  | DIG3 seg=0x66 '4'
[    22.575846] S 6Ea 00a P  | DIG4 seg=0x00 ' '
[    22.576139] S 4Fa 17a P  | KEY released/idle
[    22.774689] S 68a 06a P  | DIG1 seg=0x06 '1'
[    22.774968] S 6Aa 3Fa P  | DIG2 seg=0x3F '0'
[    22.775261] S 6Ca 66a P  | DIG3 seg=0x66 '4'
[    22.775540] S 6Ea 00a P  | DIG4 seg=0x00 ' '
[    22.775818] S 4Fa 17a P  | KEY released/idle
[    22.974419] S 68a 06a P  | DIG1 seg=0x06 '1'
[    22.974713] S 6Aa 3Fa P  | DIG2 seg=0x3F '0'
[    22.974991] S 6Ca 4Fa P  | DIG3 seg=0x4F '3'
[    22.974991] >>> DISPLAY: "103 "
[    22.975270] S 6Ea 00a P  | DIG4 seg=0x00 ' '
[    22.975563] S 4Fa 17a P  | KEY released/idle
[    23.174179] S 68a 06a P  | DIG1 seg=0x06 '1'
[    23.174471] S 6Aa 3Fa P  | DIG2 seg=0x3F '0'
[    23.174750] S 6Ca 4Fa P  | DIG3 seg=0x4F '3'
[    23.175026] S P  | MALFORMED: 0 byte(s), expected 2
[    23.175044] S 6Ea 00a P  | DIG4 seg=0x00 ' '
[    23.175322] S 4Fa 17a P  | KEY released/idle
[    23.373888] S 68a 06a P  | DIG1 seg=0x06 '1'
[    23.374181] S 6Aa 3Fa P  | DIG2 seg=0x3F '0'
[    23.374459] S 6Ca 4Fa P  | DIG3 seg=0x4F '3'
[    23.374738] S 6Ea 00a P  | DIG4 seg=0x00 ' '
[    23.375031] S 4Fa 17a P  | KEY released/idle
[    23.573627] S 68a 06a P  | DIG1 seg=0x06 '1'
[    23.573905] S 6Aa 3Fa P  | DIG2 seg=0x3F '0'
[    23.574184] S 6Ca 4Fa P  | DIG3 seg=0x4F '3'
[    23.574478] S 6Ea 00a P  | DIG4 seg=0x00 ' '
[    23.574756] S 4Fa 17a P  | KEY released/idle
[    23.773406] S 68a 06a P  | DIG1 seg=0x06 '1'
[    23.773684] S 6Aa 3Fa P  | DIG2 seg=0x3F '0'
[    23.773963] S 6Ca 4Fa P  | DIG3 seg=0x4F '3'
[    23.774255] S 6Ea 00a P  | DIG4 seg=0x00 ' '
[    23.774535] S 4Fa 17a P  | KEY released/idle
[    23.973110] S 68a 06a P  | DIG1 seg=0x06 '1'
[    23.973390] S 6Aa 3Fa P  | DIG2 seg=0x3F '0'
[    23.973668] S 6Ca 4Fa P  | DIG3 seg=0x4F '3'
[    23.973961] S 6Ea 00a P  | DIG4 seg=0x00 ' '
[    23.974239] S 4Fa 17a P  | KEY released/idle
[    24.172853] S 68a 06a P  | DIG1 seg=0x06 '1'
[    24.173131] S 6Aa 3Fa P  | DIG2 seg=0x3F '0'
[    24.173423] S 6Ca 5Ba P  | DIG3 seg=0x5B '2'
[    24.173423] >>> DISPLAY: "102 "
[    24.173703] S 6Ea 00a P  | DIG4 seg=0x00 ' '
[    24.173981] S 4Fa 17a P  | KEY released/idle
[    24.372653] S 68a 06a P  | DIG1 seg=0x06 '1'
[    24.372931] S 6Aa 3Fa P  | DIG2 seg=0x3F '0'
[    24.373226] S 6Ca 5Ba P  | DIG3 seg=0x5B '2'
[    24.373506] S 6Ea 00a P  | DIG4 seg=0x00 ' '
[    24.373784] S 4Fa 17a P  | KEY released/idle
[    24.572394] S 68a 06a P  | DIG1 seg=0x06 '1'
[    24.572672] S 6Aa 3Fa P  | DIG2 seg=0x3F '0'
[    24.572965] S 6Ca 5Ba P  | DIG3 seg=0x5B '2'
[    24.573245] S 6Ea 00a P  | DIG4 seg=0x00 ' '
[    24.573523] S 4Fa 17a P  | KEY released/idle
[    24.772115] S 68a 06a P  | DIG1 seg=0x06 '1'
[    24.772394] S 6Aa 3Fa P  | DIG2 seg=0x3F '0'
[    24.772687] S 6Ca 5Ba P  | DIG3 seg=0x5B '2'
[    24.772966] S 6Ea 00a P  | DIG4 seg=0x00 ' '
[    24.773258] S 4Fa 17a P  | KEY released/idle
[    24.971927] S 68a 06a P  | DIG1 seg=0x06 '1'
[    24.972219] S 6Aa 3Fa P  | DIG2 seg=0x3F '0'
[    24.972498] S 6Ca 5Ba P  | DIG3 seg=0x5B '2'
[    24.972776] S 6Ea 00a P  | DIG4 seg=0x00 ' '
[    24.973069] S 4Fa 17a P  | KEY released/idle
[    25.171626] S 68a 06a P  | DIG1 seg=0x06 '1'
[    25.171904] S 6Aa 3Fa P  | DIG2 seg=0x3F '0'
[    25.172197] S 6Ca 5Ba P  | DIG3 seg=0x5B '2'
[    25.172477] S 6Ea 00a P  | DIG4 seg=0x00 ' '
[    25.172755] S 4Fa 17a P  | KEY released/idle
[    25.371373] S 68a 06a P  | DIG1 seg=0x06 '1'
[    25.371651] S 6Aa 3Fa P  | DIG2 seg=0x3F '0'
[    25.371929] S 6Ca 06a P  | DIG3 seg=0x06 '1'
[    25.371929] >>> DISPLAY: "101 "
[    25.372223] S 6Ea 00a P  | DIG4 seg=0x00 ' '
[    25.372501] S 4Fa 17a P  | KEY released/idle
[    25.571126] S 68a 06a P  | DIG1 seg=0x06 '1'
[    25.571420] S 6Aa 3Fa P  | DIG2 seg=0x3F '0'
[    25.571700] S 6Ca 06a P  | DIG3 seg=0x06 '1'
[    25.571978] S 6Ea 00a P  | DIG4 seg=0x00 ' '
[    25.572270] S 4Fa 17a P  | KEY released/idle
[    25.770845] S 68a 06a P  | DIG1 seg=0x06 '1'
[    25.771137] S 6Aa 3Fa P  | DIG2 seg=0x3F '0'
[    25.771417] S 6Ca 06a P  | DIG3 seg=0x06 '1'
[    25.771696] S 6Ea 00a P  | DIG4 seg=0x00 ' '
[    25.771988] S 4Fa 17a P  | KEY released/idle
[    25.970609] S 68a 06a P  | DIG1 seg=0x06 '1'
[    25.970888] S 6Aa 3Fa P  | DIG2 seg=0x3F '0'
[    25.971168] S 6Ca 06a P  | DIG3 seg=0x06 '1'
[    25.971462] S 6Ea 00a P  | DIG4 seg=0x00 ' '
[    25.971740] S 4Fa 17a P  | KEY released/idle
[    26.170395] S 68a 06a P  | DIG1 seg=0x06 '1'
[    26.170673] S 6Aa 3Fa P  | DIG2 seg=0x3F '0'
[    26.170968] S 6Ca 06a P  | DIG3 seg=0x06 '1'
[    26.171247] S 6Ea 00a P  | DIG4 seg=0x00 ' '
[    26.171525] S 4Fa 17a P  | KEY released/idle
[    26.370111] S 68a 06a P  | DIG1 seg=0x06 '1'
[    26.370390] S 6Aa 3Fa P  | DIG2 seg=0x3F '0'
[    26.370668] S 6Ca 06a P  | DIG3 seg=0x06 '1'
[    26.370964] S 6Ea 00a P  | DIG4 seg=0x00 ' '
[    26.371242] S 4Fa 17a P  | KEY released/idle
[    26.569834] S 68a 06a P  | DIG1 seg=0x06 '1'
[    26.570113] S 6Aa 3Fa P  | DIG2 seg=0x3F '0'
[    26.570407] S 6Ca 3Fa P  | DIG3 seg=0x3F '0'
[    26.570407] >>> DISPLAY: "100 "
[    26.570687] S 6Ea 00a P  | DIG4 seg=0x00 ' '
[    26.570965] S 4Fa 17a P  | KEY released/idle
[    26.769614] S 68a 06a P  | DIG1 seg=0x06 '1'
[    26.769892] S 6Aa 3Fa P  | DIG2 seg=0x3F '0'
[    26.770185] S 6Ca 3Fa P  | DIG3 seg=0x3F '0'
[    26.770463] S 6Ea 00a P  | DIG4 seg=0x00 ' '
[    26.770742] S 4Fa 17a P  | KEY released/idle
[    26.969296] S 68a 06a P  | DIG1 seg=0x06 '1'
[    26.969575] S 6Aa 3Fa P  | DIG2 seg=0x3F '0'
[    26.969854] S 6Ca 3Fa P  | DIG3 seg=0x3F '0'
[    26.970147] S 6Ea 00a P  | DIG4 seg=0x00 ' '
[    26.970426] S 4Fa 17a P  | KEY released/idle
[    27.169043] S 68a 06a P  | DIG1 seg=0x06 '1'
[    27.169335] S 6Aa 3Fa P  | DIG2 seg=0x3F '0'
[    27.169615] S 6Ca 3Fa P  | DIG3 seg=0x3F '0'
[    27.169909] S 6Ea 00a P  | DIG4 seg=0x00 ' '
[    27.170187] S 4Fa 17a P  | KEY released/idle
[    27.368833] S 68a 06a P  | DIG1 seg=0x06 '1'
[    27.369128] S 6Aa 3Fa P  | DIG2 seg=0x3F '0'
[    27.369407] S 6Ca 3Fa P  | DIG3 seg=0x3F '0'
[    27.369685] S 6Ea 00a P  | DIG4 seg=0x00 ' '
[    27.369977] S 4Fa 17a P  | KEY released/idle
[    27.568559] S 68a 06a P  | DIG1 seg=0x06 '1'
[    27.568837] S 6Aa 3Fa P  | DIG2 seg=0x3F '0'
[    27.569130] S 6Ca 3Fa P  | DIG3 seg=0x3F '0'
[    27.569412] S 6Ea 00a P  | DIG4 seg=0x00 ' '
[    27.569704] S 4Fa 17a P  | KEY released/idle
[    27.768336] S 68a 3Fa P  | DIG1 seg=0x3F '0'
[    27.768336] >>> DISPLAY: "000 "
[    27.768614] S 6Aa 6Fa P  | DIG2 seg=0x6F '9'
[    27.768614] >>> DISPLAY: "090 "
[    27.768892] S 6Ca 6Fa P  | DIG3 seg=0x6F '9'
[    27.768892] >>> DISPLAY: "099 "
[    27.769185] S 6Ea 00a P  | DIG4 seg=0x00 ' '
[    27.769463] S 4Fa 17a P  | KEY released/idle
[    27.968120] S 68a 3Fa P  | DIG1 seg=0x3F '0'
[    27.968399] S 6Aa 6Fa P  | DIG2 seg=0x6F '9'
[    27.968678] S 6Ca 6Fa P  | DIG3 seg=0x6F '9'
[    27.968970] S 6Ea 00a P  | DIG4 seg=0x00 ' '
[    27.969249] S 4Fa 17a P  | KEY released/idle
[    28.167820] S 68a 3Fa P  | DIG1 seg=0x3F '0'
[    28.168111] S 6Aa 6Fa P  | DIG2 seg=0x6F '9'
[    28.168389] S 6Ca 6Fa P  | DIG3 seg=0x6F '9'
[    28.168670] S 6Ea 00a P  | DIG4 seg=0x00 ' '
[    28.168963] S 4Fa 17a P  | KEY released/idle
[    28.367595] S 68a 3Fa P  | DIG1 seg=0x3F '0'
[    28.367873] S 6Aa 6Fa P  | DIG2 seg=0x6F '9'
[    28.368166] S 6Ca 6Fa P  | DIG3 seg=0x6F '9'
[    28.368445] S 6Ea 00a P  | DIG4 seg=0x00 ' '
[    28.368725] S 4Fa 17a P  | KEY released/idle
[    28.567374] S 68a 3Fa P  | DIG1 seg=0x3F '0'
[    28.567654] S 6Aa 6Fa P  | DIG2 seg=0x6F '9'
[    28.567933] S 6Ca 6Fa P  | DIG3 seg=0x6F '9'
[    28.568225] S 6Ea 00a P  | DIG4 seg=0x00 ' '
[    28.568503] S 4Fa 17a P  | KEY released/idle
[    28.767109] S 68a 3Fa P  | DIG1 seg=0x3F '0'
[    28.767387] S 6Aa 6Fa P  | DIG2 seg=0x6F '9'
[    28.767680] S 6Ca 6Fa P  | DIG3 seg=0x6F '9'
[    28.767958] S 6Ea 00a P  | DIG4 seg=0x00 ' '
[    28.768236] S 4Fa 17a P  | KEY released/idle
[    28.966833] S 68a 3Fa P  | DIG1 seg=0x3F '0'
[    28.967125] S 6Aa 6Fa P  | DIG2 seg=0x6F '9'
[    28.967404] S 6Ca 7Fa P  | DIG3 seg=0x7F '8'
[    28.967404] >>> DISPLAY: "098 "
[    28.967684] S 6Ea 00a P  | DIG4 seg=0x00 ' '
[    28.967976] S 4Fa 17a P  | KEY released/idle
[    29.166614] S 68a 3Fa P  | DIG1 seg=0x3F '0'
[    29.166907] S 6Aa 6Fa P  | DIG2 seg=0x6F '9'
[    29.167186] S 6Ca 7Fa P  | DIG3 seg=0x7F '8'
[    29.167464] S 6Ea 00a P  | DIG4 seg=0x00 ' '
[    29.167757] S 4Fa 17a P  | KEY released/idle
[    29.366324] S 68a 3Fa P  | DIG1 seg=0x3F '0'
[    29.366604] S 6Aa 6Fa P  | DIG2 seg=0x6F '9'
[    29.366897] S 6Ca 7Fa P  | DIG3 seg=0x7F '8'
[    29.367176] S 6Ea 00a P  | DIG4 seg=0x00 ' '
[    29.367454] S 4Fa 17a P  | KEY released/idle
[    29.566053] S 68a 3Fa P  | DIG1 seg=0x3F '0'
[    29.566331] S 6Aa 6Fa P  | DIG2 seg=0x6F '9'
[    29.566609] S 6Ca 7Fa P  | DIG3 seg=0x7F '8'
[    29.566903] S 6Ea 00a P  | DIG4 seg=0x00 ' '
[    29.567181] S 4Fa 17a P  | KEY released/idle
[    29.765786] S 68a 3Fa P  | DIG1 seg=0x3F '0'
[    29.766064] S 6Aa 6Fa P  | DIG2 seg=0x6F '9'
[    29.766344] S 6Ca 7Fa P  | DIG3 seg=0x7F '8'
[    29.766637] S 6Ea 00a P  | DIG4 seg=0x00 ' '
[    29.766916] S 4Fa 17a P  | KEY released/idle
[    29.965428] S 68a 3Fa P  | DIG1 seg=0x3F '0'
[    29.965722] S 6Aa 6Fa P  | DIG2 seg=0x6F '9'
[    29.966000] S 6Ca 7Fa P  | DIG3 seg=0x7F '8'
[    29.966279] S 6Ea 00a P  | DIG4 seg=0x00 ' '
[    29.966572] S 4Fa 17a P  | KEY released/idle
[    30.165141] S 68a 3Fa P  | DIG1 seg=0x3F '0'
[    30.165420] S 6Aa 6Fa P  | DIG2 seg=0x6F '9'
[    30.165698] S 6Ca 07a P  | DIG3 seg=0x07 '7'
[    30.165698] >>> DISPLAY: "097 "
[    30.165991] S 6Ea 00a P  | DIG4 seg=0x00 ' '
[    30.166271] S 4Fa 17a P  | KEY released/idle
[    30.364868] S 68a 3Fa P  | DIG1 seg=0x3F '0'
[    30.365161] S 6Aa 6Fa P  | DIG2 seg=0x6F '9'
[    30.365441] S 6Ca 07a P  | DIG3 seg=0x07 '7'
[    30.365734] S 6Ea 00a P  | DIG4 seg=0x00 ' '
[    30.366012] S 4Fa 17a P  | KEY released/idle
[    30.564585] S P  | MALFORMED: 0 byte(s), expected 2
[    30.564604] S 68a 3Fa P  | DIG1 seg=0x3F '0'
[    30.564882] S 6Aa 6Fa P  | DIG2 seg=0x6F '9'
[    30.565160] S 6Ca 07a P  | DIG3 seg=0x07 '7'
[    30.565454] S 6Ea 00a P  | DIG4 seg=0x00 ' '
[    30.565732] S 4Fa 17a P  | KEY released/idle
[    30.764347] S 68a 3Fa P  | DIG1 seg=0x3F '0'
[    30.764626] S 6Aa 6Fa P  | DIG2 seg=0x6F '9'
[    30.764918] S 6Ca 07a P  | DIG3 seg=0x07 '7'
[    30.765197] S 6Ea 00a P  | DIG4 seg=0x00 ' '
[    30.765475] S 4Fa 17a P  | KEY released/idle
[    30.964155] S 68a 3Fa P  | DIG1 seg=0x3F '0'
[    30.964433] S 6Aa 6Fa P  | DIG2 seg=0x6F '9'
[    30.964727] S 6Ca 07a P  | DIG3 seg=0x07 '7'
[    30.965005] S 6Ea 00a P  | DIG4 seg=0x00 ' '
[    30.965283] S 4Fa 17a P  | KEY released/idle
[    31.163879] S 68a 3Fa P  | DIG1 seg=0x3F '0'
[    31.164158] S 6Aa 6Fa P  | DIG2 seg=0x6F '9'
[    31.164451] S 6Ca 07a P  | DIG3 seg=0x07 '7'
[    31.164730] S 6Ea 00a P  | DIG4 seg=0x00 ' '
[    31.165008] S 4Fa 17a P  | KEY released/idle
[    31.363639] S 68a 3Fa P  | DIG1 seg=0x3F '0'
[    31.363931] S 6Aa 6Fa P  | DIG2 seg=0x6F '9'
[    31.364209] S 6Ca 7Da P  | DIG3 seg=0x7D '6'
[    31.364209] >>> DISPLAY: "096 "
[    31.364490] S 6Ea 00a P  | DIG4 seg=0x00 ' '
[    31.364783] S 4Fa 17a P  | KEY released/idle
[    31.563415] S 68a 3Fa P  | DIG1 seg=0x3F '0'
[    31.563707] S 6Aa 6Fa P  | DIG2 seg=0x6F '9'
[    31.563987] S 6Ca 7Da P  | DIG3 seg=0x7D '6'
[    31.564264] S 6Ea 00a P  | DIG4 seg=0x00 ' '
[    31.564558] S 4Fa 17a P  | KEY released/idle
[    31.763108] S 68a 3Fa P  | DIG1 seg=0x3F '0'
[    31.763388] S 6Aa 6Fa P  | DIG2 seg=0x6F '9'
[    31.763680] S 6Ca 7Da P  | DIG3 seg=0x7D '6'
[    31.763959] S 6Ea 00a P  | DIG4 seg=0x00 ' '
[    31.764238] S 4Fa 17a P  | KEY released/idle
[    31.962866] S 68a 3Fa P  | DIG1 seg=0x3F '0'
[    31.963144] S 6Aa 6Fa P  | DIG2 seg=0x6F '9'
[    31.963422] S 6Ca 7Da P  | DIG3 seg=0x7D '6'
[    31.963716] S 6Ea 00a P  | DIG4 seg=0x00 ' '
[    31.963994] S 4Fa 17a P  | KEY released/idle
[    32.162632] S 68a 3Fa P  | DIG1 seg=0x3F '0'
[    32.162928] S 6Aa 6Fa P  | DIG2 seg=0x6F '9'
[    32.163207] S 6Ca 7Da P  | DIG3 seg=0x7D '6'
[    32.163485] S 6Ea 00a P  | DIG4 seg=0x00 ' '
[    32.163777] S 4Fa 17a P  | KEY released/idle
[    32.362342] S 68a 3Fa P  | DIG1 seg=0x3F '0'
[    32.362634] S 6Aa 6Fa P  | DIG2 seg=0x6F '9'
[    32.362913] S 6Ca 7Da P  | DIG3 seg=0x7D '6'
[    32.363193] S 6Ea 00a P  | DIG4 seg=0x00 ' '
[    32.363485] S 4Fa 17a P  | KEY released/idle
[    32.562117] S 68a 3Fa P  | DIG1 seg=0x3F '0'
[    32.562396] S 6Aa 6Fa P  | DIG2 seg=0x6F '9'
[    32.562676] S 6Ca 6Da P  | DIG3 seg=0x6D '5'
[    32.562676] >>> DISPLAY: "095 "
[    32.562969] S 6Ea 00a P  | DIG4 seg=0x00 ' '
[    32.563247] S 4Fa 17a P  | KEY released/idle
[    32.761915] S 68a 3Fa P  | DIG1 seg=0x3F '0'
[    32.762193] S 6Aa 6Fa P  | DIG2 seg=0x6F '9'
[    32.762472] S 6Ca 6Da P  | DIG3 seg=0x6D '5'
[    32.762765] S 6Ea 00a P  | DIG4 seg=0x00 ' '
[    32.763043] S 4Fa 17a P  | KEY released/idle
[    32.961635] S 68a 3Fa P  | DIG1 seg=0x3F '0'
[    32.961913] S 6Aa 6Fa P  | DIG2 seg=0x6F '9'
[    32.962191] S 6Ca 6Da P  | DIG3 seg=0x6D '5'
[    32.962486] S 6Ea 00a P  | DIG4 seg=0x00 ' '
[    32.962764] S 4Fa 17a P  | KEY released/idle
[    33.161083] S 48a 21a P  | CTRL display=ON sleep=no seg=8 brightness=2
[    33.161361] S 68a 3Fa P  | DIG1 seg=0x3F '0'
[    33.161639] S 6Aa 6Fa P  | DIG2 seg=0x6F '9'
[    33.161932] S 6Ca 6Da P  | DIG3 seg=0x6D '5'
[    33.162214] S 6Ea 00a P  | DIG4 seg=0x00 ' '
[    33.162492] S 4Fa 17a P  | KEY released/idle
[    33.361163] S 68a 3Fa P  | DIG1 seg=0x3F '0'
[    33.361455] S 6Aa 6Fa P  | DIG2 seg=0x6F '9'
[    33.361735] S 6Ca 6Da P  | DIG3 seg=0x6D '5'
[    33.362013] S 6Ea 00a P  | DIG4 seg=0x00 ' '
[    33.362305] S 4Fa 17a P  | KEY released/idle
[    33.560843] S 68a 3Fa P  | DIG1 seg=0x3F '0'
[    33.561121] S 6Aa 6Fa P  | DIG2 seg=0x6F '9'
[    33.561399] S 6Ca 6Da P  | DIG3 seg=0x6D '5'
[    33.561693] S 6Ea 00a P  | DIG4 seg=0x00 ' '
[    33.561970] S 4Fa 17a P  | KEY released/idle
[    33.760585] S 68a 3Fa P  | DIG1 seg=0x3F '0'
[    33.760877] S 6Aa 6Fa P  | DIG2 seg=0x6F '9'
[    33.761155] S 6Ca 66a P  | DIG3 seg=0x66 '4'
[    33.761155] >>> DISPLAY: "094 "
[    33.761434] S 6Ea 00a P  | DIG4 seg=0x00 ' '
[    33.761726] S 4Fa 17a P  | KEY released/idle
[    33.960351] S 68a 3Fa P  | DIG1 seg=0x3F '0'
[    33.960643] S 6Aa 6Fa P  | DIG2 seg=0x6F '9'
[    33.960924] S 6Ca 66a P  | DIG3 seg=0x66 '4'
[    33.961202] S 6Ea 00a P  | DIG4 seg=0x00 ' '
[    33.961495] S 4Fa 17a P  | KEY released/idle
[    34.160030] S 68a 3Fa P  | DIG1 seg=0x3F '0'
[    34.160308] S 6Aa 6Fa P  | DIG2 seg=0x6F '9'
[    34.160603] S 6Ca 66a P  | DIG3 seg=0x66 '4'
[    34.160882] S 6Ea 00a P  | DIG4 seg=0x00 ' '
[    34.161174] S 4Fa 17a P  | KEY released/idle
[    34.359798] S 68a 3Fa P  | DIG1 seg=0x3F '0'
[    34.360077] S 6Aa 6Fa P  | DIG2 seg=0x6F '9'
[    34.360355] S 6Ca 66a P  | DIG3 seg=0x66 '4'
[    34.360648] S 6Ea 00a P  | DIG4 seg=0x00 ' '
[    34.360926] S 4Fa 17a P  | KEY released/idle
[    34.559522] S 68a 3Fa P  | DIG1 seg=0x3F '0'
[    34.559817] S 6Aa 6Fa P  | DIG2 seg=0x6F '9'
[    34.560096] S 6Ca 66a P  | DIG3 seg=0x66 '4'
[    34.560375] S 6Ea 00a P  | DIG4 seg=0x00 ' '
[    34.560667] S 4Fa 17a P  | KEY released/idle
[    34.759221] S 68a 3Fa P  | DIG1 seg=0x3F '0'
[    34.759513] S 6Aa 6Fa P  | DIG2 seg=0x6F '9'
[    34.759791] S 6Ca 4Fa P  | DIG3 seg=0x4F '3'
[    34.759791] >>> DISPLAY: "093 "
[    34.760070] S 6Ea 00a P  | DIG4 seg=0x00 ' '
[    34.760364] S 4Fa 17a P  | KEY released/idle
[    34.958980] S 68a 3Fa P  | DIG1 seg=0x3F '0'
[    34.959258] S 6Aa 6Fa P  | DIG2 seg=0x6F '9'
[    34.959551] S 6Ca 4Fa P  | DIG3 seg=0x4F '3'
[    34.959830] S 6Ea 00a P  | DIG4 seg=0x00 ' '
[    34.960108] S 4Fa 17a P  | KEY released/idle
[    35.158749] S 68a 3Fa P  | DIG1 seg=0x3F '0'
[    35.159027] S 6Aa 6Fa P  | DIG2 seg=0x6F '9'
[    35.159320] S 6Ca 4Fa P  | DIG3 seg=0x4F '3'
[    35.159598] S 6Ea 00a P  | DIG4 seg=0x00 ' '
[    35.159878] S 4Fa 17a P  | KEY released/idle
[    35.358464] S 68a 3Fa P  | DIG1 seg=0x3F '0'
[    35.358744] S 6Aa 6Fa P  | DIG2 seg=0x6F '9'
[    35.359022] S 6Ca 4Fa P  | DIG3 seg=0x4F '3'
[    35.359315] S 6Ea 00a P  | DIG4 seg=0x00 ' '
[    35.359593] S 4Fa 17a P  | KEY released/idle
[    35.558194] S 68a 3Fa P  | DIG1 seg=0x3F '0'
[    35.558474] S 6Aa 6Fa P  | DIG2 seg=0x6F '9'
[    35.558765] S 6Ca 4Fa P  | DIG3 seg=0x4F '3'
[    35.559046] S 6Ea 00a P  | DIG4 seg=0x00 ' '
[    35.559324] S 4Fa 17a P  | KEY released/idle
[    35.757955] S 68a 3Fa P  | DIG1 seg=0x3F '0'
[    35.758233] S 6Aa 6Fa P  | DIG2 seg=0x6F '9'
[    35.758527] S 6Ca 4Fa P  | DIG3 seg=0x4F '3'
[    35.758806] S 6Ea 00a P  | DIG4 seg=0x00 ' '
[    35.759098] S 4Fa 17a P  | KEY released/idle
[    35.957633] S 68a 3Fa P  | DIG1 seg=0x3F '0'
[    35.957911] S 6Aa 6Fa P  | DIG2 seg=0x6F '9'
[    35.958204] S 6Ca 5Ba P  | DIG3 seg=0x5B '2'
[    35.958204] >>> DISPLAY: "092 "
[    35.958483] S 6Ea 00a P  | DIG4 seg=0x00 ' '
[    35.958762] S 4Fa 17a P  | KEY released/idle
[    36.157361] S 68a 3Fa P  | DIG1 seg=0x3F '0'
[    36.157653] S 6Aa 6Fa P  | DIG2 seg=0x6F '9'
[    36.157931] S 6Ca 5Ba P  | DIG3 seg=0x5B '2'
[    36.158212] S 6Ea 00a P  | DIG4 seg=0x00 ' '
[    36.158504] S 4Fa 17a P  | KEY released/idle
[    36.357159] S 68a 3Fa P  | DIG1 seg=0x3F '0'
[    36.357437] S 6Aa 6Fa P  | DIG2 seg=0x6F '9'
[    36.357717] S 6Ca 5Ba P  | DIG3 seg=0x5B '2'
[    36.358010] S 6Ea 00a P  | DIG4 seg=0x00 ' '
[    36.358289] S 4Fa 17a P  | KEY released/idle
[    36.556829] S 68a 3Fa P  | DIG1 seg=0x3F '0'
[    36.557107] S 6Aa 6Fa P  | DIG2 seg=0x6F '9'
[    36.557399] S 6Ca 5Ba P  | DIG3 seg=0x5B '2'
[    36.557678] S 6Ea 00a P  | DIG4 seg=0x00 ' '
[    36.557972] S 4Fa 17a P  | KEY released/idle
[    36.756550] S 68a 3Fa P  | DIG1 seg=0x3F '0'
[    36.756828] S 6Aa 6Fa P  | DIG2 seg=0x6F '9'
[    36.757106] S 6Ca 5Ba P  | DIG3 seg=0x5B '2'
[    36.757400] S 6Ea 00a P  | DIG4 seg=0x00 ' '
[    36.757677] S 4Fa 17a P  | KEY released/idle
[    36.956279] S 68a 3Fa P  | DIG1 seg=0x3F '0'
[    36.956574] S 6Aa 6Fa P  | DIG2 seg=0x6F '9'
[    36.956854] S 6Ca 5Ba P  | DIG3 seg=0x5B '2'
[    36.957145] S 6Ea 00a P  | DIG4 seg=0x00 ' '
[    36.957423] S 4Fa 17a P  | KEY released/idle
[    37.156009] S 68a 3Fa P  | DIG1 seg=0x3F '0'
[    37.156287] S 6Aa 6Fa P  | DIG2 seg=0x6F '9'
[    37.156565] S 6Ca 06a P  | DIG3 seg=0x06 '1'
[    37.156565] >>> DISPLAY: "091 "
[    37.156841] S P  | MALFORMED: 0 byte(s), expected 2
[    37.156858] S 6Ea 00a P  | DIG4 seg=0x00 ' '
[    37.157138] S 4Fa 17a P  | KEY released/idle
[    37.355741] S 68a 3Fa P  | DIG1 seg=0x3F '0'
[    37.356019] S 6Aa 6Fa P  | DIG2 seg=0x6F '9'
[    37.356312] S 6Ca 06a P  | DIG3 seg=0x06 '1'
[    37.356592] S 6Ea 00a P  | DIG4 seg=0x00 ' '
[    37.356870] S 4Fa 17a P  | KEY released/idle
[    37.555497] S 68a 3Fa P  | DIG1 seg=0x3F '0'
[    37.555775] S 6Aa 6Fa P  | DIG2 seg=0x6F '9'
[    37.556069] S 6Ca 06a P  | DIG3 seg=0x06 '1'
[    37.556348] S 6Ea 00a P  | DIG4 seg=0x00 ' '
[    37.556626] S 4Fa 17a P  | KEY released/idle
[    37.755190] S 68a 3Fa P  | DIG1 seg=0x3F '0'
[    37.755468] S 6Aa 6Fa P  | DIG2 seg=0x6F '9'
[    37.755760] S 6Ca 06a P  | DIG3 seg=0x06 '1'
[    37.756040] S 6Ea 00a P  | DIG4 seg=0x00 ' '
[    37.756318] S 4Fa 17a P  | KEY released/idle
[    37.954894] S 68a 3Fa P  | DIG1 seg=0x3F '0'
[    37.955172] S 6Aa 6Fa P  | DIG2 seg=0x6F '9'
[    37.955464] S 6Ca 06a P  | DIG3 seg=0x06 '1'
[    37.955745] S 6Ea 00a P  | DIG4 seg=0x00 ' '
[    37.956025] S 4Fa 17a P  | KEY released/idle
[    38.154674] S 68a 3Fa P  | DIG1 seg=0x3F '0'
[    38.154966] S 6Aa 6Fa P  | DIG2 seg=0x6F '9'
[    38.155247] S 6Ca 06a P  | DIG3 seg=0x06 '1'
[    38.155525] S 6Ea 00a P  | DIG4 seg=0x00 ' '
[    38.155817] S 4Fa 17a P  | KEY released/idle
[    38.354351] S 68a 3Fa P  | DIG1 seg=0x3F '0'
[    38.354631] S 6Aa 6Fa P  | DIG2 seg=0x6F '9'
[    38.354909] S 6Ca 3Fa P  | DIG3 seg=0x3F '0'
[    38.354909] >>> DISPLAY: "090 "
[    38.355202] S 6Ea 00a P  | DIG4 seg=0x00 ' '
[    38.355481] S 4Fa 17a P  | KEY released/idle
[    38.554107] S 68a 3Fa P  | DIG1 seg=0x3F '0'
[    38.554386] S 6Aa 6Fa P  | DIG2 seg=0x6F '9'
[    38.554664] S 6Ca 3Fa P  | DIG3 seg=0x3F '0'
[    38.554958] S 6Ea 00a P  | DIG4 seg=0x00 ' '
[    38.555236] S 4Fa 17a P  | KEY released/idle
[    38.753844] S 68a 3Fa P  | DIG1 seg=0x3F '0'
[    38.754137] S 6Aa 6Fa P  | DIG2 seg=0x6F '9'
[    38.754417] S 6Ca 3Fa P  | DIG3 seg=0x3F '0'
[    38.754691] S P  | MALFORMED: 0 byte(s), expected 2
[    38.754709] S 6Ea 00a P  | DIG4 seg=0x00 ' '
[    38.754987] S 4Fa 17a P  | KEY released/idle
[    38.953515] S 68a 3Fa P  | DIG1 seg=0x3F '0'
[    38.953793] S 6Aa 6Fa P  | DIG2 seg=0x6F '9'
[    38.954087] S 6Ca 3Fa P  | DIG3 seg=0x3F '0'
[    38.954366] S 6Ea 00a P  | DIG4 seg=0x00 ' '
[    38.954659] S 4Fa 17a P  | KEY released/idle
[    39.153244] S 68a 3Fa P  | DIG1 seg=0x3F '0'
[    39.153524] S 6Aa 6Fa P  | DIG2 seg=0x6F '9'
[    39.153802] S 6Ca 3Fa P  | DIG3 seg=0x3F '0'
[    39.154095] S 6Ea 00a P  | DIG4 seg=0x00 ' '
[    39.154373] S 4Fa 17a P  | KEY released/idle
[    39.352993] S 68a 3Fa P  | DIG1 seg=0x3F '0'
[    39.353273] S 6Aa 6Fa P  | DIG2 seg=0x6F '9'
[    39.353552] S 6Ca 3Fa P  | DIG3 seg=0x3F '0'
[    39.353845] S 6Ea 00a P  | DIG4 seg=0x00 ' '
[    39.354123] S 4Fa 17a P  | KEY released/idle
[    39.552679] S 68a 3Fa P  | DIG1 seg=0x3F '0'
[    39.552956] S 6Aa 7Fa P  | DIG2 seg=0x7F '8'
[    39.552956] >>> DISPLAY: "080 "
[    39.553236] S 6Ca 6Fa P  | DIG3 seg=0x6F '9'
[    39.553236] >>> DISPLAY: "089 "
[    39.553530] S 6Ea 00a P  | DIG4 seg=0x00 ' '
[    39.553807] S 4Fa 17a P  | KEY released/idle
[    39.752374] S 68a 3Fa P  | DIG1 seg=0x3F '0'
[    39.752653] S 6Aa 7Fa P  | DIG2 seg=0x7F '8'
[    39.752946] S 6Ca 6Fa P  | DIG3 seg=0x6F '9'
[    39.753226] S 6Ea 00a P  | DIG4 seg=0x00 ' '
[    39.753504] S 4Fa 17a P  | KEY released/idle
[    39.952137] S 68a 3Fa P  | DIG1 seg=0x3F '0'
[    39.952415] S 6Aa 7Fa P  | DIG2 seg=0x7F '8'
[    39.952709] S 6Ca 6Fa P  | DIG3 seg=0x6F '9'
[    39.952987] S 6Ea 00a P  | DIG4 seg=0x00 ' '
[    39.953265] S 4Fa 17a P  | KEY released/idle
[    40.151849] S 68a 3Fa P  | DIG1 seg=0x3F '0'
[    40.152127] S 6Aa 7Fa P  | DIG2 seg=0x7F '8'
[    40.152405] S 6Ca 6Fa P  | DIG3 seg=0x6F '9'
[    40.152698] S 6Ea 00a P  | DIG4 seg=0x00 ' '
[    40.152979] S 4Fa 17a P  | KEY released/idle
[    40.351591] S 68a 3Fa P  | DIG1 seg=0x3F '0'
[    40.351883] S 6Aa 7Fa P  | DIG2 seg=0x7F '8'
[    40.352163] S 6Ca 6Fa P  | DIG3 seg=0x6F '9'
[    40.352442] S 6Ea 00a P  | DIG4 seg=0x00 ' '
[    40.352736] S 4Fa 17a P  | KEY released/idle
[    40.551385] S 68a 3Fa P  | DIG1 seg=0x3F '0'
[    40.551678] S 6Aa 7Fa P  | DIG2 seg=0x7F '8'
[    40.551957] S 6Ca 6Fa P  | DIG3 seg=0x6F '9'
[    40.552235] S 6Ea 00a P  | DIG4 seg=0x00 ' '
[    40.552529] S 4Fa 17a P  | KEY released/idle
[    40.751101] S 68a 3Fa P  | DIG1 seg=0x3F '0'
[    40.751379] S 6Aa 7Fa P  | DIG2 seg=0x7F '8'
[    40.751672] S 6Ca 7Fa P  | DIG3 seg=0x7F '8'
[    40.751672] >>> DISPLAY: "088 "
[    40.751952] S 6Ea 00a P  | DIG4 seg=0x00 ' '
[    40.752230] S 4Fa 17a P  | KEY released/idle
[    40.950868] S 68a 3Fa P  | DIG1 seg=0x3F '0'
[    40.951146] S 6Aa 7Fa P  | DIG2 seg=0x7F '8'
[    40.951424] S 6Ca 7Fa P  | DIG3 seg=0x7F '8'
[    40.951718] S 6Ea 00a P  | DIG4 seg=0x00 ' '
[    40.951996] S 4Fa 17a P  | KEY released/idle
[    41.150646] S 68a 3Fa P  | DIG1 seg=0x3F '0'
[    41.150924] S 6Aa 7Fa P  | DIG2 seg=0x7F '8'
[    41.151203] S 6Ca 7Fa P  | DIG3 seg=0x7F '8'
[    41.151497] S 6Ea 00a P  | DIG4 seg=0x00 ' '
[    41.151775] S 4Fa 17a P  | KEY released/idle
[    41.350336] S 68a 3Fa P  | DIG1 seg=0x3F '0'
[    41.350630] S 6Aa 7Fa P  | DIG2 seg=0x7F '8'
[    41.350908] S 6Ca 7Fa P  | DIG3 seg=0x7F '8'
[    41.351187] S 6Ea 00a P  | DIG4 seg=0x00 ' '
[    41.351480] S 4Fa 17a P  | KEY released/idle
[    41.550085] S 68a 3Fa P  | DIG1 seg=0x3F '0'
[    41.550364] S 6Aa 7Fa P  | DIG2 seg=0x7F '8'
[    41.550644] S 6Ca 7Fa P  | DIG3 seg=0x7F '8'
[    41.550938] S 6Ea 00a P  | DIG4 seg=0x00 ' '
[    41.551216] S 4Fa 17a P  | KEY released/idle
[    41.749865] S 68a 3Fa P  | DIG1 seg=0x3F '0'
[    41.750143] S 6Aa 7Fa P  | DIG2 seg=0x7F '8'
[    41.750422] S 6Ca 7Fa P  | DIG3 seg=0x7F '8'
[    41.750716] S 6Ea 00a P  | DIG4 seg=0x00 ' '
[    41.750994] S 4Fa 17a P  | KEY released/idle
[    41.949582] S 68a 3Fa P  | DIG1 seg=0x3F '0'
[    41.949862] S 6Aa 7Fa P  | DIG2 seg=0x7F '8'
[    41.950155] S 6Ca 07a P  | DIG3 seg=0x07 '7'
[    41.950155] >>> DISPLAY: "087 "
[    41.950433] S 6Ea 00a P  | DIG4 seg=0x00 ' '
[    41.950711] S 4Fa 17a P  | KEY released/idle
[    42.149330] S 68a 3Fa P  | DIG1 seg=0x3F '0'
[    42.149608] S 6Aa 7Fa P  | DIG2 seg=0x7F '8'
[    42.149900] S 6Ca 07a P  | DIG3 seg=0x07 '7'
[    42.150180] S 6Ea 00a P  | DIG4 seg=0x00 ' '
[    42.150458] S 4Fa 17a P  | KEY released/idle
[    42.349108] S 68a 3Fa P  | DIG1 seg=0x3F '0'
[    42.349389] S 6Aa 7Fa P  | DIG2 seg=0x7F '8'
[    42.349683] S 6Ca 07a P  | DIG3 seg=0x07 '7'
[    42.349961] S 6Ea 00a P  | DIG4 seg=0x00 ' '
[    42.350239] S 4Fa 17a P  | KEY released/idle
[    42.548809] S 68a 3Fa P  | DIG1 seg=0x3F '0'
[    42.549087] S 6Aa 7Fa P  | DIG2 seg=0x7F '8'
[    42.549365] S 6Ca 07a P  | DIG3 seg=0x07 '7'
[    42.549660] S 6Ea 00a P  | DIG4 seg=0x00 ' '
[    42.549938] S 4Fa 17a P  | KEY released/idle
[    42.748542] S 68a 3Fa P  | DIG1 seg=0x3F '0'
[    42.748821] S 6Aa 7Fa P  | DIG2 seg=0x7F '8'
[    42.749114] S 6Ca 07a P  | DIG3 seg=0x07 '7'
[    42.749394] S 6Ea 00a P  | DIG4 seg=0x00 ' '
[    42.749686] S 4Fa 17a P  | KEY released/idle
[    42.948339] S 68a 3Fa P  | DIG1 seg=0x3F '0'
[    42.948632] S 6Aa 7Fa P  | DIG2 seg=0x7F '8'
[    42.948912] S 6Ca 07a P  | DIG3 seg=0x07 '7'
[    42.949190] S 6Ea 00a P  | DIG4 seg=0x00 ' '
[    42.949482] S 4Fa 17a P  | KEY released/idle
[    43.147749] S 48a 21a P  | CTRL display=ON sleep=no seg=8 brightness=2
[    43.148027] S 68a 3Fa P  | DIG1 seg=0x3F '0'
[    43.148305] S 6Aa 7Fa P  | DIG2 seg=0x7F '8'
[    43.148597] S 6Ca 7Da P  | DIG3 seg=0x7D '6'
[    43.148597] >>> DISPLAY: "086 "
[    43.148876] S 6Ea 00a P  | DIG4 seg=0x00 ' '
[    43.149157] S 4Fa 17a P  | KEY released/idle
[    43.347741] S 68a 3Fa P  | DIG1 seg=0x3F '0'
[    43.348033] S 6Aa 7Fa P  | DIG2 seg=0x7F '8'
[    43.348312] S 6Ca 7Da P  | DIG3 seg=0x7D '6'
[    43.348606] S 6Ea 00a P  | DIG4 seg=0x00 ' '
[    43.348884] S 4Fa 17a P  | KEY released/idle
[    43.547513] S 68a 3Fa P  | DIG1 seg=0x3F '0'
[    43.547805] S 6Aa 7Fa P  | DIG2 seg=0x7F '8'
[    43.548086] S 6Ca 7Da P  | DIG3 seg=0x7D '6'
[    43.548365] S 6Ea 00a P  | DIG4 seg=0x00 ' '
[    43.548656] S 4Fa 17a P  | KEY released/idle
[    43.747209] S 68a 3Fa P  | DIG1 seg=0x3F '0'
[    43.747503] S 6Aa 7Fa P  | DIG2 seg=0x7F '8'
[    43.747782] S 6Ca 7Da P  | DIG3 seg=0x7D '6'
[    43.748062] S 6Ea 00a P  | DIG4 seg=0x00 ' '
[    43.748354] S 4Fa 17a P  | KEY released/idle
[    43.946947] S 68a 3Fa P  | DIG1 seg=0x3F '0'
[    43.947225] S 6Aa 7Fa P  | DIG2 seg=0x7F '8'
[    43.947519] S 6Ca 7Da P  | DIG3 seg=0x7D '6'
[    43.947799] S 6Ea 00a P  | DIG4 seg=0x00 ' '
[    43.948077] S 4Fa 17a P  | KEY released/idle
[    44.146671] S 68a 3Fa P  | DIG1 seg=0x3F '0'
[    44.146949] S 6Aa 7Fa P  | DIG2 seg=0x7F '8'
[    44.147229] S 6Ca 7Da P  | DIG3 seg=0x7D '6'
[    44.147522] S 6Ea 00a P  | DIG4 seg=0x00 ' '
[    44.147800] S 4Fa 17a P  | KEY released/idle
[    44.346360] S 68a 3Fa P  | DIG1 seg=0x3F '0'
[    44.346638] S 6Aa 7Fa P  | DIG2 seg=0x7F '8'
[    44.346917] S 6Ca 6Da P  | DIG3 seg=0x6D '5'
[    44.346917] >>> DISPLAY: "085 "
[    44.347211] S 6Ea 00a P  | DIG4 seg=0x00 ' '
[    44.347489] S 4Fa 17a P  | KEY released/idle
[    44.546061] S 68a 3Fa P  | DIG1 seg=0x3F '0'
[    44.546339] S 6Aa 7Fa P  | DIG2 seg=0x7F '8'
[    44.546632] S 6Ca 6Da P  | DIG3 seg=0x6D '5'
[    44.546912] S 6Ea 00a P  | DIG4 seg=0x00 ' '
[    44.547190] S 4Fa 17a P  | KEY released/idle
[    44.745820] S 68a 3Fa P  | DIG1 seg=0x3F '0'
[    44.746114] S 6Aa 7Fa P  | DIG2 seg=0x7F '8'
[    44.746393] S 6Ca 6Da P  | DIG3 seg=0x6D '5'
[    44.746671] S 6Ea 00a P  | DIG4 seg=0x00 ' '
[    44.746963] S 4Fa 17a P  | KEY released/idle
[    44.945519] S 68a 3Fa P  | DIG1 seg=0x3F '0'
[    44.945797] S 6Aa 7Fa P  | DIG2 seg=0x7F '8'
[    44.946076] S 6Ca 6Da P  | DIG3 seg=0x6D '5'
[    44.946370] S 6Ea 00a P  | DIG4 seg=0x00 ' '
[    44.946648] S 4Fa 17a P  | KEY released/idle
[    45.145237] S 68a 3Fa P  | DIG1 seg=0x3F '0'
[    45.145528] S 6Aa 7Fa P  | DIG2 seg=0x7F '8'
[    45.145806] S 6Ca 6Da P  | DIG3 seg=0x6D '5'
[    45.146087] S 6Ea 00a P  | DIG4 seg=0x00 ' '
[    45.146380] S 4Fa 17a P  | KEY released/idle
[    45.344985] S 68a 3Fa P  | DIG1 seg=0x3F '0'
[    45.345279] S 6Aa 7Fa P  | DIG2 seg=0x7F '8'
[    45.345558] S 6Ca 6Da P  | DIG3 seg=0x6D '5'
[    45.345836] S 6Ea 00a P  | DIG4 seg=0x00 ' '
[    45.346128] S 4Fa 17a P  | KEY released/idle
[    45.544673] S 68a 3Fa P  | DIG1 seg=0x3F '0'
[    45.544951] S 6Aa 7Fa P  | DIG2 seg=0x7F '8'
[    45.545245] S 6Ca 66a P  | DIG3 seg=0x66 '4'
[    45.545245] >>> DISPLAY: "084 "
[    45.545524] S 6Ea 00a P  | DIG4 seg=0x00 ' '
[    45.545816] S 4Fa 17a P  | KEY released/idle
[    45.744401] S 68a 3Fa P  | DIG1 seg=0x3F '0'
[    45.744680] S 6Aa 7Fa P  | DIG2 seg=0x7F '8'
[    45.744958] S 6Ca 66a P  | DIG3 seg=0x66 '4'
[    45.745252] S 6Ea 00a P  | DIG4 seg=0x00 ' '
[    45.745530] S 4Fa 17a P  | KEY released/idle
[    45.944142] S 68a 3Fa P  | DIG1 seg=0x3F '0'
[    45.944421] S 6Aa 7Fa P  | DIG2 seg=0x7F '8'
[    45.944701] S 6Ca 66a P  | DIG3 seg=0x66 '4'
[    45.944993] S 6Ea 00a P  | DIG4 seg=0x00 ' '
[    45.945271] S 4Fa 17a P  | KEY released/idle
[    46.143821] S 68a 3Fa P  | DIG1 seg=0x3F '0'
[    46.144113] S 6Aa 7Fa P  | DIG2 seg=0x7F '8'
[    46.144391] S 6Ca 66a P  | DIG3 seg=0x66 '4'
[    46.144670] S 6Ea 00a P  | DIG4 seg=0x00 ' '
[    46.144964] S 4Fa 17a P  | KEY released/idle
[    46.343554] S 68a 3Fa P  | DIG1 seg=0x3F '0'
[    46.343833] S 6Aa 7Fa P  | DIG2 seg=0x7F '8'
[    46.344111] S 6Ca 66a P  | DIG3 seg=0x66 '4'
[    46.344405] S 6Ea 00a P  | DIG4 seg=0x00 ' '
[    46.344683] S 4Fa 17a P  | KEY released/idle
[    46.543307] S 68a 3Fa P  | DIG1 seg=0x3F '0'
[    46.543585] S 6Aa 7Fa P  | DIG2 seg=0x7F '8'
[    46.543879] S 6Ca 4Fa P  | DIG3 seg=0x4F '3'
[    46.543879] >>> DISPLAY: "083 "
[    46.544157] S 6Ea 00a P  | DIG4 seg=0x00 ' '
[    46.544434] S 4Fa 17a P  | KEY released/idle
[    46.742963] S 68a 3Fa P  | DIG1 seg=0x3F '0'
[    46.743241] S 6Aa 7Fa P  | DIG2 seg=0x7F '8'
[    46.743532] S 6Ca 4Fa P  | DIG3 seg=0x4F '3'
[    46.743812] S 6Ea 00a P  | DIG4 seg=0x00 ' '
[    46.744090] S 4Fa 17a P  | KEY released/idle
[    46.942651] S 68a 3Fa P  | DIG1 seg=0x3F '0'
[    46.942931] S 6Aa 7Fa P  | DIG2 seg=0x7F '8'
[    46.943222] S 6Ca 4Fa P  | DIG3 seg=0x4F '3'
[    46.943502] S 6Ea 00a P  | DIG4 seg=0x00 ' '
[    46.943795] S 4Fa 17a P  | KEY released/idle
[    47.142392] S 68a 3Fa P  | DIG1 seg=0x3F '0'
[    47.142684] S 6Aa 7Fa P  | DIG2 seg=0x7F '8'
[    47.142965] S 6Ca 4Fa P  | DIG3 seg=0x4F '3'
[    47.143243] S 6Ea 00a P  | DIG4 seg=0x00 ' '
[    47.143535] S 4Fa 17a P  | KEY released/idle
[    47.342039] S 68a 3Fa P  | DIG1 seg=0x3F '0'
[    47.342317] S 6Aa 7Fa P  | DIG2 seg=0x7F '8'
[    47.342609] S 6Ca 4Fa P  | DIG3 seg=0x4F '3'
[    47.342889] S 6Ea 00a P  | DIG4 seg=0x00 ' '
[    47.343166] S 4Fa 17a P  | KEY released/idle
[    47.541733] S 68a 3Fa P  | DIG1 seg=0x3F '0'
[    47.542025] S 6Aa 7Fa P  | DIG2 seg=0x7F '8'
[    47.542304] S 6Ca 4Fa P  | DIG3 seg=0x4F '3'
[    47.542583] S 6Ea 00a P  | DIG4 seg=0x00 ' '
[    47.542875] S 4Fa 17a P  | KEY released/idle
[    47.741490] S 68a 3Fa P  | DIG1 seg=0x3F '0'
[    47.741782] S 6Aa 7Fa P  | DIG2 seg=0x7F '8'
[    47.742062] S 6Ca 5Ba P  | DIG3 seg=0x5B '2'
[    47.742062] >>> DISPLAY: "082 "
[    47.742340] S 6Ea 00a P  | DIG4 seg=0x00 ' '
[    47.742633] S 4Fa 17a P  | KEY released/idle
[    47.941143] S 68a 3Fa P  | DIG1 seg=0x3F '0'
[    47.941421] S 6Aa 7Fa P  | DIG2 seg=0x7F '8'
[    47.941714] S 6Ca 5Ba P  | DIG3 seg=0x5B '2'
[    47.941995] S 6Ea 00a P  | DIG4 seg=0x00 ' '
[    47.942287] S 4Fa 17a P  | KEY released/idle
[    48.140853] S 68a 3Fa P  | DIG1 seg=0x3F '0'
[    48.141131] S 6Aa 7Fa P  | DIG2 seg=0x7F '8'
[    48.141409] S 6Ca 5Ba P  | DIG3 seg=0x5B '2'
[    48.141703] S 6Ea 00a P  | DIG4 seg=0x00 ' '
[    48.141981] S 4Fa 17a P  | KEY released/idle
[    48.340575] S 68a 3Fa P  | DIG1 seg=0x3F '0'
[    48.340854] S 6Aa 7Fa P  | DIG2 seg=0x7F '8'
[    48.341134] S 6Ca 5Ba P  | DIG3 seg=0x5B '2'
[    48.341425] S 6Ea 00a P  | DIG4 seg=0x00 ' '
[    48.341703] S 4Fa 17a P  | KEY released/idle
[    48.540267] S 68a 3Fa P  | DIG1 seg=0x3F '0'
[    48.540544] S 6Aa 7Fa P  | DIG2 seg=0x7F '8'
[    48.540824] S 6Ca 5Ba P  | DIG3 seg=0x5B '2'
[    48.541117] S 6Ea 00a P  | DIG4 seg=0x00 ' '
[    48.541395] S 4Fa 17a P  | KEY released/idle
[    48.739945] S 68a 3Fa P  | DIG1 seg=0x3F '0'
[    48.740223] S 6Aa 7Fa P  | DIG2 seg=0x7F '8'
[    48.740515] S 6Ca 5Ba P  | DIG3 seg=0x5B '2'
[    48.740795] S 6Ea 00a P  | DIG4 seg=0x00 ' '
[    48.741072] S 4Fa 17a P  | KEY released/idle
[    48.939701] S 68a 3Fa P  | DIG1 seg=0x3F '0'
[    48.939979] S 6Aa 7Fa P  | DIG2 seg=0x7F '8'
[    48.940274] S 6Ca 06a P  | DIG3 seg=0x06 '1'
[    48.940274] >>> DISPLAY: "081 "
[    48.940552] S 6Ea 00a P  | DIG4 seg=0x00 ' '
[    48.940830] S 4Fa 17a P  | KEY released/idle
[    49.139367] S 68a 3Fa P  | DIG1 seg=0x3F '0'
[    49.139645] S 6Aa 7Fa P  | DIG2 seg=0x7F '8'
[    49.139923] S 6Ca 06a P  | DIG3 seg=0x06 '1'
[    49.140217] S 6Ea 00a P  | DIG4 seg=0x00 ' '
[    49.140494] S 4Fa 17a P  | KEY released/idle
[    49.339062] S 68a 3Fa P  | DIG1 seg=0x3F '0'
[    49.339354] S 6Aa 7Fa P  | DIG2 seg=0x7F '8'
[    49.339633] S 6Ca 06a P  | DIG3 seg=0x06 '1'
[    49.339914] S 6Ea 00a P  | DIG4 seg=0x00 ' '
[    49.340206] S 4Fa 17a P  | KEY released/idle
[    49.538790] S 68a 3Fa P  | DIG1 seg=0x3F '0'
[    49.539082] S 6Aa 7Fa P  | DIG2 seg=0x7F '8'
[    49.539362] S 6Ca 06a P  | DIG3 seg=0x06 '1'
[    49.539640] S 6Ea 00a P  | DIG4 seg=0x00 ' '
[    49.539932] S 4Fa 17a P  | KEY released/idle
[    49.738432] S 68a 3Fa P  | DIG1 seg=0x3F '0'
[    49.738710] S 6Aa 7Fa P  | DIG2 seg=0x7F '8'
[    49.739002] S 6Ca 06a P  | DIG3 seg=0x06 '1'
[    49.739281] S 6Ea 00a P  | DIG4 seg=0x00 ' '
[    49.739559] S 4Fa 17a P  | KEY released/idle
[    49.938133] S 68a 3Fa P  | DIG1 seg=0x3F '0'
[    49.938411] S 6Aa 7Fa P  | DIG2 seg=0x7F '8'
[    49.938689] S 6Ca 06a P  | DIG3 seg=0x06 '1'
[    49.938982] S 6Ea 00a P  | DIG4 seg=0x00 ' '
[    49.939262] S 4Fa 17a P  | KEY released/idle
[    50.137821] S 68a 3Fa P  | DIG1 seg=0x3F '0'
[    50.138113] S 6Aa 7Fa P  | DIG2 seg=0x7F '8'
[    50.138393] S 6Ca 3Fa P  | DIG3 seg=0x3F '0'
[    50.138393] >>> DISPLAY: "080 "
[    50.138671] S 6Ea 00a P  | DIG4 seg=0x00 ' '
[    50.138963] S 4Fa 17a P  | KEY released/idle
[    50.337494] S 68a 3Fa P  | DIG1 seg=0x3F '0'
[    50.337786] S 6Aa 7Fa P  | DIG2 seg=0x7F '8'
[    50.338064] S 6Ca 3Fa P  | DIG3 seg=0x3F '0'
[    50.338344] S 6Ea 00a P  | DIG4 seg=0x00 ' '
[    50.338637] S 4Fa 17a P  | KEY released/idle
[    50.537206] S 68a 3Fa P  | DIG1 seg=0x3F '0'
[    50.537484] S 6Aa 7Fa P  | DIG2 seg=0x7F '8'
[    50.537775] S 6Ca 3Fa P  | DIG3 seg=0x3F '0'
[    50.538055] S 6Ea 00a P  | DIG4 seg=0x00 ' '
[    50.538334] S 4Fa 17a P  | KEY released/idle
[    50.736903] S 68a 3Fa P  | DIG1 seg=0x3F '0'
[    50.737181] S 6Aa 7Fa P  | DIG2 seg=0x7F '8'
[    50.737460] S 6Ca 3Fa P  | DIG3 seg=0x3F '0'
[    50.737752] S 6Ea 00a P  | DIG4 seg=0x00 ' '
[    50.738030] S 4Fa 17a P  | KEY released/idle
[    50.936559] S 68a 3Fa P  | DIG1 seg=0x3F '0'
[    50.936837] S 6Aa 7Fa P  | DIG2 seg=0x7F '8'
[    50.937115] S 6Ca 3Fa P  | DIG3 seg=0x3F '0'
[    50.937409] S 6Ea 00a P  | DIG4 seg=0x00 ' '
[    50.937688] S 4Fa 17a P  | KEY released/idle
[    51.136244] S 68a 3Fa P  | DIG1 seg=0x3F '0'
[    51.136522] S 6Aa 7Fa P  | DIG2 seg=0x7F '8'
[    51.136800] S 6Ca 3Fa P  | DIG3 seg=0x3F '0'
[    51.137094] S 6Ea 00a P  | DIG4 seg=0x00 ' '
[    51.137371] S 4Fa 17a P  | KEY released/idle
[    51.336006] S 68a 3Fa P  | DIG1 seg=0x3F '0'
[    51.336287] S 6Aa 07a P  | DIG2 seg=0x07 '7'
[    51.336287] >>> DISPLAY: "070 "
[    51.336580] S 6Ca 6Fa P  | DIG3 seg=0x6F '9'
[    51.336580] >>> DISPLAY: "079 "
[    51.336858] S 6Ea 00a P  | DIG4 seg=0x00 ' '
[    51.337136] S 4Fa 17a P  | KEY released/idle
[    51.535691] S 68a 3Fa P  | DIG1 seg=0x3F '0'
[    51.535969] S 6Aa 07a P  | DIG2 seg=0x07 '7'
[    51.536262] S 6Ca 6Fa P  | DIG3 seg=0x6F '9'
[    51.536543] S 6Ea 00a P  | DIG4 seg=0x00 ' '
[    51.536821] S 4Fa 17a P  | KEY released/idle
[    51.735391] S 68a 3Fa P  | DIG1 seg=0x3F '0'
[    51.735683] S 6Aa 07a P  | DIG2 seg=0x07 '7'
[    51.735962] S 6Ca 6Fa P  | DIG3 seg=0x6F '9'
[    51.736241] S 6Ea 00a P  | DIG4 seg=0x00 ' '
[    51.736534] S 4Fa 17a P  | KEY released/idle
[    51.935150] S 68a 3Fa P  | DIG1 seg=0x3F '0'
[    51.935442] S 6Aa 07a P  | DIG2 seg=0x07 '7'
[    51.935722] S 6Ca 6Fa P  | DIG3 seg=0x6F '9'
[    51.936000] S 6Ea 00a P  | DIG4 seg=0x00 ' '
[    51.936292] S 4Fa 17a P  | KEY released/idle
[    52.134817] S 68a 3Fa P  | DIG1 seg=0x3F '0'
[    52.135095] S 6Aa 07a P  | DIG2 seg=0x07 '7'
[    52.135387] S 6Ca 6Fa P  | DIG3 seg=0x6F '9'
[    52.135666] S 6Ea 00a P  | DIG4 seg=0x00 ' '
[    52.135946] S 4Fa 17a P  | KEY released/idle
[    52.334552] S 68a 3Fa P  | DIG1 seg=0x3F '0'
[    52.334830] S 6Aa 07a P  | DIG2 seg=0x07 '7'
[    52.335108] S 6Ca 6Fa P  | DIG3 seg=0x6F '9'
[    52.335403] S 6Ea 00a P  | DIG4 seg=0x00 ' '
[    52.335681] S 4Fa 17a P  | KEY released/idle
[    52.534239] S 68a 3Fa P  | DIG1 seg=0x3F '0'
[    52.534531] S 6Aa 07a P  | DIG2 seg=0x07 '7'
[    52.534810] S 6Ca 7Fa P  | DIG3 seg=0x7F '8'
[    52.534810] >>> DISPLAY: "078 "
[    52.535103] S 6Ea 00a P  | DIG4 seg=0x00 ' '
[    52.535380] S 4Fa 17a P  | KEY released/idle
[    52.733887] S 68a 3Fa P  | DIG1 seg=0x3F '0'
[    52.734179] S 6Aa 07a P  | DIG2 seg=0x07 '7'
[    52.734457] S 6Ca 7Fa P  | DIG3 seg=0x7F '8'
[    52.734737] S 6Ea 00a P  | DIG4 seg=0x00 ' '
[    52.735029] S 4Fa 17a P  | KEY released/idle
[    52.933590] S 68a 3Fa P  | DIG1 seg=0x3F '0'
[    52.933868] S 6Aa 07a P  | DIG2 seg=0x07 '7'
[    52.934161] S 6Ca 7Fa P  | DIG3 seg=0x7F '8'
[    52.934440] S 6Ea 00a P  | DIG4 seg=0x00 ' '
[    52.934718] S 4Fa 17a P  | KEY released/idle
[    53.133312] S 68a 3Fa P  | DIG1 seg=0x3F '0'
[    53.133590] S 6Aa 07a P  | DIG2 seg=0x07 '7'
[    53.133869] S 6Ca 7Fa P  | DIG3 seg=0x7F '8'
[    53.134161] S 6Ea 00a P  | DIG4 seg=0x00 ' '
[    53.134439] S 4Fa 17a P  | KEY released/idle
[    53.332965] S 68a 3Fa P  | DIG1 seg=0x3F '0'
[    53.333242] S 6Aa 07a P  | DIG2 seg=0x07 '7'
[    53.333532] S P  | MALFORMED: 0 byte(s), expected 2
[    53.333537] S 6Ca 7Fa P  | DIG3 seg=0x7F '8'
[    53.333815] S 6Ea 00a P  | DIG4 seg=0x00 ' '
[    53.334093] S 4Fa 17a P  | KEY released/idle
[    53.532606] S 68a 3Fa P  | DIG1 seg=0x3F '0'
[    53.532884] S 6Aa 07a P  | DIG2 seg=0x07 '7'
[    53.533176] S 6Ca 7Fa P  | DIG3 seg=0x7F '8'
[    53.533456] S 6Ea 00a P  | DIG4 seg=0x00 ' '
[    53.533735] S 4Fa 17a P  | KEY released/idle
[    53.732307] S 68a 3Fa P  | DIG1 seg=0x3F '0'
[    53.732586] S 6Aa 07a P  | DIG2 seg=0x07 '7'
[    53.732880] S 6Ca 07a P  | DIG3 seg=0x07 '7'
[    53.732880] >>> DISPLAY: "077 "
[    53.733158] S 6Ea 00a P  | DIG4 seg=0x00 ' '
[    53.733449] S 4Fa 17a P  | KEY released/idle
[    53.931934] S 68a 3Fa P  | DIG1 seg=0x3F '0'
[    53.932212] S 6Aa 07a P  | DIG2 seg=0x07 '7'
[    53.932504] S 6Ca 07a P  | DIG3 seg=0x07 '7'
[    53.932784] S 6Ea 00a P  | DIG4 seg=0x00 ' '
[    53.933062] S 4Fa 17a P  | KEY released/idle
[    54.131589] S 68a 3Fa P  | DIG1 seg=0x3F '0'
[    54.131881] S 6Aa 07a P  | DIG2 seg=0x07 '7'
[    54.132160] S 6Ca 07a P  | DIG3 seg=0x07 '7'
[    54.132439] S 6Ea 00a P  | DIG4 seg=0x00 ' '
[    54.132733] S 4Fa 17a P  | KEY released/idle
[    54.331323] S 68a 3Fa P  | DIG1 seg=0x3F '0'
[    54.331600] S 6Aa 07a P  | DIG2 seg=0x07 '7'
[    54.331881] S 6Ca 07a P  | DIG3 seg=0x07 '7'
[    54.332174] S 6Ea 00a P  | DIG4 seg=0x00 ' '
[    54.332451] S 4Fa 17a P  | KEY released/idle
[    54.530915] S 68a 3Fa P  | DIG1 seg=0x3F '0'
[    54.531193] S 6Aa 07a P  | DIG2 seg=0x07 '7'
[    54.531486] S 6Ca 07a P  | DIG3 seg=0x07 '7'
[    54.531765] S 6Ea 00a P  | DIG4 seg=0x00 ' '
[    54.532043] S 4Fa 17a P  | KEY released/idle
[    54.730587] S 68a 3Fa P  | DIG1 seg=0x3F '0'
[    54.730867] S 6Aa 07a P  | DIG2 seg=0x07 '7'
[    54.731144] S 6Ca 07a P  | DIG3 seg=0x07 '7'
[    54.731438] S 6Ea 00a P  | DIG4 seg=0x00 ' '
[    54.731716] S 4Fa 17a P  | KEY released/idle
[    54.930278] S 68a 3Fa P  | DIG1 seg=0x3F '0'
[    54.930571] S 6Aa 07a P  | DIG2 seg=0x07 '7'
[    54.930850] S 6Ca 7Da P  | DIG3 seg=0x7D '6'
[    54.930850] >>> DISPLAY: "076 "
[    54.931142] S 6Ea 00a P  | DIG4 seg=0x00 ' '
[    54.931420] S 4Fa 17a P  | KEY released/idle
[    55.129973] S 68a 3Fa P  | DIG1 seg=0x3F '0'
[    55.130250] S 6Aa 07a P  | DIG2 seg=0x07 '7'
[    55.130530] S 6Ca 7Da P  | DIG3 seg=0x7D '6'
[    55.130823] S 6Ea 00a P  | DIG4 seg=0x00 ' '
[    55.131101] S 4Fa 17a P  | KEY released/idle
[    55.329630] S 68a 3Fa P  | DIG1 seg=0x3F '0'
[    55.329908] S 6Aa 07a P  | DIG2 seg=0x07 '7'
[    55.330182] S P  | MALFORMED: 0 byte(s), expected 2
[    55.330200] S 6Ca 7Da P  | DIG3 seg=0x7D '6'
[    55.330479] S 6Ea 00a P  | DIG4 seg=0x00 ' '
[    55.330757] S 4Fa 17a P  | KEY released/idle
[    55.529347] S 68a 3Fa P  | DIG1 seg=0x3F '0'
[    55.529624] S 6Aa 07a P  | DIG2 seg=0x07 '7'
[    55.529905] S 6Ca 7Da P  | DIG3 seg=0x7D '6'
[    55.530197] S 6Ea 00a P  | DIG4 seg=0x00 ' '
[    55.530475] S 4Fa 17a P  | KEY released/idle
[    55.729020] S 68a 3Fa P  | DIG1 seg=0x3F '0'
[    55.729298] S 6Aa 07a P  | DIG2 seg=0x07 '7'
[    55.729590] S 6Ca 7Da P  | DIG3 seg=0x7D '6'
[    55.729869] S 6Ea 00a P  | DIG4 seg=0x00 ' '
[    55.730149] S 4Fa 17a P  | KEY released/idle
[    55.928719] S 68a 3Fa P  | DIG1 seg=0x3F '0'
[    55.929012] S 6Aa 07a P  | DIG2 seg=0x07 '7'
[    55.929290] S 6Ca 7Da P  | DIG3 seg=0x7D '6'
[    55.929569] S 6Ea 00a P  | DIG4 seg=0x00 ' '
[    55.929861] S 4Fa 17a P  | KEY released/idle
[    56.128459] S 68a 3Fa P  | DIG1 seg=0x3F '0'
[    56.128737] S 6Aa 07a P  | DIG2 seg=0x07 '7'
[    56.129031] S 6Ca 6Da P  | DIG3 seg=0x6D '5'
[    56.129031] >>> DISPLAY: "075 "
[    56.129309] S 6Ea 00a P  | DIG4 seg=0x00 ' '
[    56.129587] S 4Fa 17a P  | KEY released/idle
[    56.328128] S 68a 3Fa P  | DIG1 seg=0x3F '0'
[    56.328406] S 6Aa 07a P  | DIG2 seg=0x07 '7'
[    56.328699] S 6Ca 6Da P  | DIG3 seg=0x6D '5'
[    56.328978] S 6Ea 00a P  | DIG4 seg=0x00 ' '
[    56.329257] S 4Fa 17a P  | KEY released/idle
[    56.527863] S 68a 3Fa P  | DIG1 seg=0x3F '0'
[    56.528141] S 6Aa 07a P  | DIG2 seg=0x07 '7'
[    56.528419] S 6Ca 6Da P  | DIG3 seg=0x6D '5'
[    56.528714] S 6Ea 00a P  | DIG4 seg=0x00 ' '
[    56.528993] S 4Fa 17a P  | KEY released/idle
[    56.727605] S 68a 3Fa P  | DIG1 seg=0x3F '0'
[    56.727884] S 6Aa 07a P  | DIG2 seg=0x07 '7'
[    56.728164] S 6Ca 6Da P  | DIG3 seg=0x6D '5'
[    56.728457] S 6Ea 00a P  | DIG4 seg=0x00 ' '
[    56.728735] S 4Fa 17a P  | KEY released/idle
[    56.927259] S 68a 3Fa P  | DIG1 seg=0x3F '0'
[    56.927552] S 6Aa 07a P  | DIG2 seg=0x07 '7'
[    56.927830] S 6Ca 6Da P  | DIG3 seg=0x6D '5'
[    56.928109] S 6Ea 00a P  | DIG4 seg=0x00 ' '
[    56.928401] S 4Fa 17a P  | KEY released/idle
[    57.126977] S 68a 3Fa P  | DIG1 seg=0x3F '0'
[    57.127255] S 6Aa 07a P  | DIG2 seg=0x07 '7'
[    57.127535] S 6Ca 6Da P  | DIG3 seg=0x6D '5'
[    57.127828] S 6Ea 00a P  | DIG4 seg=0x00 ' '
[    57.128107] S 4Fa 17a P  | KEY released/idle
[    57.326736] S 68a 3Fa P  | DIG1 seg=0x3F '0'
[    57.327014] S 6Aa 07a P  | DIG2 seg=0x07 '7'
[    57.327293] S 6Ca 66a P  | DIG3 seg=0x66 '4'
[    57.327293] >>> DISPLAY: "074 "
[    57.327587] S 6Ea 00a P  | DIG4 seg=0x00 ' '
[    57.327865] S 4Fa 17a P  | KEY released/idle
[    57.526398] S 68a 3Fa P  | DIG1 seg=0x3F '0'
[    57.526676] S 6Aa 07a P  | DIG2 seg=0x07 '7'
[    57.526954] S 6Ca 66a P  | DIG3 seg=0x66 '4'
[    57.527248] S 6Ea 00a P  | DIG4 seg=0x00 ' '
[    57.527526] S 4Fa 17a P  | KEY released/idle
[    57.726086] S 68a 3Fa P  | DIG1 seg=0x3F '0'
[    57.726364] S 6Aa 07a P  | DIG2 seg=0x07 '7'
[    57.726656] S 6Ca 66a P  | DIG3 seg=0x66 '4'
[    57.726937] S 6Ea 00a P  | DIG4 seg=0x00 ' '
[    57.727215] S 4Fa 17a P  | KEY released/idle
[    57.925833] S 68a 3Fa P  | DIG1 seg=0x3F '0'
[    57.926111] S 6Aa 07a P  | DIG2 seg=0x07 '7'
[    57.926405] S 6Ca 66a P  | DIG3 seg=0x66 '4'
[    57.926684] S 6Ea 00a P  | DIG4 seg=0x00 ' '
[    57.926962] S 4Fa 17a P  | KEY released/idle
[    58.125496] S 68a 3Fa P  | DIG1 seg=0x3F '0'
[    58.125774] S 6Aa 07a P  | DIG2 seg=0x07 '7'
[    58.126065] S 6Ca 66a P  | DIG3 seg=0x66 '4'
[    58.126345] S 6Ea 00a P  | DIG4 seg=0x00 ' '
[    58.126623] S 4Fa 17a P  | KEY released/idle
[    58.325184] S 68a 3Fa P  | DIG1 seg=0x3F '0'
[    58.325476] S 6Aa 07a P  | DIG2 seg=0x07 '7'
[    58.325754] S 6Ca 66a P  | DIG3 seg=0x66 '4'
[    58.326035] S 6Ea 00a P  | DIG4 seg=0x00 ' '
[    58.326308] S P  | MALFORMED: 0 byte(s), expected 2
[    58.326328] S 4Fa 17a P  | KEY released/idle
[    58.524927] S 68a 3Fa P  | DIG1 seg=0x3F '0'
[    58.525205] S 6Aa 07a P  | DIG2 seg=0x07 '7'
[    58.525499] S 6Ca 4Fa P  | DIG3 seg=0x4F '3'
[    58.525499] >>> DISPLAY: "073 "
[    58.525777] S 6Ea 00a P  | DIG4 seg=0x00 ' '
[    58.526055] S 4Fa 17a P  | KEY released/idle
[    58.724604] S 68a 3Fa P  | DIG1 seg=0x3F '0'
[    58.724882] S 6Aa 07a P  | DIG2 seg=0x07 '7'
[    58.725175] S 6Ca 4Fa P  | DIG3 seg=0x4F '3'
[    58.725454] S 6Ea 00a P  | DIG4 seg=0x00 ' '
[    58.725732] S 4Fa 17a P  | KEY released/idle
[    58.924309] S 68a 3Fa P  | DIG1 seg=0x3F '0'
[    58.924587] S 6Aa 07a P  | DIG2 seg=0x07 '7'
[    58.924866] S 6Ca 4Fa P  | DIG3 seg=0x4F '3'
[    58.925160] S 6Ea 00a P  | DIG4 seg=0x00 ' '
[    58.925438] S 4Fa 17a P  | KEY released/idle
[    59.124006] S 68a 3Fa P  | DIG1 seg=0x3F '0'
[    59.124284] S 6Aa 07a P  | DIG2 seg=0x07 '7'
[    59.124576] S 6Ca 4Fa P  | DIG3 seg=0x4F '3'
[    59.124855] S 6Ea 00a P  | DIG4 seg=0x00 ' '
[    59.125133] S 4Fa 17a P  | KEY released/idle
[    59.323682] S 68a 3Fa P  | DIG1 seg=0x3F '0'
[    59.323974] S 6Aa 07a P  | DIG2 seg=0x07 '7'
[    59.324252] S 6Ca 4Fa P  | DIG3 seg=0x4F '3'
[    59.324531] S 6Ea 00a P  | DIG4 seg=0x00 ' '
[    59.324823] S 4Fa 17a P  | KEY released/idle
[    59.523379] S 68a 3Fa P  | DIG1 seg=0x3F '0'
[    59.523657] S 6Aa 07a P  | DIG2 seg=0x07 '7'
[    59.523935] S 6Ca 4Fa P  | DIG3 seg=0x4F '3'
[    59.524228] S 6Ea 00a P  | DIG4 seg=0x00 ' '
[    59.524507] S 4Fa 17a P  | KEY released/idle
[    59.723030] S 68a 3Fa P  | DIG1 seg=0x3F '0'
[    59.723322] S 6Aa 07a P  | DIG2 seg=0x07 '7'
[    59.723600] S 6Ca 4Fa P  | DIG3 seg=0x4F '3'
[    59.723879] S 6Ea 00a P  | DIG4 seg=0x00 ' '
[    59.724172] S 4Fa 17a P  | KEY released/idle
[    59.922674] S 68a 3Fa P  | DIG1 seg=0x3F '0'
[    59.922952] S 6Aa 07a P  | DIG2 seg=0x07 '7'
[    59.923230] S 6Ca 4Fa P  | DIG3 seg=0x4F '3'
[    59.923523] S 6Ea 00a P  | DIG4 seg=0x00 ' '
[    59.923802] S 4Fa 17a P  | KEY released/idle
[    60.122306] S 68a 3Fa P  | DIG1 seg=0x3F '0'
[    60.122586] S 6Aa 07a P  | DIG2 seg=0x07 '7'
[    60.122878] S 6Ca 4Fa P  | DIG3 seg=0x4F '3'
[    60.123157] S 6Ea 00a P  | DIG4 seg=0x00 ' '
[    60.123435] S 4Fa 17a P  | KEY released/idle
[    60.321997] S 68a 3Fa P  | DIG1 seg=0x3F '0'
[    60.322275] S 6Aa 07a P  | DIG2 seg=0x07 '7'
[    60.322553] S 6Ca 4Fa P  | DIG3 seg=0x4F '3'
[    60.322846] S 6Ea 00a P  | DIG4 seg=0x00 ' '
[    60.323124] S 4Fa 17a P  | KEY released/idle
[    60.521606] S 68a 3Fa P  | DIG1 seg=0x3F '0'
[    60.521884] S 6Aa 07a P  | DIG2 seg=0x07 '7'
[    60.522162] S 6Ca 4Fa P  | DIG3 seg=0x4F '3'
[    60.522456] S 6Ea 00a P  | DIG4 seg=0x00 ' '
[    60.522735] S 4Fa 17a P  | KEY released/idle
[    60.721260] S 68a 3Fa P  | DIG1 seg=0x3F '0'
[    60.721552] S 6Aa 07a P  | DIG2 seg=0x07 '7'
[    60.721830] S 6Ca 4Fa P  | DIG3 seg=0x4F '3'
[    60.722109] S 6Ea 00a P  | DIG4 seg=0x00 ' '
[    60.722401] S 4Fa 17a P  | KEY released/idle
[    60.920958] S 68a 3Fa P  | DIG1 seg=0x3F '0'
[    60.921236] S 6Aa 07a P  | DIG2 seg=0x07 '7'
[    60.921527] S 6Ca 4Fa P  | DIG3 seg=0x4F '3'
[    60.921807] S 6Ea 00a P  | DIG4 seg=0x00 ' '
[    60.922085] S 4Fa 17a P  | KEY released/idle
[    61.120621] S 68a 3Fa P  | DIG1 seg=0x3F '0'
[    61.120899] S 6Aa 07a P  | DIG2 seg=0x07 '7'
[    61.121177] S 6Ca 4Fa P  | DIG3 seg=0x4F '3'
[    61.121471] S 6Ea 00a P  | DIG4 seg=0x00 ' '
[    61.121748] S 4Fa 17a P  | KEY released/idle
[    61.320340] S 68a 3Fa P  | DIG1 seg=0x3F '0'
[    61.320657] S 6Aa 07a P  | DIG2 seg=0x07 '7'
[    61.320955] S 6Ca 4Fa P  | DIG3 seg=0x4F '3'
[    61.321271] S 6Ea 00a P  | DIG4 seg=0x00 ' '
[    61.321588] S 4Fa 17a P  | KEY released/idle
[    61.520014] S 68a 3Fa P  | DIG1 seg=0x3F '0'
[    61.520331] S 6Aa 07a P  | DIG2 seg=0x07 '7'
[    61.520648] S 6Ca 4Fa P  | DIG3 seg=0x4F '3'
[    61.520965] S 6Ea 00a P  | DIG4 seg=0x00 ' '
[    61.521280] S 4Fa 17a P  | KEY released/idle
[    61.719686] S 68a 3Fa P  | DIG1 seg=0x3F '0'
[    61.719983] S 6Aa 07a P  | DIG2 seg=0x07 '7'
[    61.720300] S 6Ca 4Fa P  | DIG3 seg=0x4F '3'
[    61.720617] S 6Ea 00a P  | DIG4 seg=0x00 ' '
[    61.720932] S 4Fa 17a P  | KEY released/idle
[    61.919371] S 68a 3Fa P  | DIG1 seg=0x3F '0'
[    61.919687] S 6Aa 07a P  | DIG2 seg=0x07 '7'
[    61.920005] S 6Ca 4Fa P  | DIG3 seg=0x4F '3'
[    61.920321] S 6Ea 00a P  | DIG4 seg=0x00 ' '
[    61.920618] S 4Fa 17a P  | KEY released/idle
[    62.119066] S 68a 3Fa P  | DIG1 seg=0x3F '0'
[    62.119363] S 6Aa 07a P  | DIG2 seg=0x07 '7'
[    62.119681] S 6Ca 4Fa P  | DIG3 seg=0x4F '3'
[    62.119997] S 6Ea 00a P  | DIG4 seg=0x00 ' '
[    62.120314] S 4Fa 17a P  | KEY released/idle
[    62.318744] S 68a 3Fa P  | DIG1 seg=0x3F '0'
[    62.319061] S 6Aa 07a P  | DIG2 seg=0x07 '7'
[    62.319378] S 6Ca 4Fa P  | DIG3 seg=0x4F '3'
[    62.319676] S 6Ea 00a P  | DIG4 seg=0x00 ' '
[    62.319992] S 4Fa 17a P  | KEY released/idle
[    62.518422] S 68a 3Fa P  | DIG1 seg=0x3F '0'
[    62.518739] S 6Aa 07a P  | DIG2 seg=0x07 '7'
[    62.519056] S 6Ca 4Fa P  | DIG3 seg=0x4F '3'
[    62.519373] S 6Ea 00a P  | DIG4 seg=0x00 ' '
[    62.519670] S 4Fa 17a P  | KEY released/idle
[    62.718129] S 68a 3Fa P  | DIG1 seg=0x3F '0'
[    62.718445] S 6Aa 07a P  | DIG2 seg=0x07 '7'
[    62.718763] S 6Ca 4Fa P  | DIG3 seg=0x4F '3'
[    62.719060] S 6Ea 00a P  | DIG4 seg=0x00 ' '
[    62.719376] S 4Fa 17a P  | KEY released/idle
[    62.917799] S 68a 3Fa P  | DIG1 seg=0x3F '0'
[    62.918115] S 6Aa 07a P  | DIG2 seg=0x07 '7'
[    62.918433] S 6Ca 4Fa P  | DIG3 seg=0x4F '3'
[    62.918749] S 6Ea 00a P  | DIG4 seg=0x00 ' '
[    62.919046] S 4Fa 17a P  | KEY released/idle
[    63.117483] S 68a 3Fa P  | DIG1 seg=0x3F '0'
[    63.117780] S 6Aa 07a P  | DIG2 seg=0x07 '7'
[    63.118099] S 6Ca 4Fa P  | DIG3 seg=0x4F '3'
[    63.118415] S 6Ea 00a P  | DIG4 seg=0x00 ' '
[    63.118731] S 4Fa 17a P  | KEY released/idle
[    63.317188] S 68a 3Fa P  | DIG1 seg=0x3F '0'
[    63.317505] S 6Aa 07a P  | DIG2 seg=0x07 '7'
[    63.317822] S 6Ca 4Fa P  | DIG3 seg=0x4F '3'
[    63.318139] S 6Ea 00a P  | DIG4 seg=0x00 ' '
[    63.318454] S 4Fa 17a P  | KEY released/idle
[    63.516845] S 68a 3Fa P  | DIG1 seg=0x3F '0'
[    63.517161] S 6Aa 07a P  | DIG2 seg=0x07 '7'
[    63.517479] S 6Ca 4Fa P  | DIG3 seg=0x4F '3'
[    63.517795] S 6Ea 00a P  | DIG4 seg=0x00 ' '
[    63.518111] S 4Fa 17a P  | KEY released/idle
[    63.716557] S 68a 3Fa P  | DIG1 seg=0x3F '0'
[    63.716873] S 6Aa 07a P  | DIG2 seg=0x07 '7'
[    63.717191] S 6Ca 4Fa P  | DIG3 seg=0x4F '3'
[    63.717488] S 6Ea 00a P  | DIG4 seg=0x00 ' '
[    63.717804] S 4Fa 17a P  | KEY released/idle
[    63.916232] S 68a 3Fa P  | DIG1 seg=0x3F '0'
[    63.916548] S 6Aa 07a P  | DIG2 seg=0x07 '7'
[    63.916866] S 6Ca 4Fa P  | DIG3 seg=0x4F '3'
[    63.917182] S 6Ea 00a P  | DIG4 seg=0x00 ' '
[    63.917498] S 4Fa 17a P  | KEY released/idle
[    64.115908] S 68a 3Fa P  | DIG1 seg=0x3F '0'
[    64.116205] S 6Aa 07a P  | DIG2 seg=0x07 '7'
[    64.116523] S 6Ca 4Fa P  | DIG3 seg=0x4F '3'
[    64.116839] S 6Ea 00a P  | DIG4 seg=0x00 ' '
[    64.117155] S 4Fa 17a P  | KEY released/idle
[    64.315570] S 68a 3Fa P  | DIG1 seg=0x3F '0'
[    64.315886] S 6Aa 07a P  | DIG2 seg=0x07 '7'
[    64.316203] S 6Ca 4Fa P  | DIG3 seg=0x4F '3'
[    64.316520] S 6Ea 00a P  | DIG4 seg=0x00 ' '
[    64.316817] S 4Fa 17a P  | KEY released/idle
[    64.515259] S 68a 3Fa P  | DIG1 seg=0x3F '0'
[    64.515552] S P  | MALFORMED: 0 byte(s), expected 2
[    64.515575] S 6Aa 07a P  | DIG2 seg=0x07 '7'
[    64.515873] S 6Ca 4Fa P  | DIG3 seg=0x4F '3'
[    64.516190] S 6Ea 00a P  | DIG4 seg=0x00 ' '
[    64.516506] S 4Fa 17a P  | KEY released/idle
[    64.714898] S 68a 3Fa P  | DIG1 seg=0x3F '0'
[    64.715214] S 6Aa 07a P  | DIG2 seg=0x07 '7'
[    64.715532] S 6Ca 4Fa P  | DIG3 seg=0x4F '3'
[    64.715848] S 6Ea 00a P  | DIG4 seg=0x00 ' '
[    64.716145] S 4Fa 17a P  | KEY released/idle
[    64.914533] S 68a 3Fa P  | DIG1 seg=0x3F '0'
[    64.914849] S 6Aa 07a P  | DIG2 seg=0x07 '7'
[    64.915167] S 6Ca 4Fa P  | DIG3 seg=0x4F '3'
[    64.915483] S 6Ea 00a P  | DIG4 seg=0x00 ' '
[    64.915780] S 4Fa 17a P  | KEY released/idle
[    65.114204] S 68a 3Fa P  | DIG1 seg=0x3F '0'
[    65.114520] S 6Aa 07a P  | DIG2 seg=0x07 '7'
[    65.114837] S 6Ca 4Fa P  | DIG3 seg=0x4F '3'
[    65.115154] S 6Ea 00a P  | DIG4 seg=0x00 ' '
[    65.115451] S 4Fa 17a P  | KEY released/idle
[    65.313786] S 68a 3Fa P  | DIG1 seg=0x3F '0'
[    65.314103] S 6Aa 07a P  | DIG2 seg=0x07 '7'
[    65.314420] S 6Ca 4Fa P  | DIG3 seg=0x4F '3'
[    65.314736] S 6Ea 00a P  | DIG4 seg=0x00 ' '
[    65.315033] S 4Fa 17a P  | KEY released/idle
[    65.513439] S 68a 3Fa P  | DIG1 seg=0x3F '0'
[    65.513736] S 6Aa 07a P  | DIG2 seg=0x07 '7'
[    65.514054] S 6Ca 4Fa P  | DIG3 seg=0x4F '3'
[    65.514370] S 6Ea 00a P  | DIG4 seg=0x00 ' '
[    65.514686] S 4Fa 17a P  | KEY released/idle
[    65.713093] S 68a 3Fa P  | DIG1 seg=0x3F '0'
[    65.713409] S 6Aa 07a P  | DIG2 seg=0x07 '7'
[    65.713727] S 6Ca 4Fa P  | DIG3 seg=0x4F '3'
[    65.714042] S 6Ea 00a P  | DIG4 seg=0x00 ' '
[    65.714359] S 4Fa 17a P  | KEY released/idle
[    65.912710] S 68a 3Fa P  | DIG1 seg=0x3F '0'
[    65.913026] S 6Aa 07a P  | DIG2 seg=0x07 '7'
[    65.913344] S 6Ca 4Fa P  | DIG3 seg=0x4F '3'
[    65.913660] S 6Ea 00a P  | DIG4 seg=0x00 ' '
[    65.913977] S 4Fa 17a P  | KEY released/idle
[    66.112361] S 68a 3Fa P  | DIG1 seg=0x3F '0'
[    66.112678] S 6Aa 07a P  | DIG2 seg=0x07 '7'
[    66.112995] S 6Ca 4Fa P  | DIG3 seg=0x4F '3'
[    66.113292] S 6Ea 00a P  | DIG4 seg=0x00 ' '
[    66.113609] S 4Fa 17a P  | KEY released/idle
[    66.312009] S 68a 3Fa P  | DIG1 seg=0x3F '0'
[    66.312325] S 6Aa 07a P  | DIG2 seg=0x07 '7'
[    66.312643] S 6Ca 4Fa P  | DIG3 seg=0x4F '3'
[    66.312959] S 6Ea 00a P  | DIG4 seg=0x00 ' '
[    66.313275] S 4Fa 17a P  | KEY released/idle
[    66.511656] S 68a 3Fa P  | DIG1 seg=0x3F '0'
[    66.511972] S 6Aa 07a P  | DIG2 seg=0x07 '7'
[    66.512271] S 6Ca 4Fa P  | DIG3 seg=0x4F '3'
[    66.512587] S 6Ea 00a P  | DIG4 seg=0x00 ' '
[    66.512903] S 4Fa 17a P  | KEY released/idle
[    66.711304] S 68a 3Fa P  | DIG1 seg=0x3F '0'
[    66.711620] S 6Aa 07a P  | DIG2 seg=0x07 '7'
[    66.711938] S 6Ca 4Fa P  | DIG3 seg=0x4F '3'
[    66.712254] S 6Ea 00a P  | DIG4 seg=0x00 ' '
[    66.712551] S 4Fa 17a P  | KEY released/idle
[    66.910973] S 68a 3Fa P  | DIG1 seg=0x3F '0'
[    66.911290] S 6Aa 07a P  | DIG2 seg=0x07 '7'
[    66.911589] S 6Ca 4Fa P  | DIG3 seg=0x4F '3'
[    66.911905] S 6Ea 00a P  | DIG4 seg=0x00 ' '
[    66.912221] S 4Fa 17a P  | KEY released/idle
[    67.110613] S 68a 3Fa P  | DIG1 seg=0x3F '0'
[    67.110930] S 6Aa 07a P  | DIG2 seg=0x07 '7'
[    67.111247] S 6Ca 4Fa P  | DIG3 seg=0x4F '3'
[    67.111563] S 6Ea 00a P  | DIG4 seg=0x00 ' '
[    67.111861] S 4Fa 17a P  | KEY released/idle
[    67.310243] S 68a 3Fa P  | DIG1 seg=0x3F '0'
[    67.310560] S 6Aa 07a P  | DIG2 seg=0x07 '7'
[    67.310877] S 6Ca 4Fa P  | DIG3 seg=0x4F '3'
[    67.311194] S 6Ea 00a P  | DIG4 seg=0x00 ' '
[    67.311509] S 4Fa 17a P  | KEY released/idle
[    67.509919] S 68a 3Fa P  | DIG1 seg=0x3F '0'
[    67.510234] S 6Aa 07a P  | DIG2 seg=0x07 '7'
[    67.510552] S 6Ca 4Fa P  | DIG3 seg=0x4F '3'
[    67.510868] S 6Ea 00a P  | DIG4 seg=0x00 ' '
[    67.511165] S 4Fa 17a P  | KEY released/idle
[    67.709543] S 68a 3Fa P  | DIG1 seg=0x3F '0'
[    67.709859] S 6Aa 07a P  | DIG2 seg=0x07 '7'
[    67.710177] S 6Ca 4Fa P  | DIG3 seg=0x4F '3'
[    67.710493] S 6Ea 00a P  | DIG4 seg=0x00 ' '
[    67.710790] S 4Fa 17a P  | KEY released/idle
[    67.909209] S 68a 3Fa P  | DIG1 seg=0x3F '0'
[    67.909526] S 6Aa 07a P  | DIG2 seg=0x07 '7'
[    67.909824] S 6Ca 4Fa P  | DIG3 seg=0x4F '3'
[    67.910140] S 6Ea 00a P  | DIG4 seg=0x00 ' '
[    67.910457] S 4Fa 17a P  | KEY released/idle
[    68.108875] S 68a 3Fa P  | DIG1 seg=0x3F '0'
[    68.109192] S 6Aa 07a P  | DIG2 seg=0x07 '7'
[    68.109509] S 6Ca 4Fa P  | DIG3 seg=0x4F '3'
[    68.109826] S 6Ea 00a P  | DIG4 seg=0x00 ' '
[    68.110142] S 4Fa 17a P  | KEY released/idle
[    68.308529] S 68a 3Fa P  | DIG1 seg=0x3F '0'
[    68.308846] S 6Aa 07a P  | DIG2 seg=0x07 '7'
[    68.309163] S 6Ca 4Fa P  | DIG3 seg=0x4F '3'
[    68.309480] S 6Ea 00a P  | DIG4 seg=0x00 ' '
[    68.309796] S 4Fa 17a P  | KEY released/idle
[    68.508229] S 68a 3Fa P  | DIG1 seg=0x3F '0'
[    68.508545] S 6Aa 07a P  | DIG2 seg=0x07 '7'
[    68.508863] S 6Ca 4Fa P  | DIG3 seg=0x4F '3'
[    68.509179] S 6Ea 00a P  | DIG4 seg=0x00 ' '
[    68.509476] S 4Fa 17a P  | KEY released/idle
[    68.707905] S 68a 3Fa P  | DIG1 seg=0x3F '0'
[    68.708203] S 6Aa 07a P  | DIG2 seg=0x07 '7'
[    68.708521] S 6Ca 4Fa P  | DIG3 seg=0x4F '3'
[    68.708836] S 6Ea 00a P  | DIG4 seg=0x00 ' '
[    68.709153] S 4Fa 17a P  | KEY released/idle
[    68.907551] S 68a 3Fa P  | DIG1 seg=0x3F '0'
[    68.907867] S 6Aa 07a P  | DIG2 seg=0x07 '7'
[    68.908184] S 6Ca 4Fa P  | DIG3 seg=0x4F '3'
[    68.908482] S 6Ea 00a P  | DIG4 seg=0x00 ' '
[    68.908798] S 4Fa 17a P  | KEY released/idle
[    69.107210] S 68a 3Fa P  | DIG1 seg=0x3F '0'
[    69.107527] S 6Aa 07a P  | DIG2 seg=0x07 '7'
[    69.107844] S 6Ca 4Fa P  | DIG3 seg=0x4F '3'
[    69.108161] S 6Ea 00a P  | DIG4 seg=0x00 ' '
[    69.108458] S 4Fa 17a P  | KEY released/idle
[    69.306917] S 68a 3Fa P  | DIG1 seg=0x3F '0'
[    69.307232] S 6Aa 07a P  | DIG2 seg=0x07 '7'
[    69.307527] S P  | MALFORMED: 0 byte(s), expected 2
[    69.307550] S 6Ca 4Fa P  | DIG3 seg=0x4F '3'
[    69.307848] S 6Ea 00a P  | DIG4 seg=0x00 ' '
[    69.308163] S 4Fa 17a P  | KEY released/idle
[    69.506578] S 68a 3Fa P  | DIG1 seg=0x3F '0'
[    69.506894] S 6Aa 07a P  | DIG2 seg=0x07 '7'
[    69.507212] S 6Ca 4Fa P  | DIG3 seg=0x4F '3'
[    69.507528] S 6Ea 00a P  | DIG4 seg=0x00 ' '
[    69.507825] S 4Fa 17a P  | KEY released/idle
[    69.706240] S 68a 3Fa P  | DIG1 seg=0x3F '0'
[    69.706556] S 6Aa 07a P  | DIG2 seg=0x07 '7'
[    69.706874] S 6Ca 4Fa P  | DIG3 seg=0x4F '3'
[    69.707190] S 6Ea 00a P  | DIG4 seg=0x00 ' '
[    69.707506] S 4Fa 17a P  | KEY released/idle
[    69.905935] S 68a 3Fa P  | DIG1 seg=0x3F '0'
[    69.906252] S 6Aa 07a P  | DIG2 seg=0x07 '7'
[    69.906569] S 6Ca 4Fa P  | DIG3 seg=0x4F '3'
[    69.906886] S 6Ea 00a P  | DIG4 seg=0x00 ' '
[    69.907202] S 4Fa 17a P  | KEY released/idle
[    70.105572] S 68a 3Fa P  | DIG1 seg=0x3F '0'
[    70.105889] S 6Aa 07a P  | DIG2 seg=0x07 '7'
[    70.106206] S 6Ca 4Fa P  | DIG3 seg=0x4F '3'
[    70.106523] S 6Ea 00a P  | DIG4 seg=0x00 ' '
[    70.106820] S 4Fa 17a P  | KEY released/idle
[    70.305291] S 68a 3Fa P  | DIG1 seg=0x3F '0'
[    70.305607] S 6Aa 07a P  | DIG2 seg=0x07 '7'
[    70.305905] S 6Ca 4Fa P  | DIG3 seg=0x4F '3'
[    70.306222] S 6Ea 00a P  | DIG4 seg=0x00 ' '
[    70.306538] S 4Fa 17a P  | KEY released/idle
[    70.505005] S 68a 3Fa P  | DIG1 seg=0x3F '0'
[    70.505321] S 6Aa 07a P  | DIG2 seg=0x07 '7'
[    70.505639] S 6Ca 4Fa P  | DIG3 seg=0x4F '3'
[    70.505955] S 6Ea 00a P  | DIG4 seg=0x00 ' '
[    70.506272] S 4Fa 17a P  | KEY released/idle
[    70.704709] S 68a 3Fa P  | DIG1 seg=0x3F '0'
[    70.705006] S 6Aa 07a P  | DIG2 seg=0x07 '7'
[    70.705324] S 6Ca 4Fa P  | DIG3 seg=0x4F '3'
[    70.705640] S 6Ea 00a P  | DIG4 seg=0x00 ' '
[    70.705957] S 4Fa 17a P  | KEY released/idle
[    70.904387] S 68a 3Fa P  | DIG1 seg=0x3F '0'
[    70.904704] S 6Aa 07a P  | DIG2 seg=0x07 '7'
[    70.905021] S 6Ca 4Fa P  | DIG3 seg=0x4F '3'
[    70.905338] S 6Ea 00a P  | DIG4 seg=0x00 ' '
[    70.905635] S 4Fa 17a P  | KEY released/idle
[    71.104097] S 68a 3Fa P  | DIG1 seg=0x3F '0'
[    71.104394] S 6Aa 07a P  | DIG2 seg=0x07 '7'
[    71.104712] S 6Ca 4Fa P  | DIG3 seg=0x4F '3'
[    71.105028] S 6Ea 00a P  | DIG4 seg=0x00 ' '
[    71.105344] S 4Fa 17a P  | KEY released/idle
[    71.303762] S 68a 3Fa P  | DIG1 seg=0x3F '0'
[    71.304078] S 6Aa 07a P  | DIG2 seg=0x07 '7'
[    71.304396] S 6Ca 4Fa P  | DIG3 seg=0x4F '3'
[    71.304693] S 6Ea 00a P  | DIG4 seg=0x00 ' '
[    71.305009] S 4Fa 17a P  | KEY released/idle
[    71.503425] S 68a 3Fa P  | DIG1 seg=0x3F '0'
[    71.503741] S 6Aa 07a P  | DIG2 seg=0x07 '7'
[    71.504059] S 6Ca 4Fa P  | DIG3 seg=0x4F '3'
[    71.504375] S 6Ea 00a P  | DIG4 seg=0x00 ' '
[    71.504672] S 4Fa 17a P  | KEY released/idle
[    71.703159] S 68a 3Fa P  | DIG1 seg=0x3F '0'
[    71.703476] S 6Aa 07a P  | DIG2 seg=0x07 '7'
[    71.703793] S 6Ca 4Fa P  | DIG3 seg=0x4F '3'
[    71.704091] S 6Ea 00a P  | DIG4 seg=0x00 ' '
[    71.704407] S 4Fa 17a P  | KEY released/idle
[    71.902811] S 68a 3Fa P  | DIG1 seg=0x3F '0'
[    71.903128] S 6Aa 07a P  | DIG2 seg=0x07 '7'
[    71.903445] S 6Ca 4Fa P  | DIG3 seg=0x4F '3'
[    71.903762] S 6Ea 00a P  | DIG4 seg=0x00 ' '
[    71.904059] S 4Fa 17a P  | KEY released/idle
[    72.102508] S 68a 3Fa P  | DIG1 seg=0x3F '0'
[    72.102805] S 6Aa 07a P  | DIG2 seg=0x07 '7'
[    72.103122] S 6Ca 4Fa P  | DIG3 seg=0x4F '3'
[    72.103439] S 6Ea 00a P  | DIG4 seg=0x00 ' '
[    72.103755] S 4Fa 17a P  | KEY released/idle
[    72.302198] S 68a 3Fa P  | DIG1 seg=0x3F '0'
[    72.302514] S 6Aa 07a P  | DIG2 seg=0x07 '7'
[    72.302832] S 6Ca 4Fa P  | DIG3 seg=0x4F '3'
[    72.303148] S 6Ea 00a P  | DIG4 seg=0x00 ' '
[    72.303464] S 4Fa 17a P  | KEY released/idle
[    72.501851] S 68a 3Fa P  | DIG1 seg=0x3F '0'
[    72.502167] S 6Aa 07a P  | DIG2 seg=0x07 '7'
[    72.502485] S 6Ca 4Fa P  | DIG3 seg=0x4F '3'
[    72.502801] S 6Ea 00a P  | DIG4 seg=0x00 ' '
[    72.503118] S 4Fa 17a P  | KEY released/idle
[    72.701542] S 68a 3Fa P  | DIG1 seg=0x3F '0'
[    72.701858] S 6Aa 07a P  | DIG2 seg=0x07 '7'
[    72.702175] S 6Ca 4Fa P  | DIG3 seg=0x4F '3'
[    72.702473] S 6Ea 00a P  | DIG4 seg=0x00 ' '
[    72.702789] S 4Fa 17a P  | KEY released/idle
[    72.901205] S 68a 3Fa P  | DIG1 seg=0x3F '0'
[    72.901522] S 6Aa 07a P  | DIG2 seg=0x07 '7'
[    72.901839] S 6Ca 4Fa P  | DIG3 seg=0x4F '3'
[    72.902155] S 6Ea 00a P  | DIG4 seg=0x00 ' '
[    72.902471] S 4Fa 17a P  | KEY released/idle
[    73.100867] S 68a 3Fa P  | DIG1 seg=0x3F '0'
[    73.101182] S 6Aa 07a P  | DIG2 seg=0x07 '7'
[    73.101481] S 6Ca 4Fa P  | DIG3 seg=0x4F '3'
[    73.101798] S 6Ea 00a P  | DIG4 seg=0x00 ' '
[    73.102113] S 4Fa 17a P  | KEY released/idle

[RX 0x41 'A']

[LONG PULSE - this starts continuous travel]
[    73.300527] S 68a 3Fa P  | DIG1 seg=0x3F '0'
[    73.300843] S 6Aa 07a P  | DIG2 seg=0x07 '7'
[    73.301161] S 6Ca 4Fa P  | DIG3 seg=0x4F '3'
[    73.301477] S 6Ea 00a P  | DIG4 seg=0x00 ' '
[    73.301774] S 4Fa 47a P  | KEY PRESSED KI1 / DIG4
[    73.301774] >>> KEY PRESSED KI1 / DIG4   <== CHANNEL 1 answered with 0x47
[    73.500254] S 68a 3Fa P  | DIG1 seg=0x3F '0'
[    73.500571] S 6Aa 07a P  | DIG2 seg=0x07 '7'
[    73.500888] S 6Ca 4Fa P  | DIG3 seg=0x4F '3'
[    73.501186] S 6Ea 00a P  | DIG4 seg=0x00 ' '
[    73.501502] S 4Fa 47a P  | KEY PRESSED KI1 / DIG4
[    73.699900] S 68a 3Fa P  | DIG1 seg=0x3F '0'
[    73.700178] S 6Aa 07a P  | DIG2 seg=0x07 '7'
[    73.700456] S 6Ca 4Fa P  | DIG3 seg=0x4F '3'
[    73.700750] S 6Ea 00a P  | DIG4 seg=0x00 ' '
[    73.701028] S 4Fa 47a P  | KEY PRESSED KI1 / DIG4
[    73.899300] S 48a 21a P  | CTRL display=ON sleep=no seg=8 brightness=2
[    73.899578] S 68a 3Fa P  | DIG1 seg=0x3F '0'
[    73.899856] S 6Aa 07a P  | DIG2 seg=0x07 '7'
[    73.900148] S 6Ca 4Fa P  | DIG3 seg=0x4F '3'
[    73.900428] S 6Ea 00a P  | DIG4 seg=0x00 ' '
[    73.900706] S 4Fa 47a P  | KEY PRESSED KI1 / DIG4
[    74.099317] S 68a 3Fa P  | DIG1 seg=0x3F '0'
[    74.099595] S 6Aa 07a P  | DIG2 seg=0x07 '7'
[    74.099888] S 6Ca 4Fa P  | DIG3 seg=0x4F '3'
[    74.100166] S 6Ea 00a P  | DIG4 seg=0x00 ' '
[    74.100444] S 4Fa 47a P  | KEY PRESSED KI1 / DIG4
[    74.298987] S 68a 3Fa P  | DIG1 seg=0x3F '0'
[    74.299265] S 6Aa 07a P  | DIG2 seg=0x07 '7'
[    74.299557] S 6Ca 4Fa P  | DIG3 seg=0x4F '3'
[    74.299836] S 6Ea 00a P  | DIG4 seg=0x00 ' '
[    74.300114] S 4Fa 47a P  | KEY PRESSED KI1 / DIG4
[    74.498710] S 68a 3Fa P  | DIG1 seg=0x3F '0'
[    74.498988] S 6Aa 07a P  | DIG2 seg=0x07 '7'
[    74.499266] S 6Ca 4Fa P  | DIG3 seg=0x4F '3'
[    74.499560] S 6Ea 00a P  | DIG4 seg=0x00 ' '
[    74.499838] S 4Fa 47a P  | KEY PRESSED KI1 / DIG4
[    74.698409] S 68a 3Fa P  | DIG1 seg=0x3F '0'
[    74.698687] S 6Aa 07a P  | DIG2 seg=0x07 '7'
[    74.698981] S 6Ca 4Fa P  | DIG3 seg=0x4F '3'
[    74.699260] S 6Ea 00a P  | DIG4 seg=0x00 ' '
[    74.699538] S 4Fa 47a P  | KEY PRESSED KI1 / DIG4
[    74.898099] S 68a 3Fa P  | DIG1 seg=0x3F '0'
[    74.898392] S 6Aa 07a P  | DIG2 seg=0x07 '7'
[    74.898670] S 6Ca 4Fa P  | DIG3 seg=0x4F '3'
[    74.898949] S 6Ea 00a P  | DIG4 seg=0x00 ' '
[    74.899242] S 4Fa 47a P  | KEY PRESSED KI1 / DIG4
[    75.097816] S 68a 3Fa P  | DIG1 seg=0x3F '0'
[    75.098094] S 6Aa 07a P  | DIG2 seg=0x07 '7'
[    75.098386] S 6Ca 4Fa P  | DIG3 seg=0x4F '3'
[    75.098666] S 6Ea 00a P  | DIG4 seg=0x00 ' '
[    75.098944] S 4Fa 47a P  | KEY PRESSED KI1 / DIG4
[    75.297561] S 68a 3Fa P  | DIG1 seg=0x3F '0'
[    75.297839] S 6Aa 07a P  | DIG2 seg=0x07 '7'
[    75.298119] S 6Ca 66a P  | DIG3 seg=0x66 '4'
[    75.298119] >>> DISPLAY: "074 "
[    75.298411] S 6Ea 00a P  | DIG4 seg=0x00 ' '
[    75.298690] S 4Fa 47a P  | KEY PRESSED KI1 / DIG4
[    75.497197] S 68a 3Fa P  | DIG1 seg=0x3F '0'
[    75.497475] S 6Aa 07a P  | DIG2 seg=0x07 '7'
[    75.497753] S 6Ca 66a P  | DIG3 seg=0x66 '4'
[    75.498046] S 6Ea 00a P  | DIG4 seg=0x00 ' '
[    75.498326] S 4Fa 47a P  | KEY PRESSED KI1 / DIG4
[    75.696878] S 68a 3Fa P  | DIG1 seg=0x3F '0'
[    75.697155] S 6Aa 07a P  | DIG2 seg=0x07 '7'
[    75.697448] S 6Ca 66a P  | DIG3 seg=0x66 '4'
[    75.697727] S 6Ea 00a P  | DIG4 seg=0x00 ' '
[    75.698005] S 4Fa 47a P  | KEY PRESSED KI1 / DIG4

[channel 1 -> GPIO27 pulsed 2800 ms; watching the bus]
[    76.096271] S 68a 3Fa P  | DIG1 seg=0x3F '0'
[    76.096549] S 6Aa 07a P  | DIG2 seg=0x07 '7'
[    76.096841] S 6Ca 66a P  | DIG3 seg=0x66 '4'
[    76.097120] S 6Ea 00a P  | DIG4 seg=0x00 ' '
[    76.097397] S 4Fa 07a P  | KEY released/idle
[    76.097397] >>> KEY released/idle
[    76.295956] S 68a 00a P  | DIG1 seg=0x00 ' '
[    76.295956] >>> DISPLAY: " 74 "
[    76.296248] S 6Aa 00a P  | DIG2 seg=0x00 ' '
[    76.296248] >>> DISPLAY: "  4 "
[    76.296526] S 6Ca 00a P  | DIG3 seg=0x00 ' '
[    76.296526] >>> DISPLAY: "    "
[    76.296806] S 6Ea 00a P  | DIG4 seg=0x00 ' '
[    76.297097] S 4Fa 07a P  | KEY released/idle
[    76.495688] S 68a 3Fa P  | DIG1 seg=0x3F '0'
[    76.495688] >>> DISPLAY: "0   "
[    76.495982] S 6Aa 07a P  | DIG2 seg=0x07 '7'
[    76.495982] >>> DISPLAY: "07  "
[    76.496261] S 6Ca 6Da P  | DIG3 seg=0x6D '5'
[    76.496261] >>> DISPLAY: "075 "
[    76.496539] S 6Ea 00a P  | DIG4 seg=0x00 ' '
[    76.496831] S 4Fa 07a P  | KEY released/idle
[    76.695315] S 68a 3Fa P  | DIG1 seg=0x3F '0'
[    76.695593] S 6Aa 07a P  | DIG2 seg=0x07 '7'
[    76.695886] S 6Ca 6Da P  | DIG3 seg=0x6D '5'
[    76.696165] S 6Ea 00a P  | DIG4 seg=0x00 ' '
[    76.696443] S 4Fa 07a P  | KEY released/idle
[    76.895001] S 68a 00a P  | DIG1 seg=0x00 ' '
[    76.895001] >>> DISPLAY: " 75 "
[    76.895294] S 6Aa 00a P  | DIG2 seg=0x00 ' '
[    76.895294] >>> DISPLAY: "  5 "
[    76.895574] S 6Ca 00a P  | DIG3 seg=0x00 ' '
[    76.895574] >>> DISPLAY: "    "
[    76.895867] S 6Ea 00a P  | DIG4 seg=0x00 ' '
[    76.896145] S 4Fa 07a P  | KEY released/idle
[    77.094728] S 68a 3Fa P  | DIG1 seg=0x3F '0'
[    77.094728] >>> DISPLAY: "0   "
[    77.095020] S 6Aa 07a P  | DIG2 seg=0x07 '7'
[    77.095020] >>> DISPLAY: "07  "
[    77.095299] S 6Ca 6Da P  | DIG3 seg=0x6D '5'
[    77.095299] >>> DISPLAY: "075 "
[    77.095592] S 6Ea 00a P  | DIG4 seg=0x00 ' '
[    77.095870] S 4Fa 07a P  | KEY released/idle
[    77.294401] S 68a 3Fa P  | DIG1 seg=0x3F '0'
[    77.294693] S 6Aa 07a P  | DIG2 seg=0x07 '7'
[    77.294971] S 6Ca 6Da P  | DIG3 seg=0x6D '5'
[    77.295251] S 6Ea 00a P  | DIG4 seg=0x00 ' '
[    77.295543] S 4Fa 07a P  | KEY released/idle
[    77.494090] S 68a 3Fa P  | DIG1 seg=0x3F '0'
[    77.494368] S 6Aa 07a P  | DIG2 seg=0x07 '7'
[    77.494661] S 6Ca 6Da P  | DIG3 seg=0x6D '5'
[    77.494940] S 6Ea 00a P  | DIG4 seg=0x00 ' '
[    77.495218] S 4Fa 07a P  | KEY released/idle
[    77.693791] S P  | MALFORMED: 0 byte(s), expected 2
[    77.693809] S 68a 3Fa P  | DIG1 seg=0x3F '0'
[    77.694087] S 6Aa 07a P  | DIG2 seg=0x07 '7'
[    77.694368] S 6Ca 7Da P  | DIG3 seg=0x7D '6'
[    77.694368] >>> DISPLAY: "076 "
[    77.694660] S 6Ea 00a P  | DIG4 seg=0x00 ' '
[    77.694939] S 4Fa 07a P  | KEY released/idle
[    77.893491] S 68a 3Fa P  | DIG1 seg=0x3F '0'
[    77.893769] S 6Aa 07a P  | DIG2 seg=0x07 '7'
[    77.894047] S 6Ca 7Da P  | DIG3 seg=0x7D '6'
[    77.894340] S 6Ea 00a P  | DIG4 seg=0x00 ' '
[    77.894618] S 4Fa 07a P  | KEY released/idle
[    78.092887] S 48a 21a P  | CTRL display=ON sleep=no seg=8 brightness=2
[    78.093164] S 68a 3Fa P  | DIG1 seg=0x3F '0'
[    78.093444] S 6Aa 07a P  | DIG2 seg=0x07 '7'
[    78.093736] S 6Ca 7Da P  | DIG3 seg=0x7D '6'
[    78.094017] S 6Ea 00a P  | DIG4 seg=0x00 ' '
[    78.094295] S 4Fa 07a P  | KEY released/idle
[    78.292905] S 68a 3Fa P  | DIG1 seg=0x3F '0'
[    78.293183] S 6Aa 07a P  | DIG2 seg=0x07 '7'
[    78.293476] S 6Ca 7Da P  | DIG3 seg=0x7D '6'
[    78.293756] S 6Ea 00a P  | DIG4 seg=0x00 ' '
[    78.294047] S 4Fa 07a P  | KEY released/idle
[    78.492532] S 68a 3Fa P  | DIG1 seg=0x3F '0'
[    78.492810] S 6Aa 07a P  | DIG2 seg=0x07 '7'
[    78.493088] S 6Ca 7Da P  | DIG3 seg=0x7D '6'
[    78.493382] S 6Ea 00a P  | DIG4 seg=0x00 ' '
[    78.493660] S 4Fa 07a P  | KEY released/idle
[    78.692212] S 68a 3Fa P  | DIG1 seg=0x3F '0'
[    78.692505] S 6Aa 07a P  | DIG2 seg=0x07 '7'
[    78.692783] S 6Ca 7Da P  | DIG3 seg=0x7D '6'
[    78.693062] S 6Ea 00a P  | DIG4 seg=0x00 ' '
[    78.693355] S 4Fa 07a P  | KEY released/idle
[    78.891954] S 68a 3Fa P  | DIG1 seg=0x3F '0'
[    78.892232] S 6Aa 07a P  | DIG2 seg=0x07 '7'
[    78.892512] S 6Ca 07a P  | DIG3 seg=0x07 '7'
[    78.892512] >>> DISPLAY: "077 "
[    78.892804] S 6Ea 00a P  | DIG4 seg=0x00 ' '
[    78.893082] S 4Fa 07a P  | KEY released/idle
[    79.091582] S 68a 3Fa P  | DIG1 seg=0x3F '0'
[    79.091856] S P  | MALFORMED: 0 byte(s), expected 2
[    79.091874] S 6Aa 07a P  | DIG2 seg=0x07 '7'
[    79.092152] S 6Ca 07a P  | DIG3 seg=0x07 '7'
[    79.092431] S 6Ea 00a P  | DIG4 seg=0x00 ' '
[    79.092725] S 4Fa 07a P  | KEY released/idle
[    79.291268] S 68a 3Fa P  | DIG1 seg=0x3F '0'
[    79.291546] S 6Aa 07a P  | DIG2 seg=0x07 '7'
[    79.291824] S 6Ca 07a P  | DIG3 seg=0x07 '7'
[    79.292120] S 6Ea 00a P  | DIG4 seg=0x00 ' '
[    79.292398] S 4Fa 07a P  | KEY released/idle
[    79.490921] S 68a 3Fa P  | DIG1 seg=0x3F '0'
[    79.491199] S 6Aa 07a P  | DIG2 seg=0x07 '7'
[    79.491478] S 6Ca 07a P  | DIG3 seg=0x07 '7'
[    79.491771] S 6Ea 00a P  | DIG4 seg=0x00 ' '
[    79.492049] S 4Fa 07a P  | KEY released/idle
[    79.690473] S 68a 3Fa P  | DIG1 seg=0x3F '0'
[    79.690766] S 6Aa 07a P  | DIG2 seg=0x07 '7'
[    79.691043] S 6Ca 07a P  | DIG3 seg=0x07 '7'
[    79.691324] S 6Ea 00a P  | DIG4 seg=0x00 ' '
[    79.691616] S 4Fa 07a P  | KEY released/idle
[    79.890136] S 68a 3Fa P  | DIG1 seg=0x3F '0'
[    79.890414] S 6Aa 07a P  | DIG2 seg=0x07 '7'
[    79.890708] S 6Ca 07a P  | DIG3 seg=0x07 '7'
[    79.890987] S 6Ea 00a P  | DIG4 seg=0x00 ' '
[    79.891266] S 4Fa 07a P  | KEY released/idle
[    80.089855] S 68a 3Fa P  | DIG1 seg=0x3F '0'
[    80.090134] S 6Aa 07a P  | DIG2 seg=0x07 '7'
[    80.090413] S 6Ca 7Fa P  | DIG3 seg=0x7F '8'
[    80.090413] >>> DISPLAY: "078 "
[    80.090706] S 6Ea 00a P  | DIG4 seg=0x00 ' '
[    80.090984] S 4Fa 07a P  | KEY released/idle
[    80.289502] S 68a 3Fa P  | DIG1 seg=0x3F '0'
[    80.289780] S 6Aa 07a P  | DIG2 seg=0x07 '7'
[    80.290059] S 6Ca 7Fa P  | DIG3 seg=0x7F '8'
[    80.290354] S 6Ea 00a P  | DIG4 seg=0x00 ' '
[    80.290632] S 4Fa 07a P  | KEY released/idle
[    80.489185] S 68a 3Fa P  | DIG1 seg=0x3F '0'
[    80.489463] S 6Aa 07a P  | DIG2 seg=0x07 '7'
[    80.489755] S 6Ca 7Fa P  | DIG3 seg=0x7F '8'
[    80.490036] S 6Ea 00a P  | DIG4 seg=0x00 ' '
[    80.490314] S 4Fa 07a P  | KEY released/idle
[    80.688930] S 68a 3Fa P  | DIG1 seg=0x3F '0'
[    80.689222] S 6Aa 07a P  | DIG2 seg=0x07 '7'
[    80.689501] S 6Ca 7Fa P  | DIG3 seg=0x7F '8'
[    80.689781] S 6Ea 00a P  | DIG4 seg=0x00 ' '
[    80.690073] S 4Fa 07a P  | KEY released/idle
[    80.888577] S 68a 3Fa P  | DIG1 seg=0x3F '0'
[    80.888856] S 6Aa 07a P  | DIG2 seg=0x07 '7'
[    80.889134] S 6Ca 7Fa P  | DIG3 seg=0x7F '8'
[    80.889429] S 6Ea 00a P  | DIG4 seg=0x00 ' '
[    80.889707] S 4Fa 07a P  | KEY released/idle
[    81.088264] S 68a 3Fa P  | DIG1 seg=0x3F '0'
[    81.088557] S 6Aa 07a P  | DIG2 seg=0x07 '7'
[    81.088835] S 6Ca 7Fa P  | DIG3 seg=0x7F '8'
[    81.089115] S 6Ea 00a P  | DIG4 seg=0x00 ' '
[    81.089407] S 4Fa 07a P  | KEY released/idle
[    81.288005] S 68a 3Fa P  | DIG1 seg=0x3F '0'
[    81.288297] S 6Aa 07a P  | DIG2 seg=0x07 '7'
[    81.288577] S 6Ca 6Fa P  | DIG3 seg=0x6F '9'
[    81.288577] >>> DISPLAY: "079 "
[    81.288869] S 6Ea 00a P  | DIG4 seg=0x00 ' '
[    81.289147] S 4Fa 07a P  | KEY released/idle
[    81.487631] S 68a 3Fa P  | DIG1 seg=0x3F '0'
[    81.487909] S 6Aa 07a P  | DIG2 seg=0x07 '7'
[    81.488201] S 6Ca 6Fa P  | DIG3 seg=0x6F '9'
[    81.488480] S 6Ea 00a P  | DIG4 seg=0x00 ' '
[    81.488760] S 4Fa 07a P  | KEY released/idle
[    81.687289] S 68a 3Fa P  | DIG1 seg=0x3F '0'
[    81.687567] S 6Aa 07a P  | DIG2 seg=0x07 '7'
[    81.687846] S 6Ca 6Fa P  | DIG3 seg=0x6F '9'
[    81.688139] S 6Ea 00a P  | DIG4 seg=0x00 ' '
[    81.688417] S 4Fa 07a P  | KEY released/idle

[RX 0x31 '1']
[    81.886998] S 68a 3Fa P  | DIG1 seg=0x3F '0'
[    81.887276] S 6Aa 07a P  | DIG2 seg=0x07 '7'
[    81.887555] S 6Ca 6Fa P  | DIG3 seg=0x6F '9'
[    81.887848] S 6Ea 00a P  | DIG4 seg=0x00 ' '
[    81.888126] S 4Fa 47a P  | KEY PRESSED KI1 / DIG4
[    81.888126] >>> KEY PRESSED KI1 / DIG4   <== CHANNEL 1 answered with 0x47
[    82.086618] S 68a 3Fa P  | DIG1 seg=0x3F '0'
[    82.086910] S 6Aa 07a P  | DIG2 seg=0x07 '7'
[    82.087188] S 6Ca 6Fa P  | DIG3 seg=0x6F '9'
[    82.087468] S 6Ea 00a P  | DIG4 seg=0x00 ' '
[    82.087760] S 4Fa 47a P  | KEY PRESSED KI1 / DIG4
[    82.286302] S 68a 3Fa P  | DIG1 seg=0x3F '0'
[    82.286580] S 6Aa 07a P  | DIG2 seg=0x07 '7'
[    82.286858] S 6Ca 6Fa P  | DIG3 seg=0x6F '9'
[    82.287152] S 6Ea 00a P  | DIG4 seg=0x00 ' '
[    82.287430] S 4Fa 47a P  | KEY PRESSED KI1 / DIG4

[channel 1 -> GPIO27 pulsed 800 ms; watching the bus]
[    82.685687] S 68a 3Fa P  | DIG1 seg=0x3F '0'
[    82.686003] S 6Aa 07a P  | DIG2 seg=0x07 '7'
[    82.686321] S 6Ca 6Fa P  | DIG3 seg=0x6F '9'
[    82.686619] S 6Ea 00a P  | DIG4 seg=0x00 ' '
[    82.686934] S 4Fa 07a P  | KEY released/idle
[    82.686934] >>> KEY released/idle
[    82.885343] S 68a 3Fa P  | DIG1 seg=0x3F '0'
[    82.885659] S 6Aa 07a P  | DIG2 seg=0x07 '7'
[    82.885977] S 6Ca 6Fa P  | DIG3 seg=0x6F '9'
[    82.886293] S 6Ea 00a P  | DIG4 seg=0x00 ' '
[    82.886590] S 4Fa 07a P  | KEY released/idle
[    83.085042] S 68a 3Fa P  | DIG1 seg=0x3F '0'
[    83.085358] S 6Aa 07a P  | DIG2 seg=0x07 '7'
[    83.085675] S 6Ca 6Fa P  | DIG3 seg=0x6F '9'
[    83.085992] S 6Ea 00a P  | DIG4 seg=0x00 ' '
[    83.086289] S 4Fa 07a P  | KEY released/idle
[    83.284689] S 68a 3Fa P  | DIG1 seg=0x3F '0'
[    83.285005] S 6Aa 07a P  | DIG2 seg=0x07 '7'
[    83.285323] S 6Ca 6Fa P  | DIG3 seg=0x6F '9'
[    83.285639] S 6Ea 00a P  | DIG4 seg=0x00 ' '
[    83.285936] S 4Fa 07a P  | KEY released/idle
[    83.484381] S 68a 3Fa P  | DIG1 seg=0x3F '0'
[    83.484678] S 6Aa 07a P  | DIG2 seg=0x07 '7'
[    83.484996] S 6Ca 6Fa P  | DIG3 seg=0x6F '9'
[    83.485312] S 6Ea 00a P  | DIG4 seg=0x00 ' '
[    83.485628] S 4Fa 07a P  | KEY released/idle
[    83.684059] S 68a 3Fa P  | DIG1 seg=0x3F '0'
[    83.684375] S 6Aa 07a P  | DIG2 seg=0x07 '7'
[    83.684693] S 6Ca 6Fa P  | DIG3 seg=0x6F '9'
[    83.685009] S 6Ea 00a P  | DIG4 seg=0x00 ' '
[    83.685326] S 4Fa 07a P  | KEY released/idle
[    83.883692] S 68a 3Fa P  | DIG1 seg=0x3F '0'
[    83.884008] S 6Aa 07a P  | DIG2 seg=0x07 '7'
[    83.884326] S 6Ca 6Fa P  | DIG3 seg=0x6F '9'
[    83.884642] S 6Ea 00a P  | DIG4 seg=0x00 ' '
[    83.884959] S 4Fa 07a P  | KEY released/idle
[    84.083377] S 68a 3Fa P  | DIG1 seg=0x3F '0'
[    84.083693] S 6Aa 07a P  | DIG2 seg=0x07 '7'
[    84.084010] S 6Ca 6Fa P  | DIG3 seg=0x6F '9'
[    84.084307] S 6Ea 00a P  | DIG4 seg=0x00 ' '
[    84.084624] S 4Fa 07a P  | KEY released/idle

[RX 0x31 '1']
[    84.283039] S 68a 3Fa P  | DIG1 seg=0x3F '0'
[    84.283355] S 6Aa 07a P  | DIG2 seg=0x07 '7'
[    84.283672] S 6Ca 6Fa P  | DIG3 seg=0x6F '9'
[    84.283989] S 6Ea 00a P  | DIG4 seg=0x00 ' '
[    84.284305] S 4Fa 47a P  | KEY PRESSED KI1 / DIG4
[    84.284305] >>> KEY PRESSED KI1 / DIG4   <== CHANNEL 1 answered with 0x47
[    84.482720] S 68a 3Fa P  | DIG1 seg=0x3F '0'
[    84.483035] S 6Aa 07a P  | DIG2 seg=0x07 '7'
[    84.483353] S 6Ca 6Fa P  | DIG3 seg=0x6F '9'
[    84.483651] S 6Ea 00a P  | DIG4 seg=0x00 ' '
[    84.483966] S 4Fa 47a P  | KEY PRESSED KI1 / DIG4
[    84.682367] S 68a 3Fa P  | DIG1 seg=0x3F '0'
[    84.682682] S 6Aa 07a P  | DIG2 seg=0x07 '7'
[    84.683000] S 6Ca 6Fa P  | DIG3 seg=0x6F '9'
[    84.683316] S 6Ea 00a P  | DIG4 seg=0x00 ' '
[    84.683613] S 4Fa 47a P  | KEY PRESSED KI1 / DIG4

[channel 1 -> GPIO27 pulsed 800 ms; watching the bus]
[    85.081673] S 68a 3Fa P  | DIG1 seg=0x3F '0'
[    85.081951] S 6Aa 7Fa P  | DIG2 seg=0x7F '8'
[    85.081951] >>> DISPLAY: "089 "
[    85.082229] S 6Ca 3Fa P  | DIG3 seg=0x3F '0'
[    85.082229] >>> DISPLAY: "080 "
[    85.082523] S 6Ea 00a P  | DIG4 seg=0x00 ' '
[    85.082801] S 4Fa 07a P  | KEY released/idle
[    85.082801] >>> KEY released/idle
[    85.281345] S 68a 3Fa P  | DIG1 seg=0x3F '0'
[    85.281623] S 6Aa 7Fa P  | DIG2 seg=0x7F '8'
[    85.281916] S 6Ca 3Fa P  | DIG3 seg=0x3F '0'
[    85.282195] S 6Ea 00a P  | DIG4 seg=0x00 ' '
[    85.282473] S 4Fa 07a P  | KEY released/idle
[    85.481072] S 68a 3Fa P  | DIG1 seg=0x3F '0'
[    85.481351] S 6Aa 7Fa P  | DIG2 seg=0x7F '8'
[    85.481629] S 6Ca 3Fa P  | DIG3 seg=0x3F '0'
[    85.481922] S 6Ea 00a P  | DIG4 seg=0x00 ' '
[    85.482200] S 4Fa 07a P  | KEY released/idle
[    85.680705] S 68a 3Fa P  | DIG1 seg=0x3F '0'
[    85.680983] S 6Aa 7Fa P  | DIG2 seg=0x7F '8'
[    85.681261] S 6Ca 3Fa P  | DIG3 seg=0x3F '0'
[    85.681554] S 6Ea 00a P  | DIG4 seg=0x00 ' '
[    85.681832] S 4Fa 07a P  | KEY released/idle
[    85.880411] S 68a 3Fa P  | DIG1 seg=0x3F '0'
[    85.880708] S 6Aa 7Fa P  | DIG2 seg=0x7F '8'
[    85.881026] S 6Ca 3Fa P  | DIG3 seg=0x3F '0'
[    85.881342] S 6Ea 00a P  | DIG4 seg=0x00 ' '
[    85.881658] S 4Fa 07a P  | KEY released/idle
[    86.080082] S 68a 3Fa P  | DIG1 seg=0x3F '0'
[    86.080399] S 6Aa 7Fa P  | DIG2 seg=0x7F '8'
[    86.080716] S 6Ca 3Fa P  | DIG3 seg=0x3F '0'
[    86.081033] S 6Ea 00a P  | DIG4 seg=0x00 ' '
[    86.081348] S 4Fa 07a P  | KEY released/idle
[    86.279752] S 68a 3Fa P  | DIG1 seg=0x3F '0'
[    86.280069] S 6Aa 7Fa P  | DIG2 seg=0x7F '8'
[    86.280386] S 6Ca 3Fa P  | DIG3 seg=0x3F '0'
[    86.280703] S 6Ea 00a P  | DIG4 seg=0x00 ' '
[    86.281019] S 4Fa 07a P  | KEY released/idle
[    86.479454] S 68a 3Fa P  | DIG1 seg=0x3F '0'
[    86.479770] S 6Aa 7Fa P  | DIG2 seg=0x7F '8'
[    86.480088] S 6Ca 3Fa P  | DIG3 seg=0x3F '0'
[    86.480404] S 6Ea 00a P  | DIG4 seg=0x00 ' '
[    86.480701] S 4Fa 07a P  | KEY released/idle
[    86.679133] S 68a 3Fa P  | DIG1 seg=0x3F '0'
[    86.679430] S 6Aa 7Fa P  | DIG2 seg=0x7F '8'
[    86.679749] S 6Ca 3Fa P  | DIG3 seg=0x3F '0'
[    86.680064] S 6Ea 00a P  | DIG4 seg=0x00 ' '
[    86.680381] S 4Fa 07a P  | KEY released/idle
[    86.878790] S 68a 3Fa P  | DIG1 seg=0x3F '0'
[    86.879107] S 6Aa 7Fa P  | DIG2 seg=0x7F '8'
[    86.879406] S 6Ca 3Fa P  | DIG3 seg=0x3F '0'
[    86.879721] S 6Ea 00a P  | DIG4 seg=0x00 ' '
[    86.880038] S 4Fa 07a P  | KEY released/idle
[    87.078453] S 68a 3Fa P  | DIG1 seg=0x3F '0'
[    87.078770] S 6Aa 7Fa P  | DIG2 seg=0x7F '8'
[    87.079087] S 6Ca 3Fa P  | DIG3 seg=0x3F '0'
[    87.079384] S 6Ea 00a P  | DIG4 seg=0x00 ' '
[    87.079701] S 4Fa 07a P  | KEY released/idle
[    87.278156] S 68a 3Fa P  | DIG1 seg=0x3F '0'
[    87.278472] S 6Aa 7Fa P  | DIG2 seg=0x7F '8'
[    87.278790] S 6Ca 3Fa P  | DIG3 seg=0x3F '0'
[    87.279087] S 6Ea 00a P  | DIG4 seg=0x00 ' '
[    87.279403] S 4Fa 07a P  | KEY released/idle

[RX 0x42 'B']

[LONG PULSE - this starts continuous travel]
[    87.477824] S 68a 3Fa P  | DIG1 seg=0x3F '0'
[    87.478140] S 6Aa 7Fa P  | DIG2 seg=0x7F '8'
[    87.478458] S 6Ca 3Fa P  | DIG3 seg=0x3F '0'
[    87.478774] S 6Ea 00a P  | DIG4 seg=0x00 ' '
[    87.479071] S 4Fa 57a P  | KEY PRESSED KI3 / DIG4
[    87.479071] >>> KEY PRESSED KI3 / DIG4   <== CHANNEL 2 answered with 0x57
[    87.677523] S 68a 3Fa P  | DIG1 seg=0x3F '0'
[    87.677842] S 6Aa 7Fa P  | DIG2 seg=0x7F '8'
[    87.678143] S 6Ca 3Fa P  | DIG3 seg=0x3F '0'
[    87.678462] S 6Ea 00a P  | DIG4 seg=0x00 ' '
[    87.678782] S 4Fa 57a P  | KEY PRESSED KI3 / DIG4
[    87.877263] S 68a 3Fa P  | DIG1 seg=0x3F '0'
[    87.877563] S 6Aa 7Fa P  | DIG2 seg=0x7F '8'
[    87.877883] S 6Ca 3Fa P  | DIG3 seg=0x3F '0'
[    87.878203] S 6Ea 00a P  | DIG4 seg=0x00 ' '
[    87.878523] S 4Fa 57a P  | KEY PRESSED KI3 / DIG4
[    88.077890] S 68a 3Fa P  | DIG1 seg=0x3F '0'
[    88.078182] S 6Aa 7Fa P  | DIG2 seg=0x7F '8'
[    88.078460] S 6Ca 3Fa P  | DIG3 seg=0x3F '0'
[    88.078739] S 6Ea 00a P  | DIG4 seg=0x00 ' '
[    88.079031] S 4Fa 57a P  | KEY PRESSED KI3 / DIG4
[    88.277602] S 68a 3Fa P  | DIG1 seg=0x3F '0'
[    88.277881] S 6Aa 7Fa P  | DIG2 seg=0x7F '8'
[    88.278173] S 6Ca 3Fa P  | DIG3 seg=0x3F '0'
[    88.278452] S 6Ea 00a P  | DIG4 seg=0x00 ' '
[    88.278732] S 4Fa 57a P  | KEY PRESSED KI3 / DIG4
[    88.477305] S 68a 3Fa P  | DIG1 seg=0x3F '0'
[    88.477598] S 6Aa 07a P  | DIG2 seg=0x07 '7'
[    88.477598] >>> DISPLAY: "070 "
[    88.477876] S 6Ca 6Fa P  | DIG3 seg=0x6F '9'
[    88.477876] >>> DISPLAY: "079 "
[    88.478169] S 6Ea 00a P  | DIG4 seg=0x00 ' '
[    88.478447] S 4Fa 57a P  | KEY PRESSED KI3 / DIG4
[    88.676980] S 68a 3Fa P  | DIG1 seg=0x3F '0'
[    88.677258] S 6Aa 07a P  | DIG2 seg=0x07 '7'
[    88.677536] S 6Ca 6Fa P  | DIG3 seg=0x6F '9'
[    88.677829] S 6Ea 00a P  | DIG4 seg=0x00 ' '
[    88.678107] S 4Fa 57a P  | KEY PRESSED KI3 / DIG4
[    88.876634] S 68a 3Fa P  | DIG1 seg=0x3F '0'
[    88.876912] S 6Aa 07a P  | DIG2 seg=0x07 '7'
[    88.877205] S 6Ca 6Fa P  | DIG3 seg=0x6F '9'
[    88.877484] S 6Ea 00a P  | DIG4 seg=0x00 ' '
[    88.877764] S 4Fa 57a P  | KEY PRESSED KI3 / DIG4
[    89.076328] S 68a 3Fa P  | DIG1 seg=0x3F '0'
[    89.076606] S 6Aa 07a P  | DIG2 seg=0x07 '7'
[    89.076900] S 6Ca 6Fa P  | DIG3 seg=0x6F '9'
[    89.077178] S 6Ea 00a P  | DIG4 seg=0x00 ' '
[    89.077470] S 4Fa 57a P  | KEY PRESSED KI3 / DIG4
[    89.275924] S 68a 3Fa P  | DIG1 seg=0x3F '0'
[    89.276202] S 6Aa 07a P  | DIG2 seg=0x07 '7'
[    89.276495] S 6Ca 6Fa P  | DIG3 seg=0x6F '9'
[    89.276774] S 6Ea 00a P  | DIG4 seg=0x00 ' '
[    89.277054] S 4Fa 57a P  | KEY PRESSED KI3 / DIG4
[    89.475560] S 68a 3Fa P  | DIG1 seg=0x3F '0'
[    89.475854] S 6Aa 07a P  | DIG2 seg=0x07 '7'
[    89.476132] S 6Ca 6Fa P  | DIG3 seg=0x6F '9'
[    89.476426] S 6Ea 00a P  | DIG4 seg=0x00 ' '
[    89.476704] S 4Fa 57a P  | KEY PRESSED KI3 / DIG4
[    89.675258] S 68a 3Fa P  | DIG1 seg=0x3F '0'
[    89.675537] S 6Aa 07a P  | DIG2 seg=0x07 '7'
[    89.675817] S 6Ca 7Fa P  | DIG3 seg=0x7F '8'
[    89.675817] >>> DISPLAY: "078 "
[    89.676109] S 6Ea 00a P  | DIG4 seg=0x00 ' '
[    89.676387] S 4Fa 57a P  | KEY PRESSED KI3 / DIG4
[    89.874852] S 68a 3Fa P  | DIG1 seg=0x3F '0'
[    89.875145] S 6Aa 07a P  | DIG2 seg=0x07 '7'
[    89.875423] S 6Ca 7Fa P  | DIG3 seg=0x7F '8'
[    89.875703] S 6Ea 00a P  | DIG4 seg=0x00 ' '
[    89.875995] S 4Fa 57a P  | KEY PRESSED KI3 / DIG4

[channel 2 -> GPIO26 pulsed 2800 ms; watching the bus]
[    90.274257] S 68a 3Fa P  | DIG1 seg=0x3F '0'
[    90.274535] S 6Aa 07a P  | DIG2 seg=0x07 '7'
[    90.274814] S 6Ca 7Fa P  | DIG3 seg=0x7F '8'
[    90.275106] S 6Ea 00a P  | DIG4 seg=0x00 ' '
[    90.275384] S 4Fa 17a P  | KEY released/idle
[    90.275384] >>> KEY released/idle
[    90.473900] S 68a 3Fa P  | DIG1 seg=0x3F '0'
[    90.474179] S 6Aa 07a P  | DIG2 seg=0x07 '7'
[    90.474457] S 6Ca 7Fa P  | DIG3 seg=0x7F '8'
[    90.474751] S 6Ea 00a P  | DIG4 seg=0x00 ' '
[    90.475029] S 4Fa 17a P  | KEY released/idle
[    90.673564] S 68a 00a P  | DIG1 seg=0x00 ' '
[    90.673564] >>> DISPLAY: " 78 "
[    90.673842] S 6Aa 00a P  | DIG2 seg=0x00 ' '
[    90.673842] >>> DISPLAY: "  8 "
[    90.674134] S 6Ca 00a P  | DIG3 seg=0x00 ' '
[    90.674134] >>> DISPLAY: "    "
[    90.674414] S 6Ea 00a P  | DIG4 seg=0x00 ' '
[    90.674692] S 4Fa 17a P  | KEY released/idle
[    90.873275] S 68a 3Fa P  | DIG1 seg=0x3F '0'
[    90.873275] >>> DISPLAY: "0   "
[    90.873553] S 6Aa 07a P  | DIG2 seg=0x07 '7'
[    90.873553] >>> DISPLAY: "07  "
[    90.873847] S 6Ca 07a P  | DIG3 seg=0x07 '7'
[    90.873847] >>> DISPLAY: "077 "
[    90.874125] S 6Ea 00a P  | DIG4 seg=0x00 ' '
[    90.874404] S 4Fa 17a P  | KEY released/idle
[    91.072912] S 68a 3Fa P  | DIG1 seg=0x3F '0'
[    91.073190] S 6Aa 07a P  | DIG2 seg=0x07 '7'
[    91.073484] S 6Ca 07a P  | DIG3 seg=0x07 '7'
[    91.073763] S 6Ea 00a P  | DIG4 seg=0x00 ' '
[    91.074041] S 4Fa 17a P  | KEY released/idle
[    91.272557] S 68a 00a P  | DIG1 seg=0x00 ' '
[    91.272557] >>> DISPLAY: " 77 "
[    91.272835] S 6Aa 00a P  | DIG2 seg=0x00 ' '
[    91.272835] >>> DISPLAY: "  7 "
[    91.273127] S 6Ca 00a P  | DIG3 seg=0x00 ' '
[    91.273127] >>> DISPLAY: "    "
[    91.273406] S 6Ea 00a P  | DIG4 seg=0x00 ' '
[    91.273686] S 4Fa 17a P  | KEY released/idle
[    91.472284] S 68a 3Fa P  | DIG1 seg=0x3F '0'
[    91.472284] >>> DISPLAY: "0   "
[    91.472562] S 6Aa 07a P  | DIG2 seg=0x07 '7'
[    91.472562] >>> DISPLAY: "07  "
[    91.472857] S 6Ca 07a P  | DIG3 seg=0x07 '7'
[    91.472857] >>> DISPLAY: "077 "
[    91.473135] S 6Ea 00a P  | DIG4 seg=0x00 ' '
[    91.473428] S 4Fa 17a P  | KEY released/idle
[    91.671938] S 68a 3Fa P  | DIG1 seg=0x3F '0'
[    91.672216] S 6Aa 07a P  | DIG2 seg=0x07 '7'
[    91.672508] S 6Ca 07a P  | DIG3 seg=0x07 '7'
[    91.672788] S 6Ea 00a P  | DIG4 seg=0x00 ' '
[    91.673081] S 4Fa 17a P  | KEY released/idle
[    91.871625] S 68a 3Fa P  | DIG1 seg=0x3F '0'
[    91.871903] S 6Aa 07a P  | DIG2 seg=0x07 '7'
[    91.872181] S 6Ca 07a P  | DIG3 seg=0x07 '7'
[    91.872475] S 6Ea 00a P  | DIG4 seg=0x00 ' '
[    91.872755] S 4Fa 17a P  | KEY released/idle
[    92.071318] S 68a 3Fa P  | DIG1 seg=0x3F '0'
[    92.071610] S 6Aa 07a P  | DIG2 seg=0x07 '7'
[    92.071889] S 6Ca 7Da P  | DIG3 seg=0x7D '6'
[    92.071889] >>> DISPLAY: "076 "
[    92.072181] S 6Ea 00a P  | DIG4 seg=0x00 ' '
[    92.072459] S 4Fa 17a P  | KEY released/idle
[    92.270977] S 68a 3Fa P  | DIG1 seg=0x3F '0'
[    92.271270] S 6Aa 07a P  | DIG2 seg=0x07 '7'
[    92.271548] S 6Ca 7Da P  | DIG3 seg=0x7D '6'
[    92.271827] S 6Ea 00a P  | DIG4 seg=0x00 ' '
[    92.272119] S 4Fa 17a P  | KEY released/idle
[    92.470697] S 68a 3Fa P  | DIG1 seg=0x3F '0'
[    92.470975] S 6Aa 07a P  | DIG2 seg=0x07 '7'
[    92.471268] S 6Ca 7Da P  | DIG3 seg=0x7D '6'
[    92.471546] S 6Ea 00a P  | DIG4 seg=0x00 ' '
[    92.471824] S 4Fa 17a P  | KEY released/idle
[    92.670405] S 68a 3Fa P  | DIG1 seg=0x3F '0'
[    92.670683] S 6Aa 07a P  | DIG2 seg=0x07 '7'
[    92.670977] S 6Ca 7Da P  | DIG3 seg=0x7D '6'
[    92.671255] S 6Ea 00a P  | DIG4 seg=0x00 ' '
[    92.671534] S 4Fa 17a P  | KEY released/idle

[RX 0x32 '2']
[    92.870044] S 68a 3Fa P  | DIG1 seg=0x3F '0'
[    92.870322] S 6Aa 07a P  | DIG2 seg=0x07 '7'
[    92.870600] S 6Ca 7Da P  | DIG3 seg=0x7D '6'
[    92.870893] S 6Ea 00a P  | DIG4 seg=0x00 ' '
[    92.871173] S 4Fa 57a P  | KEY PRESSED KI3 / DIG4
[    92.871173] >>> KEY PRESSED KI3 / DIG4   <== CHANNEL 2 answered with 0x57
[    93.069672] S 68a 3Fa P  | DIG1 seg=0x3F '0'
[    93.069951] S 6Aa 07a P  | DIG2 seg=0x07 '7'
[    93.070229] S 6Ca 7Da P  | DIG3 seg=0x7D '6'
[    93.070523] S 6Ea 00a P  | DIG4 seg=0x00 ' '
[    93.070801] S 4Fa 57a P  | KEY PRESSED KI3 / DIG4
[    93.269388] S 68a 3Fa P  | DIG1 seg=0x3F '0'
[    93.269666] S 6Aa 07a P  | DIG2 seg=0x07 '7'
[    93.269944] S 6Ca 7Da P  | DIG3 seg=0x7D '6'
[    93.270237] S 6Ea 00a P  | DIG4 seg=0x00 ' '
[    93.270515] S 4Fa 57a P  | KEY PRESSED KI3 / DIG4

[channel 2 -> GPIO26 pulsed 800 ms; watching the bus]
[    93.668697] S 68a 3Fa P  | DIG1 seg=0x3F '0'
[    93.668975] S 6Aa 07a P  | DIG2 seg=0x07 '7'
[    93.669267] S 6Ca 7Da P  | DIG3 seg=0x7D '6'
[    93.669546] S 6Ea 00a P  | DIG4 seg=0x00 ' '
[    93.669824] S 4Fa 17a P  | KEY released/idle
[    93.669824] >>> KEY released/idle
[    93.868378] S 68a 3Fa P  | DIG1 seg=0x3F '0'
[    93.868695] S 6Aa 07a P  | DIG2 seg=0x07 '7'
[    93.869012] S 6Ca 7Da P  | DIG3 seg=0x7D '6'
[    93.869329] S 6Ea 00a P  | DIG4 seg=0x00 ' '
[    93.869644] S 4Fa 17a P  | KEY released/idle
[    94.067989] S 68a 3Fa P  | DIG1 seg=0x3F '0'
[    94.068306] S 6Aa 07a P  | DIG2 seg=0x07 '7'
[    94.068623] S 6Ca 7Da P  | DIG3 seg=0x7D '6'
[    94.068940] S 6Ea 00a P  | DIG4 seg=0x00 ' '
[    94.069237] S 4Fa 17a P  | KEY released/idle
[    94.267677] S 68a 3Fa P  | DIG1 seg=0x3F '0'
[    94.267993] S 6Aa 07a P  | DIG2 seg=0x07 '7'
[    94.268291] S 6Ca 7Da P  | DIG3 seg=0x7D '6'
[    94.268608] S 6Ea 00a P  | DIG4 seg=0x00 ' '
[    94.268924] S 4Fa 17a P  | KEY released/idle
[    94.467354] S 68a 3Fa P  | DIG1 seg=0x3F '0'
[    94.467669] S 6Aa 07a P  | DIG2 seg=0x07 '7'
[    94.467987] S 6Ca 7Da P  | DIG3 seg=0x7D '6'
[    94.468303] S 6Ea 00a P  | DIG4 seg=0x00 ' '
[    94.468620] S 4Fa 17a P  | KEY released/idle
[    94.666983] S P  | MALFORMED: 0 byte(s), expected 2
[    94.667005] S 68a 3Fa P  | DIG1 seg=0x3F '0'
[    94.667302] S 6Aa 07a P  | DIG2 seg=0x07 '7'
[    94.667621] S 6Ca 7Da P  | DIG3 seg=0x7D '6'
[    94.667936] S 6Ea 00a P  | DIG4 seg=0x00 ' '
[    94.668253] S 4Fa 17a P  | KEY released/idle
[    94.866665] S 68a 3Fa P  | DIG1 seg=0x3F '0'
[    94.866981] S 6Aa 07a P  | DIG2 seg=0x07 '7'
[    94.867299] S 6Ca 7Da P  | DIG3 seg=0x7D '6'
[    94.867615] S 6Ea 00a P  | DIG4 seg=0x00 ' '
[    94.867912] S 4Fa 17a P  | KEY released/idle
[    95.066345] S 68a 3Fa P  | DIG1 seg=0x3F '0'
[    95.066642] S 6Aa 07a P  | DIG2 seg=0x07 '7'
[    95.066960] S 6Ca 7Da P  | DIG3 seg=0x7D '6'
[    95.067276] S 6Ea 00a P  | DIG4 seg=0x00 ' '
[    95.067592] S 4Fa 17a P  | KEY released/idle

[RX 0x32 '2']
[    95.266001] S 68a 3Fa P  | DIG1 seg=0x3F '0'
[    95.266317] S 6Aa 07a P  | DIG2 seg=0x07 '7'
[    95.266635] S 6Ca 7Da P  | DIG3 seg=0x7D '6'
[    95.266933] S 6Ea 00a P  | DIG4 seg=0x00 ' '
[    95.267248] S 4Fa 57a P  | KEY PRESSED KI3 / DIG4
[    95.267248] >>> KEY PRESSED KI3 / DIG4   <== CHANNEL 2 answered with 0x57
[    95.465673] S 68a 3Fa P  | DIG1 seg=0x3F '0'
[    95.465992] S 6Aa 07a P  | DIG2 seg=0x07 '7'
[    95.466313] S 6Ca 7Da P  | DIG3 seg=0x7D '6'
[    95.466632] S 6Ea 00a P  | DIG4 seg=0x00 ' '
[    95.466952] S 4Fa 57a P  | KEY PRESSED KI3 / DIG4
[    95.665370] S 68a 3Fa P  | DIG1 seg=0x3F '0'
[    95.665690] S 6Aa 07a P  | DIG2 seg=0x07 '7'
[    95.666011] S 6Ca 7Da P  | DIG3 seg=0x7D '6'
[    95.666331] S 6Ea 00a P  | DIG4 seg=0x00 ' '
[    95.666651] S 4Fa 57a P  | KEY PRESSED KI3 / DIG4

[channel 2 -> GPIO26 pulsed 800 ms; watching the bus]
[    96.065646] S 68a 3Fa P  | DIG1 seg=0x3F '0'
[    96.065924] S 6Aa 07a P  | DIG2 seg=0x07 '7'
[    96.066202] S 6Ca 6Da P  | DIG3 seg=0x6D '5'
[    96.066202] >>> DISPLAY: "075 "
[    96.066497] S 6Ea 00a P  | DIG4 seg=0x00 ' '
[    96.066775] S 4Fa 17a P  | KEY released/idle
[    96.066775] >>> KEY released/idle
[    96.265318] S 68a 3Fa P  | DIG1 seg=0x3F '0'
[    96.265610] S 6Aa 07a P  | DIG2 seg=0x07 '7'
[    96.265888] S 6Ca 6Da P  | DIG3 seg=0x6D '5'
[    96.266167] S 6Ea 00a P  | DIG4 seg=0x00 ' '
[    96.266459] S 4Fa 17a P  | KEY released/idle
[    96.464952] S 68a 3Fa P  | DIG1 seg=0x3F '0'
[    96.465244] S 6Aa 07a P  | DIG2 seg=0x07 '7'
[    96.465522] S 6Ca 6Da P  | DIG3 seg=0x6D '5'
[    96.465801] S 6Ea 00a P  | DIG4 seg=0x00 ' '
[    96.466093] S 4Fa 17a P  | KEY released/idle
[    96.664587] S 68a 3Fa P  | DIG1 seg=0x3F '0'
[    96.664865] S 6Aa 07a P  | DIG2 seg=0x07 '7'
[    96.665143] S 6Ca 6Da P  | DIG3 seg=0x6D '5'
[    96.665436] S 6Ea 00a P  | DIG4 seg=0x00 ' '
[    96.665714] S 4Fa 17a P  | KEY released/idle
[    96.864235] S 68a 3Fa P  | DIG1 seg=0x3F '0'
[    96.864527] S 6Aa 07a P  | DIG2 seg=0x07 '7'
[    96.864805] S 6Ca 6Da P  | DIG3 seg=0x6D '5'
[    96.865085] S 6Ea 00a P  | DIG4 seg=0x00 ' '
[    96.865377] S 4Fa 17a P  | KEY released/idle
[    97.063918] S 68a 3Fa P  | DIG1 seg=0x3F '0'
[    97.064235] S 6Aa 07a P  | DIG2 seg=0x07 '7'
[    97.064552] S 6Ca 6Da P  | DIG3 seg=0x6D '5'
[    97.064869] S 6Ea 00a P  | DIG4 seg=0x00 ' '
[    97.065166] S 4Fa 17a P  | KEY released/idle
[    97.263565] S 68a 3Fa P  | DIG1 seg=0x3F '0'
[    97.263881] S 6Aa 07a P  | DIG2 seg=0x07 '7'
[    97.264199] S 6Ca 6Da P  | DIG3 seg=0x6D '5'
[    97.264515] S 6Ea 00a P  | DIG4 seg=0x00 ' '
[    97.264831] S 4Fa 17a P  | KEY released/idle
[    97.463269] S 68a 3Fa P  | DIG1 seg=0x3F '0'
[    97.463585] S 6Aa 07a P  | DIG2 seg=0x07 '7'
[    97.463903] S 6Ca 6Da P  | DIG3 seg=0x6D '5'
[    97.464219] S 6Ea 00a P  | DIG4 seg=0x00 ' '
[    97.464516] S 4Fa 17a P  | KEY released/idle
[    97.662885] S 68a 3Fa P  | DIG1 seg=0x3F '0'
[    97.663201] S 6Aa 07a P  | DIG2 seg=0x07 '7'
[    97.663519] S 6Ca 6Da P  | DIG3 seg=0x6D '5'
[    97.663835] S 6Ea 00a P  | DIG4 seg=0x00 ' '
[    97.664132] S 4Fa 17a P  | KEY released/idle
[    97.862580] S 68a 3Fa P  | DIG1 seg=0x3F '0'
[    97.862878] S 6Aa 07a P  | DIG2 seg=0x07 '7'
[    97.863196] S 6Ca 6Da P  | DIG3 seg=0x6D '5'
[    97.863512] S 6Ea 00a P  | DIG4 seg=0x00 ' '
[    97.863828] S 4Fa 17a P  | KEY released/idle
[    98.062260] S 68a 3Fa P  | DIG1 seg=0x3F '0'
[    98.062576] S 6Aa 07a P  | DIG2 seg=0x07 '7'
[    98.062894] S 6Ca 6Da P  | DIG3 seg=0x6D '5'
[    98.063210] S 6Ea 00a P  | DIG4 seg=0x00 ' '
[    98.063526] S 4Fa 17a P  | KEY released/idle
[    98.261873] S 68a 3Fa P  | DIG1 seg=0x3F '0'
[    98.262189] S 6Aa 07a P  | DIG2 seg=0x07 '7'
[    98.262507] S 6Ca 6Da P  | DIG3 seg=0x6D '5'
[    98.262823] S 6Ea 00a P  | DIG4 seg=0x00 ' '
[    98.263139] S 4Fa 17a P  | KEY released/idle

[RX 0x41 'A']

[LONG PULSE - this starts continuous travel]
[    98.461529] S 68a 3Fa P  | DIG1 seg=0x3F '0'
[    98.461845] S 6Aa 07a P  | DIG2 seg=0x07 '7'
[    98.462163] S 6Ca 6Da P  | DIG3 seg=0x6D '5'
[    98.462479] S 6Ea 00a P  | DIG4 seg=0x00 ' '
[    98.462776] S 4Fa 47a P  | KEY PRESSED KI1 / DIG4
[    98.462776] >>> KEY PRESSED KI1 / DIG4   <== CHANNEL 1 answered with 0x47
[    98.661224] S 68a 3Fa P  | DIG1 seg=0x3F '0'
[    98.661540] S 6Aa 07a P  | DIG2 seg=0x07 '7'
[    98.661839] S 6Ca 6Da P  | DIG3 seg=0x6D '5'
[    98.662155] S 6Ea 00a P  | DIG4 seg=0x00 ' '
[    98.662471] S 4Fa 47a P  | KEY PRESSED KI1 / DIG4
[    98.860844] S 68a 3Fa P  | DIG1 seg=0x3F '0'
[    98.861122] S 6Aa 07a P  | DIG2 seg=0x07 '7'
[    98.861400] S 6Ca 6Da P  | DIG3 seg=0x6D '5'
[    98.861694] S 6Ea 00a P  | DIG4 seg=0x00 ' '
[    98.861972] S 4Fa 47a P  | KEY PRESSED KI1 / DIG4
[    99.060487] S 68a 3Fa P  | DIG1 seg=0x3F '0'
[    99.060765] S 6Aa 07a P  | DIG2 seg=0x07 '7'
[    99.061043] S 6Ca 6Da P  | DIG3 seg=0x6D '5'
[    99.061337] S 6Ea 00a P  | DIG4 seg=0x00 ' '
[    99.061615] S 4Fa 47a P  | KEY PRESSED KI1 / DIG4
[    99.260143] S 68a 3Fa P  | DIG1 seg=0x3F '0'
[    99.260421] S 6Aa 07a P  | DIG2 seg=0x07 '7'
[    99.260700] S 6Ca 6Da P  | DIG3 seg=0x6D '5'
[    99.260993] S 6Ea 00a P  | DIG4 seg=0x00 ' '
[    99.261271] S 4Fa 47a P  | KEY PRESSED KI1 / DIG4
[    99.459735] S 68a 3Fa P  | DIG1 seg=0x3F '0'
[    99.460014] S 6Aa 07a P  | DIG2 seg=0x07 '7'
[    99.460292] S 6Ca 6Da P  | DIG3 seg=0x6D '5'
[    99.460585] S 6Ea 00a P  | DIG4 seg=0x00 ' '
[    99.460864] S 4Fa 47a P  | KEY PRESSED KI1 / DIG4
[    99.659332] S 68a 3Fa P  | DIG1 seg=0x3F '0'
[    99.659625] S 6Aa 07a P  | DIG2 seg=0x07 '7'
[    99.659903] S 6Ca 7Da P  | DIG3 seg=0x7D '6'
[    99.659903] >>> DISPLAY: "076 "
[    99.660182] S 6Ea 00a P  | DIG4 seg=0x00 ' '
[    99.660474] S 4Fa 47a P  | KEY PRESSED KI1 / DIG4
[    99.858961] S 68a 3Fa P  | DIG1 seg=0x3F '0'
[    99.859239] S 6Aa 07a P  | DIG2 seg=0x07 '7'
[    99.859532] S 6Ca 7Da P  | DIG3 seg=0x7D '6'
[    99.859811] S 6Ea 00a P  | DIG4 seg=0x00 ' '
[    99.860090] S 4Fa 47a P  | KEY PRESSED KI1 / DIG4
[   100.058540] S 68a 3Fa P  | DIG1 seg=0x3F '0'
[   100.058819] S 6Aa 07a P  | DIG2 seg=0x07 '7'
[   100.059111] S 6Ca 7Da P  | DIG3 seg=0x7D '6'
[   100.059391] S 6Ea 00a P  | DIG4 seg=0x00 ' '
[   100.059682] S 4Fa 47a P  | KEY PRESSED KI1 / DIG4
[   100.258155] S 68a 3Fa P  | DIG1 seg=0x3F '0'
[   100.258433] S 6Aa 07a P  | DIG2 seg=0x07 '7'
[   100.258711] S 6Ca 7Da P  | DIG3 seg=0x7D '6'
[   100.259004] S 6Ea 00a P  | DIG4 seg=0x00 ' '
[   100.259284] S 4Fa 47a P  | KEY PRESSED KI1 / DIG4
[   100.457776] S 68a 3Fa P  | DIG1 seg=0x3F '0'
[   100.458067] S 6Aa 07a P  | DIG2 seg=0x07 '7'
[   100.458350] S 6Ca 7Da P  | DIG3 seg=0x7D '6'
[   100.458628] S 6Ea 00a P  | DIG4 seg=0x00 ' '
[   100.458920] S 4Fa 47a P  | KEY PRESSED KI1 / DIG4
[   100.657371] S 68a 3Fa P  | DIG1 seg=0x3F '0'
[   100.657663] S 6Aa 07a P  | DIG2 seg=0x07 '7'
[   100.657940] S 6Ca 7Da P  | DIG3 seg=0x7D '6'
[   100.658236] S 6Ea 00a P  | DIG4 seg=0x00 ' '
[   100.658514] S 4Fa 47a P  | KEY PRESSED KI1 / DIG4
[   100.856997] S 68a 3Fa P  | DIG1 seg=0x3F '0'
[   100.857277] S 6Aa 07a P  | DIG2 seg=0x07 '7'
[   100.857570] S 6Ca 07a P  | DIG3 seg=0x07 '7'
[   100.857570] >>> DISPLAY: "077 "
[   100.857848] S 6Ea 00a P  | DIG4 seg=0x00 ' '
[   100.858126] S 4Fa 47a P  | KEY PRESSED KI1 / DIG4

[channel 1 -> GPIO27 pulsed 2800 ms; watching the bus]
[   101.256260] S 68a 3Fa P  | DIG1 seg=0x3F '0'
[   101.256539] S 6Aa 07a P  | DIG2 seg=0x07 '7'
[   101.256817] S 6Ca 07a P  | DIG3 seg=0x07 '7'
[   101.257112] S 6Ea 00a P  | DIG4 seg=0x00 ' '
[   101.257389] S 4Fa 07a P  | KEY released/idle
[   101.257389] >>> KEY released/idle
[   101.455878] S 68a 00a P  | DIG1 seg=0x00 ' '
[   101.455878] >>> DISPLAY: " 77 "
[   101.456156] S 6Aa 00a P  | DIG2 seg=0x00 ' '
[   101.456156] >>> DISPLAY: "  7 "
[   101.456448] S 6Ca 00a P  | DIG3 seg=0x00 ' '
[   101.456448] >>> DISPLAY: "    "
[   101.456729] S 6Ea 00a P  | DIG4 seg=0x00 ' '
[   101.457007] S 4Fa 07a P  | KEY released/idle
[   101.655553] S 68a 3Fa P  | DIG1 seg=0x3F '0'
[   101.655553] >>> DISPLAY: "0   "
[   101.655845] S 6Aa 07a P  | DIG2 seg=0x07 '7'
[   101.655845] >>> DISPLAY: "07  "
[   101.656125] S 6Ca 07a P  | DIG3 seg=0x07 '7'
[   101.656125] >>> DISPLAY: "077 "
[   101.656402] S 6Ea 00a P  | DIG4 seg=0x00 ' '
[   101.656694] S 4Fa 07a P  | KEY released/idle
[   101.855111] S 68a 3Fa P  | DIG1 seg=0x3F '0'
[   101.855390] S 6Aa 07a P  | DIG2 seg=0x07 '7'
[   101.855683] S 6Ca 07a P  | DIG3 seg=0x07 '7'
[   101.855962] S 6Ea 00a P  | DIG4 seg=0x00 ' '
[   101.856240] S 4Fa 07a P  | KEY released/idle
[   102.054694] S 68a 00a P  | DIG1 seg=0x00 ' '
[   102.054694] >>> DISPLAY: " 77 "
[   102.054986] S 6Aa 00a P  | DIG2 seg=0x00 ' '
[   102.054986] >>> DISPLAY: "  7 "
[   102.055264] S 6Ca 00a P  | DIG3 seg=0x00 ' '
[   102.055264] >>> DISPLAY: "    "
[   102.055545] S 6Ea 00a P  | DIG4 seg=0x00 ' '
[   102.055836] S 4Fa 07a P  | KEY released/idle
[   102.254304] S 68a 3Fa P  | DIG1 seg=0x3F '0'
[   102.254304] >>> DISPLAY: "0   "
[   102.254596] S 6Aa 07a P  | DIG2 seg=0x07 '7'
[   102.254596] >>> DISPLAY: "07  "
[   102.254875] S 6Ca 7Fa P  | DIG3 seg=0x7F '8'
[   102.254875] >>> DISPLAY: "078 "
[   102.255167] S 6Ea 00a P  | DIG4 seg=0x00 ' '
[   102.255445] S 4Fa 07a P  | KEY released/idle
[   102.453843] S 68a 3Fa P  | DIG1 seg=0x3F '0'
[   102.454136] S 6Aa 07a P  | DIG2 seg=0x07 '7'
[   102.454414] S 6Ca 7Fa P  | DIG3 seg=0x7F '8'
[   102.454695] S 6Ea 00a P  | DIG4 seg=0x00 ' '
[   102.454987] S 4Fa 07a P  | KEY released/idle
[   102.653462] S 68a 3Fa P  | DIG1 seg=0x3F '0'
[   102.653740] S 6Aa 07a P  | DIG2 seg=0x07 '7'
[   102.654020] S 6Ca 7Fa P  | DIG3 seg=0x7F '8'
[   102.654314] S 6Ea 00a P  | DIG4 seg=0x00 ' '
[   102.654591] S 4Fa 07a P  | KEY released/idle
[   102.853101] S 68a 3Fa P  | DIG1 seg=0x3F '0'
[   102.853379] S 6Aa 07a P  | DIG2 seg=0x07 '7'
[   102.853659] S 6Ca 7Fa P  | DIG3 seg=0x7F '8'
[   102.853950] S 6Ea 00a P  | DIG4 seg=0x00 ' '
[   102.854230] S 4Fa 07a P  | KEY released/idle
[   103.052659] S 68a 3Fa P  | DIG1 seg=0x3F '0'
[   103.052953] S 6Aa 07a P  | DIG2 seg=0x07 '7'
[   103.053231] S 6Ca 6Fa P  | DIG3 seg=0x6F '9'
[   103.053231] >>> DISPLAY: "079 "
[   103.053510] S 6Ea 00a P  | DIG4 seg=0x00 ' '
[   103.053802] S 4Fa 07a P  | KEY released/idle
[   103.252280] S 68a 3Fa P  | DIG1 seg=0x3F '0'
[   103.252557] S 6Aa 07a P  | DIG2 seg=0x07 '7'
[   103.252835] S 6Ca 6Fa P  | DIG3 seg=0x6F '9'
[   103.253130] S 6Ea 00a P  | DIG4 seg=0x00 ' '
[   103.253409] S 4Fa 07a P  | KEY released/idle
[   103.451959] S 68a 3Fa P  | DIG1 seg=0x3F '0'
[   103.452236] S 6Aa 07a P  | DIG2 seg=0x07 '7'
[   103.452531] S 6Ca 6Fa P  | DIG3 seg=0x6F '9'
[   103.452809] S 6Ea 00a P  | DIG4 seg=0x00 ' '
[   103.453087] S 4Fa 07a P  | KEY released/idle
[   103.651570] S 68a 3Fa P  | DIG1 seg=0x3F '0'
[   103.651848] S 6Aa 07a P  | DIG2 seg=0x07 '7'
[   103.652140] S 6Ca 6Fa P  | DIG3 seg=0x6F '9'
[   103.652420] S 6Ea 00a P  | DIG4 seg=0x00 ' '
[   103.652697] S 4Fa 07a P  | KEY released/idle
[   103.851165] S 68a 3Fa P  | DIG1 seg=0x3F '0'
[   103.851444] S 6Aa 07a P  | DIG2 seg=0x07 '7'
[   103.851738] S 6Ca 6Fa P  | DIG3 seg=0x6F '9'
[   103.852017] S 6Ea 00a P  | DIG4 seg=0x00 ' '
[   103.852309] S 4Fa 07a P  | KEY released/idle
[   104.050782] S 68a 3Fa P  | DIG1 seg=0x3F '0'
[   104.051061] S 6Aa 07a P  | DIG2 seg=0x07 '7'
[   104.051354] S 6Ca 6Fa P  | DIG3 seg=0x6F '9'
[   104.051632] S 6Ea 00a P  | DIG4 seg=0x00 ' '
[   104.051911] S 4Fa 07a P  | KEY released/idle
[   104.250329] S 68a 3Fa P  | DIG1 seg=0x3F '0'
[   104.250607] S 6Aa 7Fa P  | DIG2 seg=0x7F '8'
[   104.250607] >>> DISPLAY: "089 "
[   104.250900] S 6Ca 3Fa P  | DIG3 seg=0x3F '0'
[   104.250900] >>> DISPLAY: "080 "
[   104.251180] S 6Ea 00a P  | DIG4 seg=0x00 ' '
[   104.251457] S 4Fa 07a P  | KEY released/idle
[   104.449937] S 68a 3Fa P  | DIG1 seg=0x3F '0'
[   104.450229] S 6Aa 7Fa P  | DIG2 seg=0x7F '8'
[   104.450507] S 6Ca 3Fa P  | DIG3 seg=0x3F '0'
[   104.450800] S 6Ea 00a P  | DIG4 seg=0x00 ' '
[   104.451078] S 4Fa 07a P  | KEY released/idle
[   104.649596] S 68a 3Fa P  | DIG1 seg=0x3F '0'
[   104.649890] S 6Aa 7Fa P  | DIG2 seg=0x7F '8'
[   104.650169] S 6Ca 3Fa P  | DIG3 seg=0x3F '0'
[   104.650461] S 6Ea 00a P  | DIG4 seg=0x00 ' '
[   104.650739] S 4Fa 07a P  | KEY released/idle
[   104.849154] S 68a 3Fa P  | DIG1 seg=0x3F '0'
[   104.849448] S 6Aa 7Fa P  | DIG2 seg=0x7F '8'
[   104.849726] S 6Ca 3Fa P  | DIG3 seg=0x3F '0'
[   104.850005] S 6Ea 00a P  | DIG4 seg=0x00 ' '
[   104.850297] S 4Fa 07a P  | KEY released/idle
[   105.048781] S 68a 3Fa P  | DIG1 seg=0x3F '0'
[   105.049059] S 6Aa 7Fa P  | DIG2 seg=0x7F '8'
[   105.049337] S 6Ca 3Fa P  | DIG3 seg=0x3F '0'
[   105.049630] S 6Ea 00a P  | DIG4 seg=0x00 ' '
[   105.049908] S 4Fa 07a P  | KEY released/idle
[   105.248367] S 68a 3Fa P  | DIG1 seg=0x3F '0'
[   105.248659] S 6Aa 7Fa P  | DIG2 seg=0x7F '8'
[   105.248938] S 6Ca 3Fa P  | DIG3 seg=0x3F '0'
[   105.249231] S 6Ea 00a P  | DIG4 seg=0x00 ' '
[   105.249509] S 4Fa 07a P  | KEY released/idle
[   105.447939] S 68a 3Fa P  | DIG1 seg=0x3F '0'
[   105.448218] S 6Aa 7Fa P  | DIG2 seg=0x7F '8'
[   105.448496] S 6Ca 06a P  | DIG3 seg=0x06 '1'
[   105.448496] >>> DISPLAY: "081 "
[   105.448790] S 6Ea 00a P  | DIG4 seg=0x00 ' '
[   105.449067] S 4Fa 07a P  | KEY released/idle
[   105.647533] S 68a 3Fa P  | DIG1 seg=0x3F '0'
[   105.647811] S 6Aa 7Fa P  | DIG2 seg=0x7F '8'
[   105.648103] S 6Ca 06a P  | DIG3 seg=0x06 '1'
[   105.648383] S 6Ea 00a P  | DIG4 seg=0x00 ' '
[   105.648661] S 4Fa 07a P  | KEY released/idle
[   105.847161] S 68a 3Fa P  | DIG1 seg=0x3F '0'
[   105.847441] S 6Aa 7Fa P  | DIG2 seg=0x7F '8'
[   105.847734] S 6Ca 06a P  | DIG3 seg=0x06 '1'
[   105.848012] S 6Ea 00a P  | DIG4 seg=0x00 ' '
[   105.848290] S 4Fa 07a P  | KEY released/idle
[   106.046744] S 68a 3Fa P  | DIG1 seg=0x3F '0'
[   106.047024] S 6Aa 7Fa P  | DIG2 seg=0x7F '8'
[   106.047316] S 6Ca 06a P  | DIG3 seg=0x06 '1'
[   106.047595] S 6Ea 00a P  | DIG4 seg=0x00 ' '
[   106.047873] S 4Fa 07a P  | KEY released/idle
[   106.246340] S 68a 3Fa P  | DIG1 seg=0x3F '0'
[   106.246632] S 6Aa 7Fa P  | DIG2 seg=0x7F '8'
[   106.246910] S 6Ca 06a P  | DIG3 seg=0x06 '1'
[   106.247189] S 6Ea 00a P  | DIG4 seg=0x00 ' '
[   106.247483] S 4Fa 07a P  | KEY released/idle
[   106.446032] S 68a 3Fa P  | DIG1 seg=0x3F '0'
[   106.446325] S 6Aa 7Fa P  | DIG2 seg=0x7F '8'
[   106.446605] S 6Ca 06a P  | DIG3 seg=0x06 '1'
[   106.446883] S 6Ea 00a P  | DIG4 seg=0x00 ' '
[   106.447175] S 4Fa 07a P  | KEY released/idle
[   106.645620] S 68a 3Fa P  | DIG1 seg=0x3F '0'
[   106.645898] S 6Aa 7Fa P  | DIG2 seg=0x7F '8'
[   106.646191] S 6Ca 5Ba P  | DIG3 seg=0x5B '2'
[   106.646191] >>> DISPLAY: "082 "
[   106.646470] S 6Ea 00a P  | DIG4 seg=0x00 ' '
[   106.646748] S 4Fa 07a P  | KEY released/idle
[   106.845259] S 68a 3Fa P  | DIG1 seg=0x3F '0'
[   106.845538] S 6Aa 7Fa P  | DIG2 seg=0x7F '8'
[   106.845816] S 6Ca 5Ba P  | DIG3 seg=0x5B '2'
[   106.846110] S 6Ea 00a P  | DIG4 seg=0x00 ' '
[   106.846387] S 4Fa 07a P  | KEY released/idle
[   107.044916] S 68a 3Fa P  | DIG1 seg=0x3F '0'
[   107.045207] S 6Aa 7Fa P  | DIG2 seg=0x7F '8'
[   107.045487] S 6Ca 5Ba P  | DIG3 seg=0x5B '2'
[   107.045780] S 6Ea 00a P  | DIG4 seg=0x00 ' '
[   107.046058] S 4Fa 07a P  | KEY released/idle
[   107.244487] S 68a 3Fa P  | DIG1 seg=0x3F '0'
[   107.244779] S 6Aa 7Fa P  | DIG2 seg=0x7F '8'
[   107.245056] S 6Ca 5Ba P  | DIG3 seg=0x5B '2'
[   107.245337] S 6Ea 00a P  | DIG4 seg=0x00 ' '
[   107.245629] S 4Fa 07a P  | KEY released/idle
[   107.444105] S 68a 3Fa P  | DIG1 seg=0x3F '0'
[   107.444384] S 6Aa 7Fa P  | DIG2 seg=0x7F '8'
[   107.444676] S 6Ca 5Ba P  | DIG3 seg=0x5B '2'
[   107.444956] S 6Ea 00a P  | DIG4 seg=0x00 ' '
[   107.445234] S 4Fa 07a P  | KEY released/idle
[   107.643742] S 68a 3Fa P  | DIG1 seg=0x3F '0'
[   107.644020] S 6Aa 7Fa P  | DIG2 seg=0x7F '8'
[   107.644300] S 6Ca 5Ba P  | DIG3 seg=0x5B '2'
[   107.644591] S 6Ea 00a P  | DIG4 seg=0x00 ' '
[   107.644869] S 4Fa 07a P  | KEY released/idle
[   107.843315] S 68a 3Fa P  | DIG1 seg=0x3F '0'
[   107.843595] S 6Aa 7Fa P  | DIG2 seg=0x7F '8'
[   107.843873] S 6Ca 4Fa P  | DIG3 seg=0x4F '3'
[   107.843873] >>> DISPLAY: "083 "
[   107.844167] S 6Ea 00a P  | DIG4 seg=0x00 ' '
[   107.844445] S 4Fa 07a P  | KEY released/idle
[   108.042927] S 68a 3Fa P  | DIG1 seg=0x3F '0'
[   108.043205] S 6Aa 7Fa P  | DIG2 seg=0x7F '8'
[   108.043497] S 6Ca 4Fa P  | DIG3 seg=0x4F '3'
[   108.043776] S 6Ea 00a P  | DIG4 seg=0x00 ' '
[   108.044056] S 4Fa 07a P  | KEY released/idle
[   108.242590] S 68a 3Fa P  | DIG1 seg=0x3F '0'
[   108.242882] S 6Aa 7Fa P  | DIG2 seg=0x7F '8'
[   108.243161] S 6Ca 4Fa P  | DIG3 seg=0x4F '3'
[   108.243439] S 6Ea 00a P  | DIG4 seg=0x00 ' '
[   108.243731] S 4Fa 07a P  | KEY released/idle
[   108.442140] S 68a 3Fa P  | DIG1 seg=0x3F '0'
[   108.442418] S 6Aa 7Fa P  | DIG2 seg=0x7F '8'
[   108.442710] S 6Ca 4Fa P  | DIG3 seg=0x4F '3'
[   108.442990] S 6Ea 00a P  | DIG4 seg=0x00 ' '
[   108.443268] S 4Fa 07a P  | KEY released/idle
[   108.641731] S 68a 3Fa P  | DIG1 seg=0x3F '0'
[   108.642009] S 6Aa 7Fa P  | DIG2 seg=0x7F '8'
[   108.642302] S 6Ca 4Fa P  | DIG3 seg=0x4F '3'
[   108.642581] S 6Ea 00a P  | DIG4 seg=0x00 ' '
[   108.642874] S 4Fa 07a P  | KEY released/idle
[   108.841382] S 68a 3Fa P  | DIG1 seg=0x3F '0'
[   108.841673] S 6Aa 7Fa P  | DIG2 seg=0x7F '8'
[   108.841954] S 6Ca 4Fa P  | DIG3 seg=0x4F '3'
[   108.842232] S 6Ea 00a P  | DIG4 seg=0x00 ' '
[   108.842524] S 4Fa 07a P  | KEY released/idle
[   109.040941] S 68a 3Fa P  | DIG1 seg=0x3F '0'
[   109.041219] S 6Aa 7Fa P  | DIG2 seg=0x7F '8'
[   109.041511] S 6Ca 66a P  | DIG3 seg=0x66 '4'
[   109.041511] >>> DISPLAY: "084 "
[   109.041790] S 6Ea 00a P  | DIG4 seg=0x00 ' '
[   109.042068] S 4Fa 07a P  | KEY released/idle
[   109.240536] S 68a 3Fa P  | DIG1 seg=0x3F '0'
[   109.240814] S 6Aa 7Fa P  | DIG2 seg=0x7F '8'
[   109.241092] S 6Ca 66a P  | DIG3 seg=0x66 '4'
[   109.241387] S 6Ea 00a P  | DIG4 seg=0x00 ' '
[   109.241664] S 4Fa 07a P  | KEY released/idle
[   109.440139] S 68a 3Fa P  | DIG1 seg=0x3F '0'
[   109.440431] S 6Aa 7Fa P  | DIG2 seg=0x7F '8'
[   109.440712] S 6Ca 66a P  | DIG3 seg=0x66 '4'
[   109.441003] S 6Ea 00a P  | DIG4 seg=0x00 ' '
[   109.441282] S 4Fa 07a P  | KEY released/idle
[   109.639747] S 68a 3Fa P  | DIG1 seg=0x3F '0'
[   109.640025] S 6Aa 7Fa P  | DIG2 seg=0x7F '8'
[   109.640304] S 6Ca 66a P  | DIG3 seg=0x66 '4'
[   109.640597] S 6Ea 00a P  | DIG4 seg=0x00 ' '
[   109.640875] S 4Fa 07a P  | KEY released/idle
[   109.839338] S 68a 3Fa P  | DIG1 seg=0x3F '0'
[   109.839618] S 6Aa 7Fa P  | DIG2 seg=0x7F '8'
[   109.839909] S 6Ca 66a P  | DIG3 seg=0x66 '4'
[   109.840189] S 6Ea 00a P  | DIG4 seg=0x00 ' '
[   109.840467] S 4Fa 07a P  | KEY released/idle
[   110.038988] S 68a 3Fa P  | DIG1 seg=0x3F '0'
[   110.039266] S 6Aa 7Fa P  | DIG2 seg=0x7F '8'
[   110.039561] S 6Ca 66a P  | DIG3 seg=0x66 '4'
[   110.039839] S 6Ea 00a P  | DIG4 seg=0x00 ' '
[   110.040117] S 4Fa 07a P  | KEY released/idle
[   110.238585] S 68a 3Fa P  | DIG1 seg=0x3F '0'
[   110.238863] S 6Aa 7Fa P  | DIG2 seg=0x7F '8'
[   110.239142] S 6Ca 6Da P  | DIG3 seg=0x6D '5'
[   110.239142] >>> DISPLAY: "085 "
[   110.239436] S 6Ea 00a P  | DIG4 seg=0x00 ' '
[   110.239714] S 4Fa 07a P  | KEY released/idle
[   110.438187] S 68a 3Fa P  | DIG1 seg=0x3F '0'
[   110.438465] S 6Aa 7Fa P  | DIG2 seg=0x7F '8'
[   110.438758] S 6Ca 6Da P  | DIG3 seg=0x6D '5'
[   110.439037] S 6Ea 00a P  | DIG4 seg=0x00 ' '
[   110.439316] S 4Fa 07a P  | KEY released/idle
[   110.637870] S 68a 3Fa P  | DIG1 seg=0x3F '0'
[   110.638148] S 6Aa 7Fa P  | DIG2 seg=0x7F '8'
[   110.638442] S 6Ca 6Da P  | DIG3 seg=0x6D '5'
[   110.638720] S 6Ea 00a P  | DIG4 seg=0x00 ' '
[   110.638998] S 4Fa 07a P  | KEY released/idle
[   110.837474] S 68a 3Fa P  | DIG1 seg=0x3F '0'
[   110.837752] S 6Aa 7Fa P  | DIG2 seg=0x7F '8'
[   110.838044] S 6Ca 6Da P  | DIG3 seg=0x6D '5'
[   110.838325] S 6Ea 00a P  | DIG4 seg=0x00 ' '
[   110.838603] S 4Fa 07a P  | KEY released/idle
[   111.037101] S 68a 3Fa P  | DIG1 seg=0x3F '0'
[   111.037393] S 6Aa 7Fa P  | DIG2 seg=0x7F '8'
[   111.037671] S 6Ca 6Da P  | DIG3 seg=0x6D '5'
[   111.037952] S 6Ea 00a P  | DIG4 seg=0x00 ' '
[   111.038244] S 4Fa 07a P  | KEY released/idle
[   111.236792] S 68a 3Fa P  | DIG1 seg=0x3F '0'
[   111.237084] S 6Aa 7Fa P  | DIG2 seg=0x7F '8'
[   111.237364] S 6Ca 6Da P  | DIG3 seg=0x6D '5'
[   111.237655] S 6Ea 00a P  | DIG4 seg=0x00 ' '
[   111.237933] S 4Fa 07a P  | KEY released/idle
[   111.436395] S 68a 3Fa P  | DIG1 seg=0x3F '0'
[   111.436673] S 6Aa 7Fa P  | DIG2 seg=0x7F '8'
[   111.436965] S 6Ca 7Da P  | DIG3 seg=0x7D '6'
[   111.436965] >>> DISPLAY: "086 "
[   111.437246] S 6Ea 00a P  | DIG4 seg=0x00 ' '
[   111.437538] S 4Fa 07a P  | KEY released/idle
[   111.636031] S 68a 3Fa P  | DIG1 seg=0x3F '0'
[   111.636309] S 6Aa 7Fa P  | DIG2 seg=0x7F '8'
[   111.636588] S 6Ca 7Da P  | DIG3 seg=0x7D '6'
[   111.636882] S 6Ea 00a P  | DIG4 seg=0x00 ' '
[   111.637160] S 4Fa 07a P  | KEY released/idle
[   111.835695] S 68a 3Fa P  | DIG1 seg=0x3F '0'
[   111.835973] S 6Aa 7Fa P  | DIG2 seg=0x7F '8'
[   111.836252] S 6Ca 7Da P  | DIG3 seg=0x7D '6'
[   111.836546] S 6Ea 00a P  | DIG4 seg=0x00 ' '
[   111.836825] S 4Fa 07a P  | KEY released/idle
[   112.035325] S 68a 3Fa P  | DIG1 seg=0x3F '0'
[   112.035603] S 6Aa 7Fa P  | DIG2 seg=0x7F '8'
[   112.035881] S 6Ca 7Da P  | DIG3 seg=0x7D '6'
[   112.036175] S 6Ea 00a P  | DIG4 seg=0x00 ' '
[   112.036453] S 4Fa 07a P  | KEY released/idle
[   112.234963] S 68a 3Fa P  | DIG1 seg=0x3F '0'
[   112.235242] S 6Aa 7Fa P  | DIG2 seg=0x7F '8'
[   112.235535] S 6Ca 7Da P  | DIG3 seg=0x7D '6'
[   112.235814] S 6Ea 00a P  | DIG4 seg=0x00 ' '
[   112.236092] S 4Fa 07a P  | KEY released/idle
[   112.434625] S 68a 3Fa P  | DIG1 seg=0x3F '0'
[   112.434903] S 6Aa 7Fa P  | DIG2 seg=0x7F '8'
[   112.435196] S 6Ca 7Da P  | DIG3 seg=0x7D '6'
[   112.435474] S 6Ea 00a P  | DIG4 seg=0x00 ' '
[   112.435751] S 4Fa 07a P  | KEY released/idle
[   112.634212] S 68a 3Fa P  | DIG1 seg=0x3F '0'
[   112.634492] S 6Aa 7Fa P  | DIG2 seg=0x7F '8'
[   112.634770] S 6Ca 07a P  | DIG3 seg=0x07 '7'
[   112.634770] >>> DISPLAY: "087 "
[   112.635063] S 6Ea 00a P  | DIG4 seg=0x00 ' '
[   112.635340] S 4Fa 07a P  | KEY released/idle
[   112.833831] S 68a 3Fa P  | DIG1 seg=0x3F '0'
[   112.834109] S 6Aa 7Fa P  | DIG2 seg=0x7F '8'
[   112.834401] S 6Ca 07a P  | DIG3 seg=0x07 '7'
[   112.834680] S 6Ea 00a P  | DIG4 seg=0x00 ' '
[   112.834959] S 4Fa 07a P  | KEY released/idle
[   113.033493] S 68a 3Fa P  | DIG1 seg=0x3F '0'
[   113.033785] S 6Aa 7Fa P  | DIG2 seg=0x7F '8'
[   113.034065] S 6Ca 07a P  | DIG3 seg=0x07 '7'
[   113.034343] S 6Ea 00a P  | DIG4 seg=0x00 ' '
[   113.034634] S 4Fa 07a P  | KEY released/idle
[   113.233090] S 68a 3Fa P  | DIG1 seg=0x3F '0'
[   113.233371] S 6Aa 7Fa P  | DIG2 seg=0x7F '8'
[   113.233649] S 6Ca 07a P  | DIG3 seg=0x07 '7'
[   113.233942] S 6Ea 00a P  | DIG4 seg=0x00 ' '
[   113.234220] S 4Fa 07a P  | KEY released/idle
[   113.432735] S 68a 3Fa P  | DIG1 seg=0x3F '0'
[   113.433027] S 6Aa 7Fa P  | DIG2 seg=0x7F '8'
[   113.433307] S 6Ca 07a P  | DIG3 seg=0x07 '7'
[   113.433586] S 6Ea 00a P  | DIG4 seg=0x00 ' '
[   113.433878] S 4Fa 07a P  | KEY released/idle
[   113.632428] S 68a 3Fa P  | DIG1 seg=0x3F '0'
[   113.632720] S 6Aa 7Fa P  | DIG2 seg=0x7F '8'
[   113.633000] S 6Ca 07a P  | DIG3 seg=0x07 '7'
[   113.633278] S 6Ea 00a P  | DIG4 seg=0x00 ' '
[   113.633569] S 4Fa 07a P  | KEY released/idle
[   113.832084] S 68a 3Fa P  | DIG1 seg=0x3F '0'
[   113.832376] S 6Aa 7Fa P  | DIG2 seg=0x7F '8'
[   113.832654] S 6Ca 7Fa P  | DIG3 seg=0x7F '8'
[   113.832654] >>> DISPLAY: "088 "
[   113.832933] S 6Ea 00a P  | DIG4 seg=0x00 ' '
[   113.833226] S 4Fa 07a P  | KEY released/idle
[   114.031758] S 68a 3Fa P  | DIG1 seg=0x3F '0'
[   114.032036] S 6Aa 7Fa P  | DIG2 seg=0x7F '8'
[   114.032314] S 6Ca 7Fa P  | DIG3 seg=0x7F '8'
[   114.032608] S 6Ea 00a P  | DIG4 seg=0x00 ' '
[   114.032888] S 4Fa 07a P  | KEY released/idle
[   114.231462] S 68a 3Fa P  | DIG1 seg=0x3F '0'
[   114.231741] S 6Aa 7Fa P  | DIG2 seg=0x7F '8'
[   114.232021] S 6Ca 7Fa P  | DIG3 seg=0x7F '8'
[   114.232312] S 6Ea 00a P  | DIG4 seg=0x00 ' '
[   114.232590] S 4Fa 07a P  | KEY released/idle
[   114.431059] S 68a 3Fa P  | DIG1 seg=0x3F '0'
[   114.431351] S 6Aa 7Fa P  | DIG2 seg=0x7F '8'
[   114.431630] S 6Ca 7Fa P  | DIG3 seg=0x7F '8'
[   114.431923] S 6Ea 00a P  | DIG4 seg=0x00 ' '
[   114.432201] S 4Fa 07a P  | KEY released/idle
[   114.630689] S 68a 3Fa P  | DIG1 seg=0x3F '0'
[   114.630967] S 6Aa 7Fa P  | DIG2 seg=0x7F '8'
[   114.631245] S 6Ca 7Fa P  | DIG3 seg=0x7F '8'
[   114.631540] S 6Ea 00a P  | DIG4 seg=0x00 ' '
[   114.631817] S 4Fa 07a P  | KEY released/idle
[   114.830368] S 68a 3Fa P  | DIG1 seg=0x3F '0'
[   114.830647] S 6Aa 7Fa P  | DIG2 seg=0x7F '8'
[   114.830941] S 6Ca 6Fa P  | DIG3 seg=0x6F '9'
[   114.830941] >>> DISPLAY: "089 "
[   114.831219] S 6Ea 00a P  | DIG4 seg=0x00 ' '
[   114.831497] S 4Fa 07a P  | KEY released/idle
[   115.029977] S 68a 3Fa P  | DIG1 seg=0x3F '0'
[   115.030256] S 6Aa 7Fa P  | DIG2 seg=0x7F '8'
[   115.030530] S P  | MALFORMED: 0 byte(s), expected 2
[   115.030549] S 6Ca 6Fa P  | DIG3 seg=0x6F '9'
[   115.030828] S 6Ea 00a P  | DIG4 seg=0x00 ' '
[   115.031107] S 4Fa 07a P  | KEY released/idle
[   115.229612] S 68a 3Fa P  | DIG1 seg=0x3F '0'
[   115.229906] S 6Aa 7Fa P  | DIG2 seg=0x7F '8'
[   115.230184] S 6Ca 6Fa P  | DIG3 seg=0x6F '9'
[   115.230463] S 6Ea 00a P  | DIG4 seg=0x00 ' '
[   115.230755] S 4Fa 07a P  | KEY released/idle
[   115.429307] S 68a 3Fa P  | DIG1 seg=0x3F '0'
[   115.429599] S 6Aa 7Fa P  | DIG2 seg=0x7F '8'
[   115.429878] S 6Ca 6Fa P  | DIG3 seg=0x6F '9'
[   115.430156] S 6Ea 00a P  | DIG4 seg=0x00 ' '
[   115.430450] S 4Fa 07a P  | KEY released/idle
[   115.628894] S 68a 3Fa P  | DIG1 seg=0x3F '0'
[   115.629172] S 6Aa 7Fa P  | DIG2 seg=0x7F '8'
[   115.629465] S 6Ca 6Fa P  | DIG3 seg=0x6F '9'
[   115.629745] S 6Ea 00a P  | DIG4 seg=0x00 ' '
[   115.630024] S 4Fa 07a P  | KEY released/idle
[   115.828560] S 68a 3Fa P  | DIG1 seg=0x3F '0'
[   115.828838] S 6Aa 7Fa P  | DIG2 seg=0x7F '8'
[   115.829116] S 6Ca 6Fa P  | DIG3 seg=0x6F '9'
[   115.829409] S 6Ea 00a P  | DIG4 seg=0x00 ' '
[   115.829690] S 4Fa 07a P  | KEY released/idle
[   116.028229] S 68a 3Fa P  | DIG1 seg=0x3F '0'
[   116.028523] S 6Aa 6Fa P  | DIG2 seg=0x6F '9'
[   116.028523] >>> DISPLAY: "099 "
[   116.028802] S 6Ca 3Fa P  | DIG3 seg=0x3F '0'
[   116.028802] >>> DISPLAY: "090 "
[   116.029094] S 6Ea 00a P  | DIG4 seg=0x00 ' '
[   116.029373] S 4Fa 07a P  | KEY released/idle
[   116.227840] S 68a 3Fa P  | DIG1 seg=0x3F '0'
[   116.228132] S 6Aa 6Fa P  | DIG2 seg=0x6F '9'
[   116.228412] S 6Ca 3Fa P  | DIG3 seg=0x3F '0'
[   116.228691] S 6Ea 00a P  | DIG4 seg=0x00 ' '
[   116.228983] S 4Fa 07a P  | KEY released/idle
[   116.427496] S 68a 3Fa P  | DIG1 seg=0x3F '0'
[   116.427776] S 6Aa 6Fa P  | DIG2 seg=0x6F '9'
[   116.428068] S 6Ca 3Fa P  | DIG3 seg=0x3F '0'
[   116.428347] S 6Ea 00a P  | DIG4 seg=0x00 ' '
[   116.428625] S 4Fa 07a P  | KEY released/idle
[   116.627189] S 68a 3Fa P  | DIG1 seg=0x3F '0'
[   116.627466] S 6Aa 6Fa P  | DIG2 seg=0x6F '9'
[   116.627746] S 6Ca 3Fa P  | DIG3 seg=0x3F '0'
[   116.628038] S 6Ea 00a P  | DIG4 seg=0x00 ' '
[   116.628316] S 4Fa 07a P  | KEY released/idle
[   116.826827] S 68a 3Fa P  | DIG1 seg=0x3F '0'
[   116.827105] S 6Aa 6Fa P  | DIG2 seg=0x6F '9'
[   116.827385] S 6Ca 3Fa P  | DIG3 seg=0x3F '0'
[   116.827678] S 6Ea 00a P  | DIG4 seg=0x00 ' '
[   116.827958] S 4Fa 07a P  | KEY released/idle
[   117.026489] S 68a 3Fa P  | DIG1 seg=0x3F '0'
[   117.026769] S 6Aa 6Fa P  | DIG2 seg=0x6F '9'
[   117.027062] S 6Ca 3Fa P  | DIG3 seg=0x3F '0'
[   117.027341] S 6Ea 00a P  | DIG4 seg=0x00 ' '
[   117.027619] S 4Fa 07a P  | KEY released/idle
[   117.226212] S 68a 3Fa P  | DIG1 seg=0x3F '0'
[   117.226503] S 6Aa 6Fa P  | DIG2 seg=0x6F '9'
[   117.226784] S 6Ca 06a P  | DIG3 seg=0x06 '1'
[   117.226784] >>> DISPLAY: "091 "
[   117.227063] S 6Ea 00a P  | DIG4 seg=0x00 ' '
[   117.227355] S 4Fa 07a P  | KEY released/idle
[   117.425811] S 68a 3Fa P  | DIG1 seg=0x3F '0'
[   117.426091] S 6Aa 6Fa P  | DIG2 seg=0x6F '9'
[   117.426369] S 6Ca 06a P  | DIG3 seg=0x06 '1'
[   117.426663] S 6Ea 00a P  | DIG4 seg=0x00 ' '
[   117.426941] S 4Fa 07a P  | KEY released/idle
[   117.625459] S 68a 3Fa P  | DIG1 seg=0x3F '0'
[   117.625750] S 6Aa 6Fa P  | DIG2 seg=0x6F '9'
[   117.626028] S 6Ca 06a P  | DIG3 seg=0x06 '1'
[   117.626307] S 6Ea 00a P  | DIG4 seg=0x00 ' '
[   117.626601] S 4Fa 07a P  | KEY released/idle
[   117.825173] S 68a 3Fa P  | DIG1 seg=0x3F '0'
[   117.825451] S 6Aa 6Fa P  | DIG2 seg=0x6F '9'
[   117.825731] S 6Ca 06a P  | DIG3 seg=0x06 '1'
[   117.826023] S 6Ea 00a P  | DIG4 seg=0x00 ' '
[   117.826300] S 4Fa 07a P  | KEY released/idle
[   118.024762] S 68a 3Fa P  | DIG1 seg=0x3F '0'
[   118.025040] S 6Aa 6Fa P  | DIG2 seg=0x6F '9'
[   118.025333] S 6Ca 06a P  | DIG3 seg=0x06 '1'
[   118.025612] S 6Ea 00a P  | DIG4 seg=0x00 ' '
[   118.025890] S 4Fa 07a P  | KEY released/idle
[   118.224417] S 68a 3Fa P  | DIG1 seg=0x3F '0'
[   118.224695] S 6Aa 6Fa P  | DIG2 seg=0x6F '9'
[   118.224975] S 6Ca 06a P  | DIG3 seg=0x06 '1'
[   118.225268] S 6Ea 00a P  | DIG4 seg=0x00 ' '
[   118.225546] S 4Fa 07a P  | KEY released/idle
[   118.424070] S 68a 3Fa P  | DIG1 seg=0x3F '0'
[   118.424363] S 6Aa 6Fa P  | DIG2 seg=0x6F '9'
[   118.424642] S 6Ca 5Ba P  | DIG3 seg=0x5B '2'
[   118.424642] >>> DISPLAY: "092 "
[   118.424921] S 6Ea 00a P  | DIG4 seg=0x00 ' '
[   118.425213] S 4Fa 07a P  | KEY released/idle
[   118.623707] S 68a 3Fa P  | DIG1 seg=0x3F '0'
[   118.623985] S 6Aa 6Fa P  | DIG2 seg=0x6F '9'
[   118.624262] S 6Ca 5Ba P  | DIG3 seg=0x5B '2'
[   118.624556] S 6Ea 00a P  | DIG4 seg=0x00 ' '
[   118.624835] S 4Fa 07a P  | KEY released/idle
[   118.823330] S 68a 3Fa P  | DIG1 seg=0x3F '0'
[   118.823608] S 6Aa 6Fa P  | DIG2 seg=0x6F '9'
[   118.823901] S 6Ca 5Ba P  | DIG3 seg=0x5B '2'
[   118.824180] S 6Ea 00a P  | DIG4 seg=0x00 ' '
[   118.824458] S 4Fa 07a P  | KEY released/idle
[   119.022985] S 68a 3Fa P  | DIG1 seg=0x3F '0'
[   119.023263] S 6Aa 6Fa P  | DIG2 seg=0x6F '9'
[   119.023556] S 6Ca 5Ba P  | DIG3 seg=0x5B '2'
[   119.023835] S 6Ea 00a P  | DIG4 seg=0x00 ' '
[   119.024113] S 4Fa 07a P  | KEY released/idle
[   119.222549] S 68a 3Fa P  | DIG1 seg=0x3F '0'
[   119.222827] S 6Aa 6Fa P  | DIG2 seg=0x6F '9'
[   119.223105] S 6Ca 5Ba P  | DIG3 seg=0x5B '2'
[   119.223399] S 6Ea 00a P  | DIG4 seg=0x00 ' '
[   119.223677] S 4Fa 07a P  | KEY released/idle
[   119.422144] S 68a 3Fa P  | DIG1 seg=0x3F '0'
[   119.422422] S 6Aa 6Fa P  | DIG2 seg=0x6F '9'
[   119.422713] S 6Ca 5Ba P  | DIG3 seg=0x5B '2'
[   119.422993] S 6Ea 00a P  | DIG4 seg=0x00 ' '
[   119.423285] S 4Fa 07a P  | KEY released/idle
[   119.621810] S 68a 3Fa P  | DIG1 seg=0x3F '0'
[   119.622102] S 6Aa 6Fa P  | DIG2 seg=0x6F '9'
[   119.622383] S 6Ca 4Fa P  | DIG3 seg=0x4F '3'
[   119.622383] >>> DISPLAY: "093 "
[   119.622662] S 6Ea 00a P  | DIG4 seg=0x00 ' '
[   119.622953] S 4Fa 07a P  | KEY released/idle
[   119.821397] S 68a 3Fa P  | DIG1 seg=0x3F '0'
[   119.821675] S 6Aa 6Fa P  | DIG2 seg=0x6F '9'
[   119.821967] S 6Ca 4Fa P  | DIG3 seg=0x4F '3'
[   119.822248] S 6Ea 00a P  | DIG4 seg=0x00 ' '
[   119.822526] S 4Fa 07a P  | KEY released/idle
[   120.021037] S 68a 3Fa P  | DIG1 seg=0x3F '0'
[   120.021330] S 6Aa 6Fa P  | DIG2 seg=0x6F '9'
[   120.021608] S 6Ca 4Fa P  | DIG3 seg=0x4F '3'
[   120.021887] S 6Ea 00a P  | DIG4 seg=0x00 ' '
[   120.022181] S 4Fa 07a P  | KEY released/idle
[   120.220698] S 68a 3Fa P  | DIG1 seg=0x3F '0'
[   120.220990] S 6Aa 6Fa P  | DIG2 seg=0x6F '9'
[   120.221269] S 6Ca 4Fa P  | DIG3 seg=0x4F '3'
[   120.221562] S 6Ea 00a P  | DIG4 seg=0x00 ' '
[   120.221839] S 4Fa 07a P  | KEY released/idle
[   120.420275] S 68a 3Fa P  | DIG1 seg=0x3F '0'
[   120.420567] S 6Aa 6Fa P  | DIG2 seg=0x6F '9'
[   120.420845] S 6Ca 4Fa P  | DIG3 seg=0x4F '3'
[   120.421124] S 6Ea 00a P  | DIG4 seg=0x00 ' '
[   120.421418] S 4Fa 07a P  | KEY released/idle
[   120.619896] S 68a 3Fa P  | DIG1 seg=0x3F '0'
[   120.620175] S 6Aa 6Fa P  | DIG2 seg=0x6F '9'
[   120.620453] S 6Ca 4Fa P  | DIG3 seg=0x4F '3'
[   120.620746] S 6Ea 00a P  | DIG4 seg=0x00 ' '
[   120.621025] S 4Fa 07a P  | KEY released/idle
[   120.819548] S 68a 3Fa P  | DIG1 seg=0x3F '0'
[   120.819826] S 6Aa 6Fa P  | DIG2 seg=0x6F '9'
[   120.820105] S 6Ca 66a P  | DIG3 seg=0x66 '4'
[   120.820105] >>> DISPLAY: "094 "
[   120.820397] S 6Ea 00a P  | DIG4 seg=0x00 ' '
[   120.820676] S 4Fa 07a P  | KEY released/idle
[   121.019144] S 68a 3Fa P  | DIG1 seg=0x3F '0'
[   121.019422] S 6Aa 6Fa P  | DIG2 seg=0x6F '9'
[   121.019699] S 6Ca 66a P  | DIG3 seg=0x66 '4'
[   121.019993] S 6Ea 00a P  | DIG4 seg=0x00 ' '
[   121.020272] S 4Fa 07a P  | KEY released/idle
[   121.218733] S 68a 3Fa P  | DIG1 seg=0x3F '0'
[   121.219011] S 6Aa 6Fa P  | DIG2 seg=0x6F '9'
[   121.219303] S 6Ca 66a P  | DIG3 seg=0x66 '4'
[   121.219582] S 6Ea 00a P  | DIG4 seg=0x00 ' '
[   121.219860] S 4Fa 07a P  | KEY released/idle
[   121.418373] S 68a 3Fa P  | DIG1 seg=0x3F '0'
[   121.418650] S 6Aa 6Fa P  | DIG2 seg=0x6F '9'
[   121.418944] S 6Ca 66a P  | DIG3 seg=0x66 '4'
[   121.419223] S 6Ea 00a P  | DIG4 seg=0x00 ' '
[   121.419501] S 4Fa 07a P  | KEY released/idle
[   121.617977] S 68a 3Fa P  | DIG1 seg=0x3F '0'
[   121.618255] S 6Aa 6Fa P  | DIG2 seg=0x6F '9'
[   121.618549] S 6Ca 66a P  | DIG3 seg=0x66 '4'
[   121.618828] S 6Ea 00a P  | DIG4 seg=0x00 ' '
[   121.619107] S 4Fa 07a P  | KEY released/idle
[   121.817600] S 68a 3Fa P  | DIG1 seg=0x3F '0'
[   121.817878] S 6Aa 6Fa P  | DIG2 seg=0x6F '9'
[   121.818170] S 6Ca 66a P  | DIG3 seg=0x66 '4'
[   121.818449] S 6Ea 00a P  | DIG4 seg=0x00 ' '
[   121.818727] S 4Fa 07a P  | KEY released/idle
[   122.017292] S 68a 3Fa P  | DIG1 seg=0x3F '0'
[   122.017584] S 6Aa 6Fa P  | DIG2 seg=0x6F '9'
[   122.017863] S 6Ca 6Da P  | DIG3 seg=0x6D '5'
[   122.017863] >>> DISPLAY: "095 "
[   122.018141] S 6Ea 00a P  | DIG4 seg=0x00 ' '
[   122.018434] S 4Fa 07a P  | KEY released/idle
[   122.216885] S 68a 3Fa P  | DIG1 seg=0x3F '0'
[   122.217162] S 6Aa 6Fa P  | DIG2 seg=0x6F '9'
[   122.217456] S 6Ca 6Da P  | DIG3 seg=0x6D '5'
[   122.217735] S 6Ea 00a P  | DIG4 seg=0x00 ' '
[   122.218013] S 4Fa 07a P  | KEY released/idle
[   122.416537] S 68a 3Fa P  | DIG1 seg=0x3F '0'
[   122.416829] S 6Aa 6Fa P  | DIG2 seg=0x6F '9'
[   122.417106] S 6Ca 6Da P  | DIG3 seg=0x6D '5'
[   122.417400] S 6Ea 00a P  | DIG4 seg=0x00 ' '
[   122.417678] S 4Fa 07a P  | KEY released/idle
[   122.616214] S 68a 3Fa P  | DIG1 seg=0x3F '0'
[   122.616507] S 6Aa 6Fa P  | DIG2 seg=0x6F '9'
[   122.616786] S 6Ca 6Da P  | DIG3 seg=0x6D '5'
[   122.617066] S 6Ea 00a P  | DIG4 seg=0x00 ' '
[   122.617359] S 4Fa 07a P  | KEY released/idle
[   122.815843] S 68a 3Fa P  | DIG1 seg=0x3F '0'
[   122.816135] S 6Aa 6Fa P  | DIG2 seg=0x6F '9'
[   122.816413] S 6Ca 6Da P  | DIG3 seg=0x6D '5'
[   122.816692] S 6Ea 00a P  | DIG4 seg=0x00 ' '
[   122.816987] S 4Fa 07a P  | KEY released/idle
[   123.015478] S 68a 3Fa P  | DIG1 seg=0x3F '0'
[   123.015756] S 6Aa 6Fa P  | DIG2 seg=0x6F '9'
[   123.016049] S 6Ca 6Da P  | DIG3 seg=0x6D '5'
[   123.016328] S 6Ea 00a P  | DIG4 seg=0x00 ' '
[   123.016605] S 4Fa 07a P  | KEY released/idle
[   123.215114] S 68a 3Fa P  | DIG1 seg=0x3F '0'
[   123.215392] S 6Aa 6Fa P  | DIG2 seg=0x6F '9'
[   123.215673] S 6Ca 7Da P  | DIG3 seg=0x7D '6'
[   123.215673] >>> DISPLAY: "096 "
[   123.215965] S 6Ea 00a P  | DIG4 seg=0x00 ' '
[   123.216243] S 4Fa 07a P  | KEY released/idle
[   123.414699] S 68a 3Fa P  | DIG1 seg=0x3F '0'
[   123.414977] S 6Aa 6Fa P  | DIG2 seg=0x6F '9'
[   123.415255] S 6Ca 7Da P  | DIG3 seg=0x7D '6'
[   123.415548] S 6Ea 00a P  | DIG4 seg=0x00 ' '
[   123.415827] S 4Fa 07a P  | KEY released/idle
[   123.614305] S 68a 3Fa P  | DIG1 seg=0x3F '0'
[   123.614583] S 6Aa 6Fa P  | DIG2 seg=0x6F '9'
[   123.614861] S 6Ca 7Da P  | DIG3 seg=0x7D '6'
[   123.615155] S 6Ea 00a P  | DIG4 seg=0x00 ' '
[   123.615432] S 4Fa 07a P  | KEY released/idle
[   123.813985] S 68a 3Fa P  | DIG1 seg=0x3F '0'
[   123.814263] S 6Aa 6Fa P  | DIG2 seg=0x6F '9'
[   123.814558] S 6Ca 7Da P  | DIG3 seg=0x7D '6'
[   123.814836] S 6Ea 00a P  | DIG4 seg=0x00 ' '
[   123.815113] S 4Fa 07a P  | KEY released/idle
[   124.013596] S 68a 3Fa P  | DIG1 seg=0x3F '0'
[   124.013874] S 6Aa 6Fa P  | DIG2 seg=0x6F '9'
[   124.014166] S 6Ca 7Da P  | DIG3 seg=0x7D '6'
[   124.014445] S 6Ea 00a P  | DIG4 seg=0x00 ' '
[   124.014724] S 4Fa 07a P  | KEY released/idle
[   124.213191] S 68a 3Fa P  | DIG1 seg=0x3F '0'
[   124.213470] S 6Aa 6Fa P  | DIG2 seg=0x6F '9'
[   124.213762] S 6Ca 7Da P  | DIG3 seg=0x7D '6'
[   124.214041] S 6Ea 00a P  | DIG4 seg=0x00 ' '
[   124.214320] S 4Fa 07a P  | KEY released/idle
[   124.412857] S 68a 3Fa P  | DIG1 seg=0x3F '0'
[   124.413149] S 6Aa 6Fa P  | DIG2 seg=0x6F '9'
[   124.413428] S 6Ca 07a P  | DIG3 seg=0x07 '7'
[   124.413428] >>> DISPLAY: "097 "
[   124.413706] S 6Ea 00a P  | DIG4 seg=0x00 ' '
[   124.413998] S 4Fa 07a P  | KEY released/idle
[   124.612458] S 68a 3Fa P  | DIG1 seg=0x3F '0'
[   124.612736] S 6Aa 6Fa P  | DIG2 seg=0x6F '9'
[   124.613028] S 6Ca 07a P  | DIG3 seg=0x07 '7'
[   124.613308] S 6Ea 00a P  | DIG4 seg=0x00 ' '
[   124.613588] S 4Fa 07a P  | KEY released/idle
[   124.812075] S 68a 3Fa P  | DIG1 seg=0x3F '0'
[   124.812368] S 6Aa 6Fa P  | DIG2 seg=0x6F '9'
[   124.812646] S 6Ca 07a P  | DIG3 seg=0x07 '7'
[   124.812927] S 6Ea 00a P  | DIG4 seg=0x00 ' '
[   124.813219] S 4Fa 07a P  | KEY released/idle
[   125.011732] S 68a 3Fa P  | DIG1 seg=0x3F '0'
[   125.012025] S 6Aa 6Fa P  | DIG2 seg=0x6F '9'
[   125.012304] S 6Ca 07a P  | DIG3 seg=0x07 '7'
[   125.012582] S 6Ea 00a P  | DIG4 seg=0x00 ' '
[   125.012874] S 4Fa 07a P  | KEY released/idle
[   125.211310] S 68a 3Fa P  | DIG1 seg=0x3F '0'
[   125.211602] S 6Aa 6Fa P  | DIG2 seg=0x6F '9'
[   125.211880] S 6Ca 07a P  | DIG3 seg=0x07 '7'
[   125.212162] S 6Ea 00a P  | DIG4 seg=0x00 ' '
[   125.212454] S 4Fa 07a P  | KEY released/idle
[   125.410922] S 68a 3Fa P  | DIG1 seg=0x3F '0'
[   125.411201] S 6Aa 6Fa P  | DIG2 seg=0x6F '9'
[   125.411479] S 6Ca 07a P  | DIG3 seg=0x07 '7'
[   125.411772] S 6Ea 00a P  | DIG4 seg=0x00 ' '
[   125.412050] S 4Fa 07a P  | KEY released/idle
[   125.610559] S 68a 3Fa P  | DIG1 seg=0x3F '0'
[   125.610838] S 6Aa 6Fa P  | DIG2 seg=0x6F '9'
[   125.611117] S 6Ca 7Fa P  | DIG3 seg=0x7F '8'
[   125.611117] >>> DISPLAY: "098 "
[   125.611409] S 6Ea 00a P  | DIG4 seg=0x00 ' '
[   125.611687] S 4Fa 07a P  | KEY released/idle
[   125.810148] S 68a 3Fa P  | DIG1 seg=0x3F '0'
[   125.810426] S 6Aa 6Fa P  | DIG2 seg=0x6F '9'
[   125.810704] S 6Ca 7Fa P  | DIG3 seg=0x7F '8'
[   125.811000] S 6Ea 00a P  | DIG4 seg=0x00 ' '
[   125.811277] S 4Fa 07a P  | KEY released/idle
[   126.009446] S 48a 21a P  | CTRL display=ON sleep=no seg=8 brightness=2
[   126.009724] S 68a 3Fa P  | DIG1 seg=0x3F '0'
[   126.010002] S 6Aa 6Fa P  | DIG2 seg=0x6F '9'
[   126.010295] S 6Ca 7Fa P  | DIG3 seg=0x7F '8'
[   126.010574] S 6Ea 00a P  | DIG4 seg=0x00 ' '
[   126.010852] S 4Fa 07a P  | KEY released/idle
[   126.209355] S 68a 3Fa P  | DIG1 seg=0x3F '0'
[   126.209633] S 6Aa 6Fa P  | DIG2 seg=0x6F '9'
[   126.209927] S 6Ca 7Fa P  | DIG3 seg=0x7F '8'
[   126.210204] S 6Ea 00a P  | DIG4 seg=0x00 ' '
[   126.210482] S 4Fa 07a P  | KEY released/idle
[   126.408913] S 68a 3Fa P  | DIG1 seg=0x3F '0'
[   126.409191] S 6Aa 6Fa P  | DIG2 seg=0x6F '9'
[   126.409484] S 6Ca 7Fa P  | DIG3 seg=0x7F '8'
[   126.409765] S 6Ea 00a P  | DIG4 seg=0x00 ' '
[   126.410043] S 4Fa 07a P  | KEY released/idle
[   126.608508] S 68a 3Fa P  | DIG1 seg=0x3F '0'
[   126.608800] S 6Aa 6Fa P  | DIG2 seg=0x6F '9'
[   126.609080] S 6Ca 6Fa P  | DIG3 seg=0x6F '9'
[   126.609080] >>> DISPLAY: "099 "
[   126.609359] S 6Ea 00a P  | DIG4 seg=0x00 ' '
[   126.609651] S 4Fa 07a P  | KEY released/idle
[   126.808151] S 68a 3Fa P  | DIG1 seg=0x3F '0'
[   126.808442] S 6Aa 6Fa P  | DIG2 seg=0x6F '9'
[   126.808723] S 6Ca 6Fa P  | DIG3 seg=0x6F '9'
[   126.809001] S 6Ea 00a P  | DIG4 seg=0x00 ' '
[   126.809294] S 4Fa 07a P  | KEY released/idle
[   127.007682] S 68a 3Fa P  | DIG1 seg=0x3F '0'
[   127.007960] S 6Aa 6Fa P  | DIG2 seg=0x6F '9'
[   127.008252] S 6Ca 6Fa P  | DIG3 seg=0x6F '9'
[   127.008531] S 6Ea 00a P  | DIG4 seg=0x00 ' '
[   127.008810] S 4Fa 07a P  | KEY released/idle
[   127.207302] S 68a 3Fa P  | DIG1 seg=0x3F '0'
[   127.207580] S 6Aa 6Fa P  | DIG2 seg=0x6F '9'
[   127.207858] S 6Ca 6Fa P  | DIG3 seg=0x6F '9'
[   127.208152] S 6Ea 00a P  | DIG4 seg=0x00 ' '
[   127.208430] S 4Fa 07a P  | KEY released/idle
[   127.406920] S 68a 3Fa P  | DIG1 seg=0x3F '0'
[   127.407212] S 6Aa 6Fa P  | DIG2 seg=0x6F '9'
[   127.407493] S 6Ca 6Fa P  | DIG3 seg=0x6F '9'
[   127.407771] S 6Ea 00a P  | DIG4 seg=0x00 ' '
[   127.408062] S 4Fa 07a P  | KEY released/idle
[   127.606503] S 68a 3Fa P  | DIG1 seg=0x3F '0'
[   127.606797] S 6Aa 6Fa P  | DIG2 seg=0x6F '9'
[   127.607076] S 6Ca 6Fa P  | DIG3 seg=0x6F '9'
[   127.607369] S 6Ea 00a P  | DIG4 seg=0x00 ' '
[   127.607647] S 4Fa 07a P  | KEY released/idle
[   127.806108] S 68a 06a P  | DIG1 seg=0x06 '1'
[   127.806108] >>> DISPLAY: "199 "
[   127.806386] S 6Aa 3Fa P  | DIG2 seg=0x3F '0'
[   127.806386] >>> DISPLAY: "109 "
[   127.806678] S 6Ca 3Fa P  | DIG3 seg=0x3F '0'
[   127.806678] >>> DISPLAY: "100 "
[   127.806959] S 6Ea 00a P  | DIG4 seg=0x00 ' '
[   127.807236] S 4Fa 07a P  | KEY released/idle
[   128.005739] S 68a 06a P  | DIG1 seg=0x06 '1'
[   128.006017] S 6Aa 3Fa P  | DIG2 seg=0x3F '0'
[   128.006310] S 6Ca 3Fa P  | DIG3 seg=0x3F '0'
[   128.006588] S 6Ea 00a P  | DIG4 seg=0x00 ' '
[   128.006866] S 4Fa 07a P  | KEY released/idle
[   128.205326] S 68a 06a P  | DIG1 seg=0x06 '1'
[   128.205606] S 6Aa 3Fa P  | DIG2 seg=0x3F '0'
[   128.205884] S 6Ca 3Fa P  | DIG3 seg=0x3F '0'
[   128.206178] S 6Ea 00a P  | DIG4 seg=0x00 ' '
[   128.206455] S 4Fa 07a P  | KEY released/idle
[   128.404910] S 68a 06a P  | DIG1 seg=0x06 '1'
[   128.405188] S 6Aa 3Fa P  | DIG2 seg=0x3F '0'
[   128.405482] S 6Ca 3Fa P  | DIG3 seg=0x3F '0'
[   128.405761] S 6Ea 00a P  | DIG4 seg=0x00 ' '
[   128.406040] S 4Fa 07a P  | KEY released/idle
[   128.604585] S 68a 06a P  | DIG1 seg=0x06 '1'
[   128.604863] S 6Aa 3Fa P  | DIG2 seg=0x3F '0'
[   128.605156] S 6Ca 3Fa P  | DIG3 seg=0x3F '0'
[   128.605434] S 6Ea 00a P  | DIG4 seg=0x00 ' '
[   128.605713] S 4Fa 07a P  | KEY released/idle
[   128.804164] S 68a 06a P  | DIG1 seg=0x06 '1'
[   128.804442] S 6Aa 3Fa P  | DIG2 seg=0x3F '0'
[   128.804735] S 6Ca 3Fa P  | DIG3 seg=0x3F '0'
[   128.805014] S 6Ea 00a P  | DIG4 seg=0x00 ' '
[   128.805292] S 4Fa 07a P  | KEY released/idle
[   129.003784] S 68a 06a P  | DIG1 seg=0x06 '1'
[   129.004076] S 6Aa 3Fa P  | DIG2 seg=0x3F '0'
[   129.004354] S 6Ca 06a P  | DIG3 seg=0x06 '1'
[   129.004354] >>> DISPLAY: "101 "
[   129.004633] S 6Ea 00a P  | DIG4 seg=0x00 ' '
[   129.004927] S 4Fa 07a P  | KEY released/idle
[   129.203431] S 68a 06a P  | DIG1 seg=0x06 '1'
[   129.203723] S 6Aa 3Fa P  | DIG2 seg=0x3F '0'
[   129.204004] S 6Ca 06a P  | DIG3 seg=0x06 '1'
[   129.204282] S 6Ea 00a P  | DIG4 seg=0x00 ' '
[   129.204573] S 4Fa 07a P  | KEY released/idle
[   129.403006] S 68a 06a P  | DIG1 seg=0x06 '1'
[   129.403298] S 6Aa 3Fa P  | DIG2 seg=0x3F '0'
[   129.403576] S 6Ca 06a P  | DIG3 seg=0x06 '1'
[   129.403856] S 6Ea 00a P  | DIG4 seg=0x00 ' '
[   129.404148] S 4Fa 07a P  | KEY released/idle
[   129.602627] S 68a 06a P  | DIG1 seg=0x06 '1'
[   129.602905] S 6Aa 3Fa P  | DIG2 seg=0x3F '0'
[   129.603183] S 6Ca 06a P  | DIG3 seg=0x06 '1'
[   129.603476] S 6Ea 00a P  | DIG4 seg=0x00 ' '
[   129.603753] S 4Fa 07a P  | KEY released/idle
[   129.802221] S 68a 06a P  | DIG1 seg=0x06 '1'
[   129.802514] S 6Aa 3Fa P  | DIG2 seg=0x3F '0'
[   129.802793] S 6Ca 06a P  | DIG3 seg=0x06 '1'
[   129.803071] S 6Ea 00a P  | DIG4 seg=0x00 ' '
[   129.803363] S 4Fa 07a P  | KEY released/idle
[   130.001798] S 68a 06a P  | DIG1 seg=0x06 '1'
[   130.002090] S 6Aa 3Fa P  | DIG2 seg=0x3F '0'
[   130.002367] S 6Ca 06a P  | DIG3 seg=0x06 '1'
[   130.002661] S 6Ea 00a P  | DIG4 seg=0x00 ' '
[   130.002939] S 4Fa 07a P  | KEY released/idle
[   130.201397] S 68a 06a P  | DIG1 seg=0x06 '1'
[   130.201675] S 6Aa 3Fa P  | DIG2 seg=0x3F '0'
[   130.201967] S 6Ca 5Ba P  | DIG3 seg=0x5B '2'
[   130.201967] >>> DISPLAY: "102 "
[   130.202247] S 6Ea 00a P  | DIG4 seg=0x00 ' '
[   130.202524] S 4Fa 07a P  | KEY released/idle
[   130.400999] S 68a 06a P  | DIG1 seg=0x06 '1'
[   130.401279] S 6Aa 3Fa P  | DIG2 seg=0x3F '0'
[   130.401571] S 6Ca 5Ba P  | DIG3 seg=0x5B '2'
[   130.401850] S 6Ea 00a P  | DIG4 seg=0x00 ' '
[   130.402128] S 4Fa 07a P  | KEY released/idle
[   130.600528] S 68a 06a P  | DIG1 seg=0x06 '1'
[   130.600806] S 6Aa 3Fa P  | DIG2 seg=0x3F '0'
[   130.601098] S 6Ca 5Ba P  | DIG3 seg=0x5B '2'
[   130.601377] S 6Ea 00a P  | DIG4 seg=0x00 ' '
[   130.601655] S 4Fa 07a P  | KEY released/idle
[   130.800065] S 68a 06a P  | DIG1 seg=0x06 '1'
[   130.800344] S 6Aa 3Fa P  | DIG2 seg=0x3F '0'
[   130.800636] S 6Ca 5Ba P  | DIG3 seg=0x5B '2'
[   130.800915] S 6Ea 00a P  | DIG4 seg=0x00 ' '
[   130.801194] S 4Fa 07a P  | KEY released/idle
[   130.999702] S 68a 06a P  | DIG1 seg=0x06 '1'
[   130.999994] S 6Aa 3Fa P  | DIG2 seg=0x3F '0'
[   131.000273] S 6Ca 5Ba P  | DIG3 seg=0x5B '2'
[   131.000553] S 6Ea 00a P  | DIG4 seg=0x00 ' '
[   131.000844] S 4Fa 07a P  | KEY released/idle
[   131.199234] S 68a 06a P  | DIG1 seg=0x06 '1'
[   131.199512] S 6Aa 3Fa P  | DIG2 seg=0x3F '0'
[   131.199805] S 6Ca 5Ba P  | DIG3 seg=0x5B '2'
[   131.200085] S 6Ea 00a P  | DIG4 seg=0x00 ' '
[   131.200362] S 4Fa 07a P  | KEY released/idle
[   131.398803] S 68a 06a P  | DIG1 seg=0x06 '1'
[   131.399095] S 6Aa 3Fa P  | DIG2 seg=0x3F '0'
[   131.399373] S 6Ca 4Fa P  | DIG3 seg=0x4F '3'
[   131.399373] >>> DISPLAY: "103 "
[   131.399667] S 6Ea 00a P  | DIG4 seg=0x00 ' '
[   131.399945] S 4Fa 07a P  | KEY released/idle
[   131.598426] S 68a 06a P  | DIG1 seg=0x06 '1'
[   131.598703] S 6Aa 3Fa P  | DIG2 seg=0x3F '0'
[   131.598983] S 6Ca 4Fa P  | DIG3 seg=0x4F '3'
[   131.599275] S 6Ea 00a P  | DIG4 seg=0x00 ' '
[   131.599554] S 4Fa 07a P  | KEY released/idle
[   131.797962] S 68a 06a P  | DIG1 seg=0x06 '1'
[   131.798255] S 6Aa 3Fa P  | DIG2 seg=0x3F '0'
[   131.798533] S 6Ca 4Fa P  | DIG3 seg=0x4F '3'
[   131.798812] S 6Ea 00a P  | DIG4 seg=0x00 ' '
[   131.799106] S 4Fa 07a P  | KEY released/idle
[   131.997590] S 68a 06a P  | DIG1 seg=0x06 '1'
[   131.997867] S 6Aa 3Fa P  | DIG2 seg=0x3F '0'
[   131.998145] S 6Ca 4Fa P  | DIG3 seg=0x4F '3'
[   131.998439] S 6Ea 00a P  | DIG4 seg=0x00 ' '
[   131.998717] S 4Fa 07a P  | KEY released/idle
[   132.197248] S 68a 06a P  | DIG1 seg=0x06 '1'
[   132.197526] S 6Aa 3Fa P  | DIG2 seg=0x3F '0'
[   132.197805] S 6Ca 4Fa P  | DIG3 seg=0x4F '3'
[   132.198096] S 6Ea 00a P  | DIG4 seg=0x00 ' '
[   132.198376] S 4Fa 07a P  | KEY released/idle
[   132.396813] S 68a 06a P  | DIG1 seg=0x06 '1'
[   132.397090] S 6Aa 3Fa P  | DIG2 seg=0x3F '0'
[   132.397368] S 6Ca 4Fa P  | DIG3 seg=0x4F '3'
[   132.397661] S 6Ea 00a P  | DIG4 seg=0x00 ' '
[   132.397939] S 4Fa 07a P  | KEY released/idle
[   132.596395] S 68a 06a P  | DIG1 seg=0x06 '1'
[   132.596673] S 6Aa 3Fa P  | DIG2 seg=0x3F '0'
[   132.596947] S P  | MALFORMED: 0 byte(s), expected 2
[   132.596965] S 6Ca 66a P  | DIG3 seg=0x66 '4'
[   132.596965] >>> DISPLAY: "104 "
[   132.597245] S 6Ea 00a P  | DIG4 seg=0x00 ' '
[   132.597522] S 4Fa 07a P  | KEY released/idle
[   132.796045] S 68a 06a P  | DIG1 seg=0x06 '1'
[   132.796323] S 6Aa 3Fa P  | DIG2 seg=0x3F '0'
[   132.796618] S 6Ca 66a P  | DIG3 seg=0x66 '4'
[   132.796895] S 6Ea 00a P  | DIG4 seg=0x00 ' '
[   132.797174] S 4Fa 07a P  | KEY released/idle
[   132.995635] S 68a 06a P  | DIG1 seg=0x06 '1'
[   132.995913] S 6Aa 3Fa P  | DIG2 seg=0x3F '0'
[   132.996205] S 6Ca 66a P  | DIG3 seg=0x66 '4'
[   132.996484] S 6Ea 00a P  | DIG4 seg=0x00 ' '
[   132.996762] S 4Fa 07a P  | KEY released/idle
[   133.195248] S 68a 06a P  | DIG1 seg=0x06 '1'
[   133.195525] S 6Aa 3Fa P  | DIG2 seg=0x3F '0'
[   133.195818] S 6Ca 66a P  | DIG3 seg=0x66 '4'
[   133.196097] S 6Ea 00a P  | DIG4 seg=0x00 ' '
[   133.196375] S 4Fa 07a P  | KEY released/idle
[   133.394936] S 68a 06a P  | DIG1 seg=0x06 '1'
[   133.395227] S 6Aa 3Fa P  | DIG2 seg=0x3F '0'
[   133.395507] S 6Ca 66a P  | DIG3 seg=0x66 '4'
[   133.395784] S 6Ea 00a P  | DIG4 seg=0x00 ' '
[   133.396077] S 4Fa 07a P  | KEY released/idle
[   133.594522] S 68a 06a P  | DIG1 seg=0x06 '1'
[   133.594800] S 6Aa 3Fa P  | DIG2 seg=0x3F '0'
[   133.595092] S 6Ca 66a P  | DIG3 seg=0x66 '4'
[   133.595371] S 6Ea 00a P  | DIG4 seg=0x00 ' '
[   133.595664] S 4Fa 07a P  | KEY released/idle
[   133.794146] S 68a 06a P  | DIG1 seg=0x06 '1'
[   133.794424] S 6Aa 3Fa P  | DIG2 seg=0x3F '0'
[   133.794701] S 6Ca 6Da P  | DIG3 seg=0x6D '5'
[   133.794701] >>> DISPLAY: "105 "
[   133.794995] S 6Ea 00a P  | DIG4 seg=0x00 ' '
[   133.795273] S 4Fa 07a P  | KEY released/idle
[   133.993780] S 68a 06a P  | DIG1 seg=0x06 '1'
[   133.994072] S 6Aa 3Fa P  | DIG2 seg=0x3F '0'
[   133.994351] S 6Ca 6Da P  | DIG3 seg=0x6D '5'
[   133.994631] S 6Ea 00a P  | DIG4 seg=0x00 ' '
[   133.994922] S 4Fa 07a P  | KEY released/idle
[   134.193387] S 68a 06a P  | DIG1 seg=0x06 '1'
[   134.193679] S 6Aa 3Fa P  | DIG2 seg=0x3F '0'
[   134.193958] S 6Ca 6Da P  | DIG3 seg=0x6D '5'
[   134.194238] S 6Ea 00a P  | DIG4 seg=0x00 ' '
[   134.194529] S 4Fa 07a P  | KEY released/idle
[   134.393013] S 68a 06a P  | DIG1 seg=0x06 '1'
[   134.393291] S 6Aa 3Fa P  | DIG2 seg=0x3F '0'
[   134.393582] S 6Ca 6Da P  | DIG3 seg=0x6D '5'
[   134.393863] S 6Ea 00a P  | DIG4 seg=0x00 ' '
[   134.394141] S 4Fa 07a P  | KEY released/idle
[   134.592653] S 68a 06a P  | DIG1 seg=0x06 '1'
[   134.592931] S 6Aa 3Fa P  | DIG2 seg=0x3F '0'
[   134.593211] S 6Ca 6Da P  | DIG3 seg=0x6D '5'
[   134.593503] S 6Ea 00a P  | DIG4 seg=0x00 ' '
[   134.593781] S 4Fa 07a P  | KEY released/idle
[   134.792229] S 68a 06a P  | DIG1 seg=0x06 '1'
[   134.792507] S 6Aa 3Fa P  | DIG2 seg=0x3F '0'
[   134.792785] S 6Ca 6Da P  | DIG3 seg=0x6D '5'
[   134.793078] S 6Ea 00a P  | DIG4 seg=0x00 ' '
[   134.793357] S 4Fa 07a P  | KEY released/idle
[   134.991848] S 68a 06a P  | DIG1 seg=0x06 '1'
[   134.992126] S 6Aa 3Fa P  | DIG2 seg=0x3F '0'
[   134.992418] S 6Ca 7Da P  | DIG3 seg=0x7D '6'
[   134.992418] >>> DISPLAY: "106 "
[   134.992700] S 6Ea 00a P  | DIG4 seg=0x00 ' '
[   134.992978] S 4Fa 07a P  | KEY released/idle
[   135.191507] S 68a 06a P  | DIG1 seg=0x06 '1'
[   135.191785] S 6Aa 3Fa P  | DIG2 seg=0x3F '0'
[   135.192079] S 6Ca 7Da P  | DIG3 seg=0x7D '6'
[   135.192356] S 6Ea 00a P  | DIG4 seg=0x00 ' '
[   135.192650] S 4Fa 07a P  | KEY released/idle
[   135.391084] S 68a 06a P  | DIG1 seg=0x06 '1'
[   135.391361] S 6Aa 3Fa P  | DIG2 seg=0x3F '0'
[   135.391654] S 6Ca 7Da P  | DIG3 seg=0x7D '6'
[   135.391935] S 6Ea 00a P  | DIG4 seg=0x00 ' '
[   135.392213] S 4Fa 07a P  | KEY released/idle
[   135.590676] S 68a 06a P  | DIG1 seg=0x06 '1'
[   135.590967] S 6Aa 3Fa P  | DIG2 seg=0x3F '0'
[   135.591247] S 6Ca 7Da P  | DIG3 seg=0x7D '6'
[   135.591526] S 6Ea 00a P  | DIG4 seg=0x00 ' '
[   135.591818] S 4Fa 07a P  | KEY released/idle
[   135.790313] S 68a 06a P  | DIG1 seg=0x06 '1'
[   135.790605] S 6Aa 3Fa P  | DIG2 seg=0x3F '0'
[   135.790885] S 6Ca 7Da P  | DIG3 seg=0x7D '6'
[   135.791164] S 6Ea 00a P  | DIG4 seg=0x00 ' '
[   135.791457] S 4Fa 07a P  | KEY released/idle
[   135.989873] S 68a 06a P  | DIG1 seg=0x06 '1'
[   135.990165] S 6Aa 3Fa P  | DIG2 seg=0x3F '0'
[   135.990443] S 6Ca 7Da P  | DIG3 seg=0x7D '6'
[   135.990724] S 6Ea 00a P  | DIG4 seg=0x00 ' '
[   135.991015] S 4Fa 07a P  | KEY released/idle
[   136.189486] S 68a 06a P  | DIG1 seg=0x06 '1'
[   136.189765] S 6Aa 3Fa P  | DIG2 seg=0x3F '0'
[   136.190060] S 6Ca 07a P  | DIG3 seg=0x07 '7'
[   136.190060] >>> DISPLAY: "107 "
[   136.190338] S 6Ea 00a P  | DIG4 seg=0x00 ' '
[   136.190616] S 4Fa 07a P  | KEY released/idle
[   136.389073] S 68a 06a P  | DIG1 seg=0x06 '1'
[   136.389365] S 6Aa 3Fa P  | DIG2 seg=0x3F '0'
[   136.389645] S 6Ca 07a P  | DIG3 seg=0x07 '7'
[   136.389937] S 6Ea 00a P  | DIG4 seg=0x00 ' '
[   136.390214] S 4Fa 07a P  | KEY released/idle
[   136.588657] S 68a 06a P  | DIG1 seg=0x06 '1'
[   136.588935] S 6Aa 3Fa P  | DIG2 seg=0x3F '0'
[   136.589213] S 6Ca 07a P  | DIG3 seg=0x07 '7'
[   136.589506] S 6Ea 00a P  | DIG4 seg=0x00 ' '
[   136.589784] S 4Fa 07a P  | KEY released/idle
[   136.788237] S 68a 06a P  | DIG1 seg=0x06 '1'
[   136.788516] S 6Aa 3Fa P  | DIG2 seg=0x3F '0'
[   136.788809] S 6Ca 07a P  | DIG3 seg=0x07 '7'
[   136.789088] S 6Ea 00a P  | DIG4 seg=0x00 ' '
[   136.789366] S 4Fa 07a P  | KEY released/idle
[   136.987868] S 68a 06a P  | DIG1 seg=0x06 '1'
[   136.988145] S 6Aa 3Fa P  | DIG2 seg=0x3F '0'
[   136.988426] S 6Ca 07a P  | DIG3 seg=0x07 '7'
[   136.988719] S 6Ea 00a P  | DIG4 seg=0x00 ' '
[   136.988997] S 4Fa 07a P  | KEY released/idle
[   137.187436] S 68a 06a P  | DIG1 seg=0x06 '1'
[   137.187715] S 6Aa 3Fa P  | DIG2 seg=0x3F '0'
[   137.187994] S 6Ca 07a P  | DIG3 seg=0x07 '7'
[   137.188288] S 6Ea 00a P  | DIG4 seg=0x00 ' '
[   137.188565] S 4Fa 07a P  | KEY released/idle
[   137.387063] S 68a 06a P  | DIG1 seg=0x06 '1'
[   137.387354] S 6Aa 3Fa P  | DIG2 seg=0x3F '0'
[   137.387632] S 6Ca 7Fa P  | DIG3 seg=0x7F '8'
[   137.387632] >>> DISPLAY: "108 "
[   137.387913] S 6Ea 00a P  | DIG4 seg=0x00 ' '
[   137.388187] S P  | MALFORMED: 0 byte(s), expected 2
[   137.388206] S 4Fa 07a P  | KEY released/idle
[   137.586728] S 68a 06a P  | DIG1 seg=0x06 '1'
[   137.587021] S 6Aa 3Fa P  | DIG2 seg=0x3F '0'
[   137.587301] S 6Ca 7Fa P  | DIG3 seg=0x7F '8'
[   137.587579] S 6Ea 00a P  | DIG4 seg=0x00 ' '
[   137.587853] S P  | MALFORMED: 0 byte(s), expected 2
[   137.587870] S 4Fa 07a P  | KEY released/idle
[   137.786297] S 68a 06a P  | DIG1 seg=0x06 '1'
[   137.786575] S 6Aa 3Fa P  | DIG2 seg=0x3F '0'
[   137.786853] S 6Ca 7Fa P  | DIG3 seg=0x7F '8'
[   137.787147] S 6Ea 00a P  | DIG4 seg=0x00 ' '
[   137.787424] S 4Fa 07a P  | KEY released/idle
[   137.985918] S 68a 06a P  | DIG1 seg=0x06 '1'
[   137.986212] S 6Aa 3Fa P  | DIG2 seg=0x3F '0'
[   137.986490] S 6Ca 7Fa P  | DIG3 seg=0x7F '8'
[   137.986783] S 6Ea 00a P  | DIG4 seg=0x00 ' '
[   137.987061] S 4Fa 07a P  | KEY released/idle
[   138.185572] S 68a 06a P  | DIG1 seg=0x06 '1'
[   138.185865] S 6Aa 3Fa P  | DIG2 seg=0x3F '0'
[   138.186146] S 6Ca 7Fa P  | DIG3 seg=0x7F '8'
[   138.186423] S 6Ea 00a P  | DIG4 seg=0x00 ' '
[   138.186716] S 4Fa 07a P  | KEY released/idle
[   138.385125] S 68a 06a P  | DIG1 seg=0x06 '1'
[   138.385417] S 6Aa 3Fa P  | DIG2 seg=0x3F '0'
[   138.385695] S 6Ca 6Fa P  | DIG3 seg=0x6F '9'
[   138.385695] >>> DISPLAY: "109 "
[   138.385974] S 6Ea 00a P  | DIG4 seg=0x00 ' '
[   138.386268] S 4Fa 07a P  | KEY released/idle
[   138.584736] S 68a 06a P  | DIG1 seg=0x06 '1'
[   138.585014] S 6Aa 3Fa P  | DIG2 seg=0x3F '0'
[   138.585292] S 6Ca 6Fa P  | DIG3 seg=0x6F '9'
[   138.585585] S 6Ea 00a P  | DIG4 seg=0x00 ' '
[   138.585864] S 4Fa 07a P  | KEY released/idle
[   138.784324] S 68a 06a P  | DIG1 seg=0x06 '1'
[   138.784618] S 6Aa 3Fa P  | DIG2 seg=0x3F '0'
[   138.784898] S 6Ca 6Fa P  | DIG3 seg=0x6F '9'
[   138.785189] S 6Ea 00a P  | DIG4 seg=0x00 ' '
[   138.785467] S 4Fa 07a P  | KEY released/idle
[   138.983919] S 68a 06a P  | DIG1 seg=0x06 '1'
[   138.984197] S 6Aa 3Fa P  | DIG2 seg=0x3F '0'
[   138.984476] S 6Ca 6Fa P  | DIG3 seg=0x6F '9'
[   138.984769] S 6Ea 00a P  | DIG4 seg=0x00 ' '
[   138.985047] S 4Fa 07a P  | KEY released/idle
[   139.183509] S 68a 06a P  | DIG1 seg=0x06 '1'
[   139.183787] S 6Aa 3Fa P  | DIG2 seg=0x3F '0'
[   139.184078] S 6Ca 6Fa P  | DIG3 seg=0x6F '9'
[   139.184357] S 6Ea 00a P  | DIG4 seg=0x00 ' '
[   139.184637] S 4Fa 07a P  | KEY released/idle
[   139.383174] S 68a 06a P  | DIG1 seg=0x06 '1'
[   139.383452] S 6Aa 3Fa P  | DIG2 seg=0x3F '0'
[   139.383745] S 6Ca 6Fa P  | DIG3 seg=0x6F '9'
[   139.384023] S 6Ea 00a P  | DIG4 seg=0x00 ' '
[   139.384302] S 4Fa 07a P  | KEY released/idle
[   139.582751] S 68a 06a P  | DIG1 seg=0x06 '1'
[   139.583030] S 6Aa 06a P  | DIG2 seg=0x06 '1'
[   139.583030] >>> DISPLAY: "119 "
[   139.583322] S 6Ca 3Fa P  | DIG3 seg=0x3F '0'
[   139.583322] >>> DISPLAY: "110 "
[   139.583602] S 6Ea 00a P  | DIG4 seg=0x00 ' '
[   139.583879] S 4Fa 07a P  | KEY released/idle
[   139.782348] S 68a 06a P  | DIG1 seg=0x06 '1'
[   139.782626] S 6Aa 06a P  | DIG2 seg=0x06 '1'
[   139.782918] S 6Ca 3Fa P  | DIG3 seg=0x3F '0'
[   139.783197] S 6Ea 00a P  | DIG4 seg=0x00 ' '
[   139.783488] S 4Fa 07a P  | KEY released/idle
[   139.982015] S 68a 06a P  | DIG1 seg=0x06 '1'
[   139.982307] S 6Aa 06a P  | DIG2 seg=0x06 '1'
[   139.982586] S 6Ca 3Fa P  | DIG3 seg=0x3F '0'
[   139.982864] S 6Ea 00a P  | DIG4 seg=0x00 ' '
[   139.983158] S 4Fa 07a P  | KEY released/idle
[   140.181603] S 68a 06a P  | DIG1 seg=0x06 '1'
[   140.181881] S 6Aa 06a P  | DIG2 seg=0x06 '1'
[   140.182172] S 6Ca 3Fa P  | DIG3 seg=0x3F '0'
[   140.182453] S 6Ea 00a P  | DIG4 seg=0x00 ' '
[   140.182731] S 4Fa 07a P  | KEY released/idle
[   140.381175] S 68a 06a P  | DIG1 seg=0x06 '1'
[   140.381468] S 6Aa 06a P  | DIG2 seg=0x06 '1'
[   140.381746] S 6Ca 3Fa P  | DIG3 seg=0x3F '0'
[   140.382025] S 6Ea 00a P  | DIG4 seg=0x00 ' '
[   140.382317] S 4Fa 07a P  | KEY released/idle
[   140.580805] S 68a 06a P  | DIG1 seg=0x06 '1'
[   140.581097] S 6Aa 06a P  | DIG2 seg=0x06 '1'
[   140.581378] S 6Ca 3Fa P  | DIG3 seg=0x3F '0'
[   140.581656] S 6Ea 00a P  | DIG4 seg=0x00 ' '
[   140.581947] S 4Fa 07a P  | KEY released/idle
[   140.780348] S 68a 06a P  | DIG1 seg=0x06 '1'
[   140.780640] S 6Aa 06a P  | DIG2 seg=0x06 '1'
[   140.780918] S 6Ca 06a P  | DIG3 seg=0x06 '1'
[   140.780918] >>> DISPLAY: "111 "
[   140.781197] S 6Ea 00a P  | DIG4 seg=0x00 ' '
[   140.781489] S 4Fa 07a P  | KEY released/idle
[   140.979908] S 68a 06a P  | DIG1 seg=0x06 '1'
[   140.980186] S 6Aa 06a P  | DIG2 seg=0x06 '1'
[   140.980465] S 6Ca 06a P  | DIG3 seg=0x06 '1'
[   140.980757] S 6Ea 00a P  | DIG4 seg=0x00 ' '
[   140.981035] S 4Fa 07a P  | KEY released/idle
[   141.179494] S 68a 06a P  | DIG1 seg=0x06 '1'
[   141.179772] S 6Aa 06a P  | DIG2 seg=0x06 '1'
[   141.180052] S 6Ca 06a P  | DIG3 seg=0x06 '1'
[   141.180344] S 6Ea 00a P  | DIG4 seg=0x00 ' '
[   141.180623] S 4Fa 07a P  | KEY released/idle
[   141.379014] S 68a 06a P  | DIG1 seg=0x06 '1'
[   141.379307] S 6Aa 06a P  | DIG2 seg=0x06 '1'
[   141.379586] S 6Ca 06a P  | DIG3 seg=0x06 '1'
[   141.379880] S 6Ea 00a P  | DIG4 seg=0x00 ' '
[   141.380157] S 4Fa 07a P  | KEY released/idle
[   141.578594] S 68a 06a P  | DIG1 seg=0x06 '1'
[   141.578873] S 6Aa 06a P  | DIG2 seg=0x06 '1'
[   141.579166] S 6Ca 06a P  | DIG3 seg=0x06 '1'
[   141.579445] S 6Ea 00a P  | DIG4 seg=0x00 ' '
[   141.579723] S 4Fa 07a P  | KEY released/idle
[   141.778208] S 68a 06a P  | DIG1 seg=0x06 '1'
[   141.778486] S 6Aa 06a P  | DIG2 seg=0x06 '1'
[   141.778779] S 6Ca 06a P  | DIG3 seg=0x06 '1'
[   141.779058] S 6Ea 00a P  | DIG4 seg=0x00 ' '
[   141.779351] S 4Fa 07a P  | KEY released/idle
[   141.977748] S 68a 06a P  | DIG1 seg=0x06 '1'
[   141.978026] S 6Aa 06a P  | DIG2 seg=0x06 '1'
[   141.978318] S 6Ca 5Ba P  | DIG3 seg=0x5B '2'
[   141.978318] >>> DISPLAY: "112 "
[   141.978597] S 6Ea 00a P  | DIG4 seg=0x00 ' '
[   141.978875] S 4Fa 07a P  | KEY released/idle
[   142.177300] S 68a 06a P  | DIG1 seg=0x06 '1'
[   142.177592] S 6Aa 06a P  | DIG2 seg=0x06 '1'
[   142.177869] S 6Ca 5Ba P  | DIG3 seg=0x5B '2'
[   142.178148] S 6Ea 00a P  | DIG4 seg=0x00 ' '
[   142.178442] S 4Fa 07a P  | KEY released/idle
[   142.376889] S 68a 06a P  | DIG1 seg=0x06 '1'
[   142.377182] S 6Aa 06a P  | DIG2 seg=0x06 '1'
[   142.377461] S 6Ca 5Ba P  | DIG3 seg=0x5B '2'
[   142.377739] S 6Ea 00a P  | DIG4 seg=0x00 ' '
[   142.378030] S 4Fa 07a P  | KEY released/idle
[   142.576388] S 68a 06a P  | DIG1 seg=0x06 '1'
[   142.576667] S 6Aa 06a P  | DIG2 seg=0x06 '1'
[   142.576959] S 6Ca 5Ba P  | DIG3 seg=0x5B '2'
[   142.577238] S 6Ea 00a P  | DIG4 seg=0x00 ' '
[   142.577516] S 4Fa 07a P  | KEY released/idle
[   142.775926] S 68a 06a P  | DIG1 seg=0x06 '1'
[   142.776218] S 6Aa 06a P  | DIG2 seg=0x06 '1'
[   142.776497] S 6Ca 5Ba P  | DIG3 seg=0x5B '2'
[   142.776791] S 6Ea 00a P  | DIG4 seg=0x00 ' '
[   142.777069] S 4Fa 07a P  | KEY released/idle
[   142.975518] S 68a 06a P  | DIG1 seg=0x06 '1'
[   142.975809] S 6Aa 06a P  | DIG2 seg=0x06 '1'
[   142.976090] S 6Ca 5Ba P  | DIG3 seg=0x5B '2'
[   142.976382] S 6Ea 00a P  | DIG4 seg=0x00 ' '
[   142.976660] S 4Fa 07a P  | KEY released/idle
[   143.175051] S 68a 06a P  | DIG1 seg=0x06 '1'
[   143.175343] S 6Aa 06a P  | DIG2 seg=0x06 '1'
[   143.175621] S 6Ca 4Fa P  | DIG3 seg=0x4F '3'
[   143.175621] >>> DISPLAY: "113 "
[   143.175900] S 6Ea 00a P  | DIG4 seg=0x00 ' '
[   143.176194] S 4Fa 07a P  | KEY released/idle
[   143.374633] S 68a 06a P  | DIG1 seg=0x06 '1'
[   143.374911] S 6Aa 06a P  | DIG2 seg=0x06 '1'
[   143.375189] S 6Ca 4Fa P  | DIG3 seg=0x4F '3'
[   143.375482] S 6Ea 00a P  | DIG4 seg=0x00 ' '
[   143.375760] S 4Fa 07a P  | KEY released/idle
[   143.574205] S P  | MALFORMED: 0 byte(s), expected 2
[   143.574223] S 68a 06a P  | DIG1 seg=0x06 '1'
[   143.574501] S 6Aa 06a P  | DIG2 seg=0x06 '1'
[   143.574780] S 6Ca 4Fa P  | DIG3 seg=0x4F '3'
[   143.575072] S 6Ea 00a P  | DIG4 seg=0x00 ' '
[   143.575349] S 4Fa 07a P  | KEY released/idle
[   143.773784] S 68a 06a P  | DIG1 seg=0x06 '1'
[   143.774062] S 6Aa 06a P  | DIG2 seg=0x06 '1'
[   143.774340] S 6Ca 4Fa P  | DIG3 seg=0x4F '3'
[   143.774634] S 6Ea 00a P  | DIG4 seg=0x00 ' '
[   143.774913] S 4Fa 07a P  | KEY released/idle
[   143.973381] S 68a 06a P  | DIG1 seg=0x06 '1'
[   143.973659] S 6Aa 06a P  | DIG2 seg=0x06 '1'
[   143.973950] S 6Ca 4Fa P  | DIG3 seg=0x4F '3'
[   143.974231] S 6Ea 00a P  | DIG4 seg=0x00 ' '
[   143.974509] S 4Fa 07a P  | KEY released/idle
[   144.173002] S 68a 06a P  | DIG1 seg=0x06 '1'
[   144.173279] S 6Aa 06a P  | DIG2 seg=0x06 '1'
[   144.173574] S 6Ca 4Fa P  | DIG3 seg=0x4F '3'
[   144.173852] S 6Ea 00a P  | DIG4 seg=0x00 ' '
[   144.174130] S 4Fa 07a P  | KEY released/idle
[   144.372543] S 68a 06a P  | DIG1 seg=0x06 '1'
[   144.372821] S 6Aa 06a P  | DIG2 seg=0x06 '1'
[   144.373113] S 6Ca 66a P  | DIG3 seg=0x66 '4'
[   144.373113] >>> DISPLAY: "114 "
[   144.373394] S 6Ea 00a P  | DIG4 seg=0x00 ' '
[   144.373672] S 4Fa 07a P  | KEY released/idle
[   144.572103] S 68a 06a P  | DIG1 seg=0x06 '1'
[   144.572395] S 6Aa 06a P  | DIG2 seg=0x06 '1'
[   144.572673] S 6Ca 66a P  | DIG3 seg=0x66 '4'
[   144.572952] S 6Ea 00a P  | DIG4 seg=0x00 ' '
[   144.573244] S 4Fa 07a P  | KEY released/idle
[   144.771708] S 68a 06a P  | DIG1 seg=0x06 '1'
[   144.772000] S 6Aa 06a P  | DIG2 seg=0x06 '1'
[   144.772281] S 6Ca 66a P  | DIG3 seg=0x66 '4'
[   144.772558] S 6Ea 00a P  | DIG4 seg=0x00 ' '
[   144.772851] S 4Fa 07a P  | KEY released/idle
[   144.971247] S 68a 06a P  | DIG1 seg=0x06 '1'
[   144.971525] S 6Aa 06a P  | DIG2 seg=0x06 '1'
[   144.971817] S 6Ca 66a P  | DIG3 seg=0x66 '4'
[   144.972096] S 6Ea 00a P  | DIG4 seg=0x00 ' '
[   144.972388] S 4Fa 07a P  | KEY released/idle
[   145.170825] S 68a 06a P  | DIG1 seg=0x06 '1'
[   145.171103] S 6Aa 06a P  | DIG2 seg=0x06 '1'
[   145.171382] S 6Ca 66a P  | DIG3 seg=0x66 '4'
[   145.171675] S 6Ea 00a P  | DIG4 seg=0x00 ' '
[   145.171953] S 4Fa 07a P  | KEY released/idle
[   145.370383] S 68a 06a P  | DIG1 seg=0x06 '1'
[   145.370676] S 6Aa 06a P  | DIG2 seg=0x06 '1'
[   145.370955] S 6Ca 66a P  | DIG3 seg=0x66 '4'
[   145.371233] S 6Ea 00a P  | DIG4 seg=0x00 ' '
[   145.371526] S 4Fa 07a P  | KEY released/idle
[   145.569905] S 68a 06a P  | DIG1 seg=0x06 '1'
[   145.570199] S 6Aa 06a P  | DIG2 seg=0x06 '1'
[   145.570476] S 6Ca 6Da P  | DIG3 seg=0x6D '5'
[   145.570476] >>> DISPLAY: "115 "
[   145.570757] S 6Ea 00a P  | DIG4 seg=0x00 ' '
[   145.571049] S 4Fa 07a P  | KEY released/idle
[   145.769465] S 68a 06a P  | DIG1 seg=0x06 '1'
[   145.769743] S 6Aa 06a P  | DIG2 seg=0x06 '1'
[   145.770036] S 6Ca 6Da P  | DIG3 seg=0x6D '5'
[   145.770316] S 6Ea 00a P  | DIG4 seg=0x00 ' '
[   145.770594] S 4Fa 07a P  | KEY released/idle
[   145.969059] S 68a 06a P  | DIG1 seg=0x06 '1'
[   145.969337] S 6Aa 06a P  | DIG2 seg=0x06 '1'
[   145.969631] S 6Ca 6Da P  | DIG3 seg=0x6D '5'
[   145.969909] S 6Ea 00a P  | DIG4 seg=0x00 ' '
[   145.970186] S 4Fa 07a P  | KEY released/idle
[   146.168314] S 48a 21a P  | CTRL display=ON sleep=no seg=8 brightness=2
[   146.168592] S 68a 06a P  | DIG1 seg=0x06 '1'
[   146.168870] S 6Aa 06a P  | DIG2 seg=0x06 '1'
[   146.169163] S 6Ca 6Da P  | DIG3 seg=0x6D '5'
[   146.169441] S 6Ea 00a P  | DIG4 seg=0x00 ' '
[   146.169719] S 4Fa 07a P  | KEY released/idle
[   146.368122] S 68a 06a P  | DIG1 seg=0x06 '1'
[   146.368401] S 6Aa 06a P  | DIG2 seg=0x06 '1'
[   146.368693] S 6Ca 6Da P  | DIG3 seg=0x6D '5'
[   146.368972] S 6Ea 00a P  | DIG4 seg=0x00 ' '
[   146.369250] S 4Fa 07a P  | KEY released/idle
[   146.567696] S 68a 06a P  | DIG1 seg=0x06 '1'
[   146.567976] S 6Aa 06a P  | DIG2 seg=0x06 '1'
[   146.568269] S 6Ca 6Da P  | DIG3 seg=0x6D '5'
[   146.568547] S 6Ea 00a P  | DIG4 seg=0x00 ' '
[   146.568824] S 4Fa 07a P  | KEY released/idle
[   146.767232] S 68a 06a P  | DIG1 seg=0x06 '1'
[   146.767510] S 6Aa 06a P  | DIG2 seg=0x06 '1'
[   146.767802] S 6Ca 7Da P  | DIG3 seg=0x7D '6'
[   146.767802] >>> DISPLAY: "116 "
[   146.768081] S 6Ea 00a P  | DIG4 seg=0x00 ' '
[   146.768359] S 4Fa 07a P  | KEY released/idle
[   146.966782] S 68a 06a P  | DIG1 seg=0x06 '1'
[   146.967074] S 6Aa 06a P  | DIG2 seg=0x06 '1'
[   146.967351] S 6Ca 7Da P  | DIG3 seg=0x7D '6'
[   146.967631] S 6Ea 00a P  | DIG4 seg=0x00 ' '
[   146.967924] S 4Fa 07a P  | KEY released/idle
[   147.166378] S 68a 06a P  | DIG1 seg=0x06 '1'
[   147.166670] S 6Aa 06a P  | DIG2 seg=0x06 '1'
[   147.166949] S 6Ca 7Da P  | DIG3 seg=0x7D '6'
[   147.167241] S 6Ea 00a P  | DIG4 seg=0x00 ' '
[   147.167520] S 4Fa 07a P  | KEY released/idle
[   147.365885] S 68a 06a P  | DIG1 seg=0x06 '1'
[   147.366163] S 6Aa 06a P  | DIG2 seg=0x06 '1'
[   147.366456] S 6Ca 7Da P  | DIG3 seg=0x7D '6'
[   147.366736] S 6Ea 00a P  | DIG4 seg=0x00 ' '
[   147.367013] S 4Fa 07a P  | KEY released/idle
[   147.565476] S 68a 06a P  | DIG1 seg=0x06 '1'
[   147.565754] S 6Aa 06a P  | DIG2 seg=0x06 '1'
[   147.566032] S 6Ca 7Da P  | DIG3 seg=0x7D '6'
[   147.566326] S 6Ea 00a P  | DIG4 seg=0x00 ' '
[   147.566605] S 4Fa 07a P  | KEY released/idle
[   147.765061] S 68a 06a P  | DIG1 seg=0x06 '1'
[   147.765353] S 6Aa 06a P  | DIG2 seg=0x06 '1'
[   147.765632] S 6Ca 7Da P  | DIG3 seg=0x7D '6'
[   147.765925] S 6Ea 00a P  | DIG4 seg=0x00 ' '
[   147.766202] S 4Fa 07a P  | KEY released/idle
[   147.964607] S 68a 06a P  | DIG1 seg=0x06 '1'
[   147.964885] S 6Aa 06a P  | DIG2 seg=0x06 '1'
[   147.965163] S 6Ca 07a P  | DIG3 seg=0x07 '7'
[   147.965163] >>> DISPLAY: "117 "
[   147.965438] S P  | MALFORMED: 0 byte(s), expected 2
[   147.965457] S 6Ea 00a P  | DIG4 seg=0x00 ' '
[   147.965734] S 4Fa 07a P  | KEY released/idle
[   148.164156] S 68a 06a P  | DIG1 seg=0x06 '1'
[   148.164433] S 6Aa 06a P  | DIG2 seg=0x06 '1'
[   148.164726] S 6Ca 07a P  | DIG3 seg=0x07 '7'
[   148.165005] S 6Ea 00a P  | DIG4 seg=0x00 ' '
[   148.165284] S 4Fa 07a P  | KEY released/idle
[   148.363771] S 68a 06a P  | DIG1 seg=0x06 '1'
[   148.364050] S 6Aa 06a P  | DIG2 seg=0x06 '1'
[   148.364343] S 6Ca 07a P  | DIG3 seg=0x07 '7'
[   148.364621] S 6Ea 00a P  | DIG4 seg=0x00 ' '
[   148.364898] S 4Fa 07a P  | KEY released/idle
[   148.563301] S 68a 06a P  | DIG1 seg=0x06 '1'
[   148.563578] S 6Aa 06a P  | DIG2 seg=0x06 '1'
[   148.563870] S 6Ca 07a P  | DIG3 seg=0x07 '7'
[   148.564151] S 6Ea 00a P  | DIG4 seg=0x00 ' '
[   148.564428] S 4Fa 07a P  | KEY released/idle
[   148.762857] S 68a 06a P  | DIG1 seg=0x06 '1'
[   148.763149] S 6Aa 06a P  | DIG2 seg=0x06 '1'
[   148.763427] S 6Ca 07a P  | DIG3 seg=0x07 '7'
[   148.763706] S 6Ea 00a P  | DIG4 seg=0x00 ' '
[   148.763998] S 4Fa 07a P  | KEY released/idle
[   148.962442] S 68a 06a P  | DIG1 seg=0x06 '1'
[   148.962721] S 6Aa 06a P  | DIG2 seg=0x06 '1'
[   148.963015] S 6Ca 07a P  | DIG3 seg=0x07 '7'
[   148.963293] S 6Ea 00a P  | DIG4 seg=0x00 ' '
[   148.963570] S 4Fa 07a P  | KEY released/idle
[   149.161994] S 68a 06a P  | DIG1 seg=0x06 '1'
[   149.162274] S 6Aa 06a P  | DIG2 seg=0x06 '1'
[   149.162566] S 6Ca 7Fa P  | DIG3 seg=0x7F '8'
[   149.162566] >>> DISPLAY: "118 "
[   149.162845] S 6Ea 00a P  | DIG4 seg=0x00 ' '
[   149.163123] S 4Fa 07a P  | KEY released/idle
[   149.361576] S 68a 06a P  | DIG1 seg=0x06 '1'
[   149.361869] S 6Aa 06a P  | DIG2 seg=0x06 '1'
[   149.362147] S 6Ca 7Fa P  | DIG3 seg=0x7F '8'
[   149.362427] S 6Ea 00a P  | DIG4 seg=0x00 ' '
[   149.362718] S 4Fa 07a P  | KEY released/idle
[   149.561174] S 68a 06a P  | DIG1 seg=0x06 '1'
[   149.561452] S 6Aa 06a P  | DIG2 seg=0x06 '1'
[   149.561744] S 6Ca 7Fa P  | DIG3 seg=0x7F '8'
[   149.562024] S 6Ea 00a P  | DIG4 seg=0x00 ' '
[   149.562301] S 4Fa 07a P  | KEY released/idle
[   149.760751] S 68a 06a P  | DIG1 seg=0x06 '1'
[   149.761043] S 6Aa 06a P  | DIG2 seg=0x06 '1'
[   149.761321] S 6Ca 7Fa P  | DIG3 seg=0x7F '8'
[   149.761600] S 6Ea 00a P  | DIG4 seg=0x00 ' '
[   149.761892] S 4Fa 07a P  | KEY released/idle
[   149.960359] S 68a 06a P  | DIG1 seg=0x06 '1'
[   149.960637] S 6Aa 06a P  | DIG2 seg=0x06 '1'
[   149.960915] S 6Ca 7Fa P  | DIG3 seg=0x7F '8'
[   149.961210] S 6Ea 00a P  | DIG4 seg=0x00 ' '
[   149.961489] S 4Fa 07a P  | KEY released/idle
[   150.159975] S 68a 06a P  | DIG1 seg=0x06 '1'
[   150.160267] S 6Aa 06a P  | DIG2 seg=0x06 '1'
[   150.160546] S 6Ca 7Fa P  | DIG3 seg=0x7F '8'
[   150.160827] S 6Ea 00a P  | DIG4 seg=0x00 ' '
[   150.161119] S 4Fa 07a P  | KEY released/idle
[   150.359570] S 68a 06a P  | DIG1 seg=0x06 '1'
[   150.359862] S 6Aa 06a P  | DIG2 seg=0x06 '1'
[   150.360140] S 6Ca 7Fa P  | DIG3 seg=0x7F '8'
[   150.360433] S 6Ea 00a P  | DIG4 seg=0x00 ' '
[   150.360711] S 4Fa 07a P  | KEY released/idle
[   150.559156] S 68a 06a P  | DIG1 seg=0x06 '1'
[   150.559434] S 6Aa 06a P  | DIG2 seg=0x06 '1'
[   150.559712] S 6Ca 7Fa P  | DIG3 seg=0x7F '8'
[   150.560005] S 6Ea 00a P  | DIG4 seg=0x00 ' '
[   150.560283] S 4Fa 07a P  | KEY released/idle
[   150.758760] S 68a 06a P  | DIG1 seg=0x06 '1'
[   150.759038] S 6Aa 06a P  | DIG2 seg=0x06 '1'
[   150.759316] S 6Ca 7Fa P  | DIG3 seg=0x7F '8'
[   150.759611] S 6Ea 00a P  | DIG4 seg=0x00 ' '
[   150.759889] S 4Fa 07a P  | KEY released/idle
[   150.958323] S 68a 06a P  | DIG1 seg=0x06 '1'
[   150.958601] S 6Aa 06a P  | DIG2 seg=0x06 '1'
[   150.958879] S 6Ca 7Fa P  | DIG3 seg=0x7F '8'
[   150.959174] S 6Ea 00a P  | DIG4 seg=0x00 ' '
[   150.959452] S 4Fa 07a P  | KEY released/idle
[   151.157913] S 68a 06a P  | DIG1 seg=0x06 '1'
[   151.158205] S 6Aa 06a P  | DIG2 seg=0x06 '1'
[   151.158483] S 6Ca 7Fa P  | DIG3 seg=0x7F '8'
[   151.158762] S 6Ea 00a P  | DIG4 seg=0x00 ' '
[   151.159054] S 4Fa 07a P  | KEY released/idle
[   151.357512] S 68a 06a P  | DIG1 seg=0x06 '1'
[   151.357790] S 6Aa 06a P  | DIG2 seg=0x06 '1'
[   151.358068] S 6Ca 7Fa P  | DIG3 seg=0x7F '8'
[   151.358361] S 6Ea 00a P  | DIG4 seg=0x00 ' '
[   151.358639] S 4Fa 07a P  | KEY released/idle
[   151.557043] S 68a 06a P  | DIG1 seg=0x06 '1'
[   151.557321] S 6Aa 06a P  | DIG2 seg=0x06 '1'
[   151.557613] S 6Ca 7Fa P  | DIG3 seg=0x7F '8'
[   151.557892] S 6Ea 00a P  | DIG4 seg=0x00 ' '
[   151.558170] S 4Fa 07a P  | KEY released/idle
[   151.756650] S 68a 06a P  | DIG1 seg=0x06 '1'
[   151.756966] S 6Aa 06a P  | DIG2 seg=0x06 '1'
[   151.757264] S 6Ca 7Fa P  | DIG3 seg=0x7F '8'
[   151.757580] S 6Ea 00a P  | DIG4 seg=0x00 ' '
[   151.757897] S 4Fa 07a P  | KEY released/idle
[   151.956245] S 68a 06a P  | DIG1 seg=0x06 '1'
[   151.956561] S 6Aa 06a P  | DIG2 seg=0x06 '1'
[   151.956879] S 6Ca 7Fa P  | DIG3 seg=0x7F '8'
[   151.957195] S 6Ea 00a P  | DIG4 seg=0x00 ' '
[   151.957511] S 4Fa 07a P  | KEY released/idle
[   152.155842] S 68a 06a P  | DIG1 seg=0x06 '1'
[   152.156139] S 6Aa 06a P  | DIG2 seg=0x06 '1'
[   152.156457] S 6Ca 7Fa P  | DIG3 seg=0x7F '8'
[   152.156773] S 6Ea 00a P  | DIG4 seg=0x00 ' '
[   152.157089] S 4Fa 07a P  | KEY released/idle
[   152.355426] S 68a 06a P  | DIG1 seg=0x06 '1'
[   152.355742] S 6Aa 06a P  | DIG2 seg=0x06 '1'
[   152.356060] S 6Ca 7Fa P  | DIG3 seg=0x7F '8'
[   152.356353] S P  | MALFORMED: 0 byte(s), expected 2
[   152.356376] S 6Ea 00a P  | DIG4 seg=0x00 ' '
[   152.356673] S 4Fa 07a P  | KEY released/idle
[   152.555017] S 68a 06a P  | DIG1 seg=0x06 '1'
[   152.555315] S 6Aa 06a P  | DIG2 seg=0x06 '1'
[   152.555632] S 6Ca 7Fa P  | DIG3 seg=0x7F '8'
[   152.555948] S 6Ea 00a P  | DIG4 seg=0x00 ' '
[   152.556264] S 4Fa 07a P  | KEY released/idle
[   152.754580] S 68a 06a P  | DIG1 seg=0x06 '1'
[   152.754897] S 6Aa 06a P  | DIG2 seg=0x06 '1'
[   152.755214] S 6Ca 7Fa P  | DIG3 seg=0x7F '8'
[   152.755511] S 6Ea 00a P  | DIG4 seg=0x00 ' '
[   152.755827] S 4Fa 07a P  | KEY released/idle
[   152.954132] S 68a 06a P  | DIG1 seg=0x06 '1'
[   152.954448] S 6Aa 06a P  | DIG2 seg=0x06 '1'
[   152.954766] S 6Ca 7Fa P  | DIG3 seg=0x7F '8'
[   152.955082] S 6Ea 00a P  | DIG4 seg=0x00 ' '
[   152.955379] S 4Fa 07a P  | KEY released/idle
[   153.153729] S 68a 06a P  | DIG1 seg=0x06 '1'
[   153.154044] S 6Aa 06a P  | DIG2 seg=0x06 '1'
[   153.154362] S 6Ca 7Fa P  | DIG3 seg=0x7F '8'
[   153.154659] S 6Ea 00a P  | DIG4 seg=0x00 ' '
[   153.154975] S 4Fa 07a P  | KEY released/idle
[   153.353280] S 68a 06a P  | DIG1 seg=0x06 '1'
[   153.353596] S 6Aa 06a P  | DIG2 seg=0x06 '1'
[   153.353914] S 6Ca 7Fa P  | DIG3 seg=0x7F '8'
[   153.354229] S 6Ea 00a P  | DIG4 seg=0x00 ' '
[   153.354526] S 4Fa 07a P  | KEY released/idle
[   153.552832] S 68a 06a P  | DIG1 seg=0x06 '1'
[   153.553148] S 6Aa 06a P  | DIG2 seg=0x06 '1'
[   153.553466] S 6Ca 7Fa P  | DIG3 seg=0x7F '8'
[   153.553782] S 6Ea 00a P  | DIG4 seg=0x00 ' '
[   153.554098] S 4Fa 07a P  | KEY released/idle
[   153.752422] S 68a 06a P  | DIG1 seg=0x06 '1'
[   153.752738] S 6Aa 06a P  | DIG2 seg=0x06 '1'
[   153.753055] S 6Ca 7Fa P  | DIG3 seg=0x7F '8'
[   153.753372] S 6Ea 00a P  | DIG4 seg=0x00 ' '
[   153.753687] S 4Fa 07a P  | KEY released/idle
[   153.951953] S 68a 06a P  | DIG1 seg=0x06 '1'
[   153.952269] S 6Aa 06a P  | DIG2 seg=0x06 '1'
[   153.952586] S 6Ca 7Fa P  | DIG3 seg=0x7F '8'
[   153.952903] S 6Ea 00a P  | DIG4 seg=0x00 ' '
[   153.953200] S 4Fa 07a P  | KEY released/idle
[   154.151541] S 68a 06a P  | DIG1 seg=0x06 '1'
[   154.151856] S 6Aa 06a P  | DIG2 seg=0x06 '1'
[   154.152155] S 6Ca 7Fa P  | DIG3 seg=0x7F '8'
[   154.152471] S 6Ea 00a P  | DIG4 seg=0x00 ' '
[   154.152787] S 4Fa 07a P  | KEY released/idle
[   154.351115] S 68a 06a P  | DIG1 seg=0x06 '1'
[   154.351431] S 6Aa 06a P  | DIG2 seg=0x06 '1'
[   154.351749] S 6Ca 7Fa P  | DIG3 seg=0x7F '8'
[   154.352065] S 6Ea 00a P  | DIG4 seg=0x00 ' '
[   154.352381] S 4Fa 07a P  | KEY released/idle
[   154.550712] S 68a 06a P  | DIG1 seg=0x06 '1'
[   154.551009] S 6Aa 06a P  | DIG2 seg=0x06 '1'
[   154.551327] S 6Ca 7Fa P  | DIG3 seg=0x7F '8'
[   154.551643] S 6Ea 00a P  | DIG4 seg=0x00 ' '
[   154.551959] S 4Fa 07a P  | KEY released/idle
[   154.750298] S 68a 06a P  | DIG1 seg=0x06 '1'
[   154.750614] S 6Aa 06a P  | DIG2 seg=0x06 '1'
[   154.750931] S 6Ca 7Fa P  | DIG3 seg=0x7F '8'
[   154.751248] S 6Ea 00a P  | DIG4 seg=0x00 ' '
[   154.751545] S 4Fa 07a P  | KEY released/idle
[   154.949896] S 68a 06a P  | DIG1 seg=0x06 '1'
[   154.950212] S 6Aa 06a P  | DIG2 seg=0x06 '1'
[   154.950511] S 6Ca 7Fa P  | DIG3 seg=0x7F '8'
[   154.950827] S 6Ea 00a P  | DIG4 seg=0x00 ' '
[   154.951143] S 4Fa 07a P  | KEY released/idle
[   155.149455] S 68a 06a P  | DIG1 seg=0x06 '1'
[   155.149771] S 6Aa 06a P  | DIG2 seg=0x06 '1'
[   155.150088] S 6Ca 7Fa P  | DIG3 seg=0x7F '8'
[   155.150385] S 6Ea 00a P  | DIG4 seg=0x00 ' '
[   155.150701] S 4Fa 07a P  | KEY released/idle
[   155.349011] S 68a 06a P  | DIG1 seg=0x06 '1'
[   155.349327] S 6Aa 06a P  | DIG2 seg=0x06 '1'
[   155.349645] S 6Ca 7Fa P  | DIG3 seg=0x7F '8'
[   155.349961] S 6Ea 00a P  | DIG4 seg=0x00 ' '
[   155.350257] S 4Fa 07a P  | KEY released/idle
[   155.548597] S 68a 06a P  | DIG1 seg=0x06 '1'
[   155.548914] S 6Aa 06a P  | DIG2 seg=0x06 '1'
[   155.549231] S 6Ca 7Fa P  | DIG3 seg=0x7F '8'
[   155.549528] S 6Ea 00a P  | DIG4 seg=0x00 ' '
[   155.549844] S 4Fa 07a P  | KEY released/idle
[   155.748145] S 68a 06a P  | DIG1 seg=0x06 '1'
[   155.748462] S 6Aa 06a P  | DIG2 seg=0x06 '1'
[   155.748779] S 6Ca 7Fa P  | DIG3 seg=0x7F '8'
[   155.749095] S 6Ea 00a P  | DIG4 seg=0x00 ' '
[   155.749392] S 4Fa 07a P  | KEY released/idle
[   155.947713] S 68a 06a P  | DIG1 seg=0x06 '1'
[   155.948010] S 6Aa 06a P  | DIG2 seg=0x06 '1'
[   155.948327] S 6Ca 7Fa P  | DIG3 seg=0x7F '8'
[   155.948643] S 6Ea 00a P  | DIG4 seg=0x00 ' '
[   155.948959] S 4Fa 07a P  | KEY released/idle
[   156.147299] S 68a 06a P  | DIG1 seg=0x06 '1'
[   156.147615] S 6Aa 06a P  | DIG2 seg=0x06 '1'
[   156.147933] S 6Ca 7Fa P  | DIG3 seg=0x7F '8'
[   156.148249] S 6Ea 00a P  | DIG4 seg=0x00 ' '
[   156.148565] S 4Fa 07a P  | KEY released/idle
[   156.346841] S 68a 06a P  | DIG1 seg=0x06 '1'
[   156.347157] S 6Aa 06a P  | DIG2 seg=0x06 '1'
[   156.347475] S 6Ca 7Fa P  | DIG3 seg=0x7F '8'
[   156.347791] S 6Ea 00a P  | DIG4 seg=0x00 ' '
[   156.348107] S 4Fa 07a P  | KEY released/idle
[   156.546432] S 68a 06a P  | DIG1 seg=0x06 '1'
[   156.546748] S 6Aa 06a P  | DIG2 seg=0x06 '1'
[   156.547065] S 6Ca 7Fa P  | DIG3 seg=0x7F '8'
[   156.547362] S 6Ea 00a P  | DIG4 seg=0x00 ' '
[   156.547679] S 4Fa 07a P  | KEY released/idle
[   156.746008] S 68a 06a P  | DIG1 seg=0x06 '1'
[   156.746325] S 6Aa 06a P  | DIG2 seg=0x06 '1'
[   156.746642] S 6Ca 7Fa P  | DIG3 seg=0x7F '8'
[   156.746958] S 6Ea 00a P  | DIG4 seg=0x00 ' '
[   156.747274] S 4Fa 07a P  | KEY released/idle
[   156.945612] S 68a 06a P  | DIG1 seg=0x06 '1'
[   156.945927] S 6Aa 06a P  | DIG2 seg=0x06 '1'
[   156.946226] S 6Ca 7Fa P  | DIG3 seg=0x7F '8'
[   156.946542] S 6Ea 00a P  | DIG4 seg=0x00 ' '
[   156.946858] S 4Fa 07a P  | KEY released/idle
[   157.145177] S 68a 06a P  | DIG1 seg=0x06 '1'
[   157.145493] S 6Aa 06a P  | DIG2 seg=0x06 '1'
[   157.145811] S 6Ca 7Fa P  | DIG3 seg=0x7F '8'
[   157.146127] S 6Ea 00a P  | DIG4 seg=0x00 ' '
[   157.146424] S 4Fa 07a P  | KEY released/idle
[   157.344758] S 68a 06a P  | DIG1 seg=0x06 '1'
[   157.345074] S 6Aa 06a P  | DIG2 seg=0x06 '1'
[   157.345373] S 6Ca 7Fa P  | DIG3 seg=0x7F '8'
[   157.345689] S 6Ea 00a P  | DIG4 seg=0x00 ' '
[   157.346005] S 4Fa 07a P  | KEY released/idle
[   157.544337] S 68a 06a P  | DIG1 seg=0x06 '1'
[   157.544654] S 6Aa 06a P  | DIG2 seg=0x06 '1'
[   157.544971] S 6Ca 7Fa P  | DIG3 seg=0x7F '8'
[   157.545287] S 6Ea 00a P  | DIG4 seg=0x00 ' '
[   157.545584] S 4Fa 07a P  | KEY released/idle
[   157.743893] S 68a 06a P  | DIG1 seg=0x06 '1'
[   157.744209] S 6Aa 06a P  | DIG2 seg=0x06 '1'
[   157.744527] S 6Ca 7Fa P  | DIG3 seg=0x7F '8'
[   157.744843] S 6Ea 00a P  | DIG4 seg=0x00 ' '
[   157.745159] S 4Fa 07a P  | KEY released/idle
[   157.943500] S 68a 06a P  | DIG1 seg=0x06 '1'
[   157.943816] S 6Aa 06a P  | DIG2 seg=0x06 '1'
[   157.944133] S 6Ca 7Fa P  | DIG3 seg=0x7F '8'
[   157.944449] S 6Ea 00a P  | DIG4 seg=0x00 ' '
[   157.944746] S 4Fa 07a P  | KEY released/idle
[   158.143039] S 68a 06a P  | DIG1 seg=0x06 '1'
[   158.143355] S 6Aa 06a P  | DIG2 seg=0x06 '1'
[   158.143672] S 6Ca 7Fa P  | DIG3 seg=0x7F '8'
[   158.143988] S 6Ea 00a P  | DIG4 seg=0x00 ' '
[   158.144285] S 4Fa 07a P  | KEY released/idle
[   158.342642] S 68a 06a P  | DIG1 seg=0x06 '1'
[   158.342939] S 6Aa 06a P  | DIG2 seg=0x06 '1'
[   158.343257] S 6Ca 7Fa P  | DIG3 seg=0x7F '8'
[   158.343573] S 6Ea 00a P  | DIG4 seg=0x00 ' '
[   158.343889] S 4Fa 07a P  | KEY released/idle
[   158.542209] S 68a 06a P  | DIG1 seg=0x06 '1'
[   158.542526] S 6Aa 06a P  | DIG2 seg=0x06 '1'
[   158.542843] S 6Ca 7Fa P  | DIG3 seg=0x7F '8'
[   158.543159] S 6Ea 00a P  | DIG4 seg=0x00 ' '
[   158.543475] S 4Fa 07a P  | KEY released/idle
[   158.741745] S 68a 06a P  | DIG1 seg=0x06 '1'
[   158.742062] S 6Aa 06a P  | DIG2 seg=0x06 '1'
[   158.742379] S 6Ca 7Fa P  | DIG3 seg=0x7F '8'
[   158.742695] S 6Ea 00a P  | DIG4 seg=0x00 ' '
[   158.743011] S 4Fa 07a P  | KEY released/idle
[   158.941336] S 68a 06a P  | DIG1 seg=0x06 '1'
[   158.941652] S 6Aa 06a P  | DIG2 seg=0x06 '1'
[   158.941969] S 6Ca 7Fa P  | DIG3 seg=0x7F '8'
[   158.942267] S 6Ea 00a P  | DIG4 seg=0x00 ' '
[   158.942582] S 4Fa 07a P  | KEY released/idle
[   159.140911] S 68a 06a P  | DIG1 seg=0x06 '1'
[   159.141208] S 6Aa 06a P  | DIG2 seg=0x06 '1'
[   159.141526] S 6Ca 7Fa P  | DIG3 seg=0x7F '8'
[   159.141842] S 6Ea 00a P  | DIG4 seg=0x00 ' '
[   159.142158] S 4Fa 07a P  | KEY released/idle
[   159.340461] S 68a 06a P  | DIG1 seg=0x06 '1'
[   159.340778] S 6Aa 06a P  | DIG2 seg=0x06 '1'
[   159.341076] S 6Ca 7Fa P  | DIG3 seg=0x7F '8'
[   159.341392] S 6Ea 00a P  | DIG4 seg=0x00 ' '
[   159.341708] S 4Fa 07a P  | KEY released/idle
[   159.540004] S 68a 06a P  | DIG1 seg=0x06 '1'
[   159.540320] S 6Aa 06a P  | DIG2 seg=0x06 '1'
[   159.540637] S 6Ca 7Fa P  | DIG3 seg=0x7F '8'
[   159.540953] S 6Ea 00a P  | DIG4 seg=0x00 ' '
[   159.541250] S 4Fa 07a P  | KEY released/idle
[   159.739585] S 68a 06a P  | DIG1 seg=0x06 '1'
[   159.739901] S 6Aa 06a P  | DIG2 seg=0x06 '1'
[   159.740219] S 6Ca 7Fa P  | DIG3 seg=0x7F '8'
[   159.740516] S 6Ea 00a P  | DIG4 seg=0x00 ' '
[   159.740832] S 4Fa 07a P  | KEY released/idle
[   159.939123] S 68a 06a P  | DIG1 seg=0x06 '1'
[   159.939438] S 6Aa 06a P  | DIG2 seg=0x06 '1'
[   159.939756] S 6Ca 7Fa P  | DIG3 seg=0x7F '8'
[   159.940072] S 6Ea 00a P  | DIG4 seg=0x00 ' '
[   159.940369] S 4Fa 07a P  | KEY released/idle
[   160.138662] S 68a 06a P  | DIG1 seg=0x06 '1'
[   160.138978] S 6Aa 06a P  | DIG2 seg=0x06 '1'
[   160.139295] S 6Ca 7Fa P  | DIG3 seg=0x7F '8'
[   160.139611] S 6Ea 00a P  | DIG4 seg=0x00 ' '
[   160.139904] S P  | MALFORMED: 0 byte(s), expected 2
[   160.139927] S 4Fa 07a P  | KEY released/idle
[   160.338233] S 68a 06a P  | DIG1 seg=0x06 '1'
[   160.338550] S 6Aa 06a P  | DIG2 seg=0x06 '1'
[   160.338867] S 6Ca 7Fa P  | DIG3 seg=0x7F '8'
[   160.339183] S 6Ea 00a P  | DIG4 seg=0x00 ' '
[   160.339480] S 4Fa 07a P  | KEY released/idle
[   160.537743] S 68a 06a P  | DIG1 seg=0x06 '1'
[   160.538059] S 6Aa 06a P  | DIG2 seg=0x06 '1'
[   160.538376] S 6Ca 7Fa P  | DIG3 seg=0x7F '8'
[   160.538669] S P  | MALFORMED: 0 byte(s), expected 2
[   160.538692] S 6Ea 00a P  | DIG4 seg=0x00 ' '
[   160.538989] S 4Fa 07a P  | KEY released/idle
[   160.737288] S 68a 06a P  | DIG1 seg=0x06 '1'
[   160.737604] S 6Aa 06a P  | DIG2 seg=0x06 '1'
[   160.737902] S 6Ca 7Fa P  | DIG3 seg=0x7F '8'
[   160.738219] S 6Ea 00a P  | DIG4 seg=0x00 ' '
[   160.738534] S 4Fa 07a P  | KEY released/idle
[   160.936822] S 68a 06a P  | DIG1 seg=0x06 '1'
[   160.937138] S 6Aa 06a P  | DIG2 seg=0x06 '1'
[   160.937456] S 6Ca 7Fa P  | DIG3 seg=0x7F '8'
[   160.937771] S 6Ea 00a P  | DIG4 seg=0x00 ' '
[   160.938088] S 4Fa 07a P  | KEY released/idle
[   161.136353] S 68a 06a P  | DIG1 seg=0x06 '1'
[   161.136650] S 6Aa 06a P  | DIG2 seg=0x06 '1'
[   161.136968] S 6Ca 7Fa P  | DIG3 seg=0x7F '8'
[   161.137284] S 6Ea 00a P  | DIG4 seg=0x00 ' '
[   161.137600] S 4Fa 07a P  | KEY released/idle
[   161.335898] S 68a 06a P  | DIG1 seg=0x06 '1'
[   161.336214] S 6Aa 06a P  | DIG2 seg=0x06 '1'
[   161.336531] S 6Ca 7Fa P  | DIG3 seg=0x7F '8'
[   161.336848] S 6Ea 00a P  | DIG4 seg=0x00 ' '
[   161.337144] S 4Fa 07a P  | KEY released/idle
[   161.535449] S 68a 06a P  | DIG1 seg=0x06 '1'
[   161.535746] S 6Aa 06a P  | DIG2 seg=0x06 '1'
[   161.536063] S 6Ca 7Fa P  | DIG3 seg=0x7F '8'
[   161.536379] S 6Ea 00a P  | DIG4 seg=0x00 ' '
[   161.536695] S 4Fa 07a P  | KEY released/idle
[   161.734983] S 68a 06a P  | DIG1 seg=0x06 '1'
[   161.735298] S 6Aa 06a P  | DIG2 seg=0x06 '1'
[   161.735616] S 6Ca 7Fa P  | DIG3 seg=0x7F '8'
[   161.735913] S 6Ea 00a P  | DIG4 seg=0x00 ' '
[   161.736229] S 4Fa 07a P  | KEY released/idle
[   161.934523] S 68a 06a P  | DIG1 seg=0x06 '1'
[   161.934839] S 6Aa 06a P  | DIG2 seg=0x06 '1'
[   161.935157] S 6Ca 7Fa P  | DIG3 seg=0x7F '8'
[   161.935473] S 6Ea 00a P  | DIG4 seg=0x00 ' '
[   161.935770] S 4Fa 07a P  | KEY released/idle
[   162.134113] S 68a 06a P  | DIG1 seg=0x06 '1'
[   162.134430] S 6Aa 06a P  | DIG2 seg=0x06 '1'
[   162.134747] S 6Ca 7Fa P  | DIG3 seg=0x7F '8'
[   162.135044] S 6Ea 00a P  | DIG4 seg=0x00 ' '
[   162.135360] S 4Fa 07a P  | KEY released/idle
[   162.333657] S 68a 06a P  | DIG1 seg=0x06 '1'
[   162.333973] S 6Aa 06a P  | DIG2 seg=0x06 '1'
[   162.334290] S 6Ca 7Fa P  | DIG3 seg=0x7F '8'
[   162.334607] S 6Ea 00a P  | DIG4 seg=0x00 ' '
[   162.334904] S 4Fa 07a P  | KEY released/idle
[   162.533195] S 68a 06a P  | DIG1 seg=0x06 '1'
[   162.533511] S 6Aa 06a P  | DIG2 seg=0x06 '1'
[   162.533828] S 6Ca 7Fa P  | DIG3 seg=0x7F '8'
[   162.534145] S 6Ea 00a P  | DIG4 seg=0x00 ' '
[   162.534460] S 4Fa 07a P  | KEY released/idle
[   162.732767] S 68a 06a P  | DIG1 seg=0x06 '1'
[   162.733083] S 6Aa 06a P  | DIG2 seg=0x06 '1'
[   162.733401] S 6Ca 7Fa P  | DIG3 seg=0x7F '8'
[   162.733717] S 6Ea 00a P  | DIG4 seg=0x00 ' '
[   162.734033] S 4Fa 07a P  | KEY released/idle
[   162.932296] S 68a 06a P  | DIG1 seg=0x06 '1'
[   162.932612] S 6Aa 06a P  | DIG2 seg=0x06 '1'
[   162.932930] S 6Ca 7Fa P  | DIG3 seg=0x7F '8'
[   162.933246] S 6Ea 00a P  | DIG4 seg=0x00 ' '
[   162.933543] S 4Fa 07a P  | KEY released/idle
[   163.131880] S 68a 06a P  | DIG1 seg=0x06 '1'
[   163.132196] S 6Aa 06a P  | DIG2 seg=0x06 '1'
[   163.132495] S 6Ca 7Fa P  | DIG3 seg=0x7F '8'
[   163.132810] S 6Ea 00a P  | DIG4 seg=0x00 ' '
[   163.133127] S 4Fa 07a P  | KEY released/idle
[   163.331447] S 68a 06a P  | DIG1 seg=0x06 '1'
[   163.331763] S 6Aa 06a P  | DIG2 seg=0x06 '1'
[   163.332080] S 6Ca 7Fa P  | DIG3 seg=0x7F '8'
[   163.332397] S 6Ea 00a P  | DIG4 seg=0x00 ' '
[   163.332712] S 4Fa 07a P  | KEY released/idle
[   163.531021] S 68a 06a P  | DIG1 seg=0x06 '1'
[   163.531318] S 6Aa 06a P  | DIG2 seg=0x06 '1'
[   163.531635] S 6Ca 7Fa P  | DIG3 seg=0x7F '8'
[   163.531952] S 6Ea 00a P  | DIG4 seg=0x00 ' '
[   163.532268] S 4Fa 07a P  | KEY released/idle

[RX 0x42 'B']

[LONG PULSE - this starts continuous travel]
[   163.730582] S 68a 06a P  | DIG1 seg=0x06 '1'
[   163.730898] S 6Aa 06a P  | DIG2 seg=0x06 '1'
[   163.731216] S 6Ca 7Fa P  | DIG3 seg=0x7F '8'
[   163.731531] S 6Ea 00a P  | DIG4 seg=0x00 ' '
[   163.731828] S 4Fa 57a P  | KEY PRESSED KI3 / DIG4
[   163.731828] >>> KEY PRESSED KI3 / DIG4   <== CHANNEL 2 answered with 0x57
[   163.930162] S 68a 06a P  | DIG1 seg=0x06 '1'
[   163.930482] S 6Aa 06a P  | DIG2 seg=0x06 '1'
[   163.930802] S 6Ca 7Fa P  | DIG3 seg=0x7F '8'
[   163.931121] S 6Ea 00a P  | DIG4 seg=0x00 ' '
[   163.931421] S 4Fa 57a P  | KEY PRESSED KI3 / DIG4
[   164.130685] S 68a 06a P  | DIG1 seg=0x06 '1'
[   164.131003] S 6Aa 06a P  | DIG2 seg=0x06 '1'
[   164.131325] S 6Ca 7Fa P  | DIG3 seg=0x7F '8'
[   164.131644] S 6Ea 00a P  | DIG4 seg=0x00 ' '
[   164.131963] S 4Fa 57a P  | KEY PRESSED KI3 / DIG4
[   164.330237] S 68a 06a P  | DIG1 seg=0x06 '1'
[   164.330528] S 6Aa 06a P  | DIG2 seg=0x06 '1'
[   164.330806] S 6Ca 7Fa P  | DIG3 seg=0x7F '8'
[   164.331100] S 6Ea 00a P  | DIG4 seg=0x00 ' '
[   164.331378] S 4Fa 57a P  | KEY PRESSED KI3 / DIG4
[   164.529806] S 68a 06a P  | DIG1 seg=0x06 '1'
[   164.530084] S 6Aa 06a P  | DIG2 seg=0x06 '1'
[   164.530376] S 6Ca 7Fa P  | DIG3 seg=0x7F '8'
[   164.530655] S 6Ea 00a P  | DIG4 seg=0x00 ' '
[   164.530934] S 4Fa 57a P  | KEY PRESSED KI3 / DIG4
[   164.729351] S 68a 06a P  | DIG1 seg=0x06 '1'
[   164.729643] S 6Aa 06a P  | DIG2 seg=0x06 '1'
[   164.729920] S 6Ca 7Fa P  | DIG3 seg=0x7F '8'
[   164.730201] S 6Ea 00a P  | DIG4 seg=0x00 ' '
[   164.730493] S 4Fa 57a P  | KEY PRESSED KI3 / DIG4
[   164.928944] S 68a 06a P  | DIG1 seg=0x06 '1'
[   164.929224] S 6Aa 06a P  | DIG2 seg=0x06 '1'
[   164.929503] S 6Ca 7Fa P  | DIG3 seg=0x7F '8'
[   164.929795] S 6Ea 00a P  | DIG4 seg=0x00 ' '
[   164.930073] S 4Fa 57a P  | KEY PRESSED KI3 / DIG4
[   165.128533] S 68a 06a P  | DIG1 seg=0x06 '1'
[   165.128825] S 6Aa 06a P  | DIG2 seg=0x06 '1'
[   165.129104] S 6Ca 7Fa P  | DIG3 seg=0x7F '8'
[   165.129397] S 6Ea 00a P  | DIG4 seg=0x00 ' '
[   165.129676] S 4Fa 57a P  | KEY PRESSED KI3 / DIG4
[   165.328087] S 68a 06a P  | DIG1 seg=0x06 '1'
[   165.328365] S 6Aa 06a P  | DIG2 seg=0x06 '1'
[   165.328642] S 6Ca 7Fa P  | DIG3 seg=0x7F '8'
[   165.328936] S 6Ea 00a P  | DIG4 seg=0x00 ' '
[   165.329214] S 4Fa 57a P  | KEY PRESSED KI3 / DIG4
[   165.527624] S 68a 06a P  | DIG1 seg=0x06 '1'
[   165.527903] S 6Aa 06a P  | DIG2 seg=0x06 '1'
[   165.528197] S 6Ca 7Fa P  | DIG3 seg=0x7F '8'
[   165.528476] S 6Ea 00a P  | DIG4 seg=0x00 ' '
[   165.528754] S 4Fa 57a P  | KEY PRESSED KI3 / DIG4
[   165.727200] S 68a 06a P  | DIG1 seg=0x06 '1'
[   165.727478] S 6Aa 06a P  | DIG2 seg=0x06 '1'
[   165.727772] S 6Ca 07a P  | DIG3 seg=0x07 '7'
[   165.727772] >>> DISPLAY: "117 "
[   165.728051] S 6Ea 00a P  | DIG4 seg=0x00 ' '
[   165.728329] S 4Fa 57a P  | KEY PRESSED KI3 / DIG4
[   165.926702] S 68a 06a P  | DIG1 seg=0x06 '1'
[   165.926980] S 6Aa 06a P  | DIG2 seg=0x06 '1'
[   165.927272] S 6Ca 07a P  | DIG3 seg=0x07 '7'
[   165.927551] S 6Ea 00a P  | DIG4 seg=0x00 ' '
[   165.927830] S 4Fa 57a P  | KEY PRESSED KI3 / DIG4
[   166.126250] S 68a 06a P  | DIG1 seg=0x06 '1'
[   166.126542] S 6Aa 06a P  | DIG2 seg=0x06 '1'
[   166.126820] S 6Ca 07a P  | DIG3 seg=0x07 '7'
[   166.127100] S 6Ea 00a P  | DIG4 seg=0x00 ' '
[   166.127392] S 4Fa 57a P  | KEY PRESSED KI3 / DIG4

[channel 2 -> GPIO26 pulsed 2800 ms; watching the bus]
[   166.525364] S 68a 06a P  | DIG1 seg=0x06 '1'
[   166.525642] S 6Aa 06a P  | DIG2 seg=0x06 '1'
[   166.525935] S 6Ca 07a P  | DIG3 seg=0x07 '7'
[   166.526214] S 6Ea 00a P  | DIG4 seg=0x00 ' '
[   166.526492] S 4Fa 17a P  | KEY released/idle
[   166.526492] >>> KEY released/idle
[   166.724939] S 68a 00a P  | DIG1 seg=0x00 ' '
[   166.724939] >>> DISPLAY: " 17 "
[   166.725217] S 6Aa 00a P  | DIG2 seg=0x00 ' '
[   166.725217] >>> DISPLAY: "  7 "
[   166.725495] S 6Ca 00a P  | DIG3 seg=0x00 ' '
[   166.725495] >>> DISPLAY: "    "
[   166.725788] S 6Ea 00a P  | DIG4 seg=0x00 ' '
[   166.726067] S 4Fa 17a P  | KEY released/idle
[   166.924491] S 68a 06a P  | DIG1 seg=0x06 '1'
[   166.924491] >>> DISPLAY: "1   "
[   166.924782] S 6Aa 06a P  | DIG2 seg=0x06 '1'
[   166.924782] >>> DISPLAY: "11  "
[   166.925062] S 6Ca 7Da P  | DIG3 seg=0x7D '6'
[   166.925062] >>> DISPLAY: "116 "
[   166.925353] S 6Ea 00a P  | DIG4 seg=0x00 ' '
[   166.925632] S 4Fa 17a P  | KEY released/idle
[   167.123990] S 68a 06a P  | DIG1 seg=0x06 '1'
[   167.124281] S 6Aa 06a P  | DIG2 seg=0x06 '1'
[   167.124562] S 6Ca 7Da P  | DIG3 seg=0x7D '6'
[   167.124841] S 6Ea 00a P  | DIG4 seg=0x00 ' '
[   167.125133] S 4Fa 17a P  | KEY released/idle
[   167.323544] S 68a 00a P  | DIG1 seg=0x00 ' '
[   167.323544] >>> DISPLAY: " 16 "
[   167.323822] S 6Aa 00a P  | DIG2 seg=0x00 ' '
[   167.323822] >>> DISPLAY: "  6 "
[   167.324100] S 6Ca 00a P  | DIG3 seg=0x00 ' '
[   167.324100] >>> DISPLAY: "    "
[   167.324393] S 6Ea 00a P  | DIG4 seg=0x00 ' '
[   167.324672] S 4Fa 17a P  | KEY released/idle
[   167.523114] S 68a 06a P  | DIG1 seg=0x06 '1'
[   167.523114] >>> DISPLAY: "1   "
[   167.523392] S 6Aa 06a P  | DIG2 seg=0x06 '1'
[   167.523392] >>> DISPLAY: "11  "
[   167.523671] S 6Ca 7Da P  | DIG3 seg=0x7D '6'
[   167.523671] >>> DISPLAY: "116 "
[   167.523963] S 6Ea 00a P  | DIG4 seg=0x00 ' '
[   167.524240] S 4Fa 17a P  | KEY released/idle
[   167.722633] S 68a 06a P  | DIG1 seg=0x06 '1'
[   167.722914] S 6Aa 06a P  | DIG2 seg=0x06 '1'
[   167.723192] S 6Ca 7Da P  | DIG3 seg=0x7D '6'
[   167.723485] S 6Ea 00a P  | DIG4 seg=0x00 ' '
[   167.723762] S 4Fa 17a P  | KEY released/idle
[   167.922152] S 68a 06a P  | DIG1 seg=0x06 '1'
[   167.922430] S 6Aa 06a P  | DIG2 seg=0x06 '1'
[   167.922721] S 6Ca 7Da P  | DIG3 seg=0x7D '6'
[   167.923000] S 6Ea 00a P  | DIG4 seg=0x00 ' '
[   167.923279] S 4Fa 17a P  | KEY released/idle
[   168.121741] S 68a 06a P  | DIG1 seg=0x06 '1'
[   168.122019] S 6Aa 06a P  | DIG2 seg=0x06 '1'
[   168.122314] S 6Ca 6Da P  | DIG3 seg=0x6D '5'
[   168.122314] >>> DISPLAY: "115 "
[   168.122592] S 6Ea 00a P  | DIG4 seg=0x00 ' '
[   168.122869] S 4Fa 17a P  | KEY released/idle
[   168.321279] S 68a 06a P  | DIG1 seg=0x06 '1'
[   168.321557] S 6Aa 06a P  | DIG2 seg=0x06 '1'
[   168.321850] S 6Ca 6Da P  | DIG3 seg=0x6D '5'
[   168.322129] S 6Ea 00a P  | DIG4 seg=0x00 ' '
[   168.322407] S 4Fa 17a P  | KEY released/idle
[   168.520832] S 68a 06a P  | DIG1 seg=0x06 '1'
[   168.521126] S 6Aa 06a P  | DIG2 seg=0x06 '1'
[   168.521405] S 6Ca 6Da P  | DIG3 seg=0x6D '5'
[   168.521685] S 6Ea 00a P  | DIG4 seg=0x00 ' '
[   168.521976] S 4Fa 17a P  | KEY released/idle
[   168.720460] S 68a 06a P  | DIG1 seg=0x06 '1'
[   168.720752] S 6Aa 06a P  | DIG2 seg=0x06 '1'
[   168.721031] S 6Ca 6Da P  | DIG3 seg=0x6D '5'
[   168.721323] S 6Ea 00a P  | DIG4 seg=0x00 ' '
[   168.721601] S 4Fa 17a P  | KEY released/idle
[   168.919987] S 68a 06a P  | DIG1 seg=0x06 '1'
[   168.920265] S 6Aa 06a P  | DIG2 seg=0x06 '1'
[   168.920558] S 6Ca 6Da P  | DIG3 seg=0x6D '5'
[   168.920837] S 6Ea 00a P  | DIG4 seg=0x00 ' '
[   168.921115] S 4Fa 17a P  | KEY released/idle
[   169.119604] S 68a 06a P  | DIG1 seg=0x06 '1'
[   169.119882] S 6Aa 06a P  | DIG2 seg=0x06 '1'
[   169.120161] S 6Ca 6Da P  | DIG3 seg=0x6D '5'
[   169.120455] S 6Ea 00a P  | DIG4 seg=0x00 ' '
[   169.120733] S 4Fa 17a P  | KEY released/idle
[   169.319214] S 68a 06a P  | DIG1 seg=0x06 '1'
[   169.319507] S 6Aa 06a P  | DIG2 seg=0x06 '1'
[   169.319787] S 6Ca 66a P  | DIG3 seg=0x66 '4'
[   169.319787] >>> DISPLAY: "114 "
[   169.320079] S 6Ea 00a P  | DIG4 seg=0x00 ' '
[   169.320356] S 4Fa 17a P  | KEY released/idle
[   169.518790] S 68a 06a P  | DIG1 seg=0x06 '1'
[   169.519068] S 6Aa 06a P  | DIG2 seg=0x06 '1'
[   169.519346] S 6Ca 66a P  | DIG3 seg=0x66 '4'
[   169.519639] S 6Ea 00a P  | DIG4 seg=0x00 ' '
[   169.519916] S 4Fa 17a P  | KEY released/idle
[   169.718373] S 68a 06a P  | DIG1 seg=0x06 '1'
[   169.718652] S 6Aa 06a P  | DIG2 seg=0x06 '1'
[   169.718944] S 6Ca 66a P  | DIG3 seg=0x66 '4'
[   169.719224] S 6Ea 00a P  | DIG4 seg=0x00 ' '
[   169.719502] S 4Fa 17a P  | KEY released/idle
[   169.917971] S 68a 06a P  | DIG1 seg=0x06 '1'
[   169.918249] S 6Aa 06a P  | DIG2 seg=0x06 '1'
[   169.918529] S 6Ca 66a P  | DIG3 seg=0x66 '4'
[   169.918823] S 6Ea 00a P  | DIG4 seg=0x00 ' '
[   169.919101] S 4Fa 17a P  | KEY released/idle
[   170.117519] S 68a 06a P  | DIG1 seg=0x06 '1'
[   170.117797] S 6Aa 06a P  | DIG2 seg=0x06 '1'
[   170.118075] S 6Ca 66a P  | DIG3 seg=0x66 '4'
[   170.118369] S 6Ea 00a P  | DIG4 seg=0x00 ' '
[   170.118647] S 4Fa 17a P  | KEY released/idle
[   170.317103] S 68a 06a P  | DIG1 seg=0x06 '1'
[   170.317381] S 6Aa 06a P  | DIG2 seg=0x06 '1'
[   170.317672] S 6Ca 66a P  | DIG3 seg=0x66 '4'
[   170.317953] S 6Ea 00a P  | DIG4 seg=0x00 ' '
[   170.318231] S 4Fa 17a P  | KEY released/idle
[   170.516729] S 68a 06a P  | DIG1 seg=0x06 '1'
[   170.517008] S 6Aa 06a P  | DIG2 seg=0x06 '1'
[   170.517301] S 6Ca 4Fa P  | DIG3 seg=0x4F '3'
[   170.517301] >>> DISPLAY: "113 "
[   170.517579] S 6Ea 00a P  | DIG4 seg=0x00 ' '
[   170.517857] S 4Fa 17a P  | KEY released/idle
[   170.716306] S 68a 06a P  | DIG1 seg=0x06 '1'
[   170.716585] S 6Aa 06a P  | DIG2 seg=0x06 '1'
[   170.716877] S 6Ca 4Fa P  | DIG3 seg=0x4F '3'
[   170.717156] S 6Ea 00a P  | DIG4 seg=0x00 ' '
[   170.717434] S 4Fa 17a P  | KEY released/idle
[   170.915904] S 68a 06a P  | DIG1 seg=0x06 '1'
[   170.916182] S 6Aa 06a P  | DIG2 seg=0x06 '1'
[   170.916460] S 6Ca 4Fa P  | DIG3 seg=0x4F '3'
[   170.916753] S 6Ea 00a P  | DIG4 seg=0x00 ' '
[   170.917031] S 4Fa 17a P  | KEY released/idle
[   171.115515] S 68a 06a P  | DIG1 seg=0x06 '1'
[   171.115807] S 6Aa 06a P  | DIG2 seg=0x06 '1'
[   171.116088] S 6Ca 4Fa P  | DIG3 seg=0x4F '3'
[   171.116381] S 6Ea 00a P  | DIG4 seg=0x00 ' '
[   171.116659] S 4Fa 17a P  | KEY released/idle
[   171.315066] S 68a 06a P  | DIG1 seg=0x06 '1'
[   171.315343] S 6Aa 06a P  | DIG2 seg=0x06 '1'
[   171.315637] S 6Ca 4Fa P  | DIG3 seg=0x4F '3'
[   171.315916] S 6Ea 00a P  | DIG4 seg=0x00 ' '
[   171.316194] S 4Fa 17a P  | KEY released/idle
[   171.514693] S 68a 06a P  | DIG1 seg=0x06 '1'
[   171.514971] S 6Aa 06a P  | DIG2 seg=0x06 '1'
[   171.515248] S 6Ca 4Fa P  | DIG3 seg=0x4F '3'
[   171.515543] S 6Ea 00a P  | DIG4 seg=0x00 ' '
[   171.515821] S 4Fa 17a P  | KEY released/idle
[   171.714309] S P  | MALFORMED: 0 byte(s), expected 2
[   171.714327] S 68a 06a P  | DIG1 seg=0x06 '1'
[   171.714606] S 6Aa 06a P  | DIG2 seg=0x06 '1'
[   171.714885] S 6Ca 5Ba P  | DIG3 seg=0x5B '2'
[   171.714885] >>> DISPLAY: "112 "
[   171.715177] S 6Ea 00a P  | DIG4 seg=0x00 ' '
[   171.715455] S 4Fa 17a P  | KEY released/idle
[   171.913909] S 68a 06a P  | DIG1 seg=0x06 '1'
[   171.914187] S 6Aa 06a P  | DIG2 seg=0x06 '1'
[   171.914464] S 6Ca 5Ba P  | DIG3 seg=0x5B '2'
[   171.914758] S 6Ea 00a P  | DIG4 seg=0x00 ' '
[   171.915036] S 4Fa 17a P  | KEY released/idle
[   172.113472] S 68a 06a P  | DIG1 seg=0x06 '1'
[   172.113750] S 6Aa 06a P  | DIG2 seg=0x06 '1'
[   172.114043] S 6Ca 5Ba P  | DIG3 seg=0x5B '2'
[   172.114322] S 6Ea 00a P  | DIG4 seg=0x00 ' '
[   172.114599] S 4Fa 17a P  | KEY released/idle
[   172.313087] S 68a 06a P  | DIG1 seg=0x06 '1'
[   172.313365] S 6Aa 06a P  | DIG2 seg=0x06 '1'
[   172.313658] S 6Ca 5Ba P  | DIG3 seg=0x5B '2'
[   172.313936] S 6Ea 00a P  | DIG4 seg=0x00 ' '
[   172.314214] S 4Fa 17a P  | KEY released/idle
[   172.512636] S 68a 06a P  | DIG1 seg=0x06 '1'
[   172.512914] S 6Aa 06a P  | DIG2 seg=0x06 '1'
[   172.513206] S 6Ca 5Ba P  | DIG3 seg=0x5B '2'
[   172.513485] S 6Ea 00a P  | DIG4 seg=0x00 ' '
[   172.513766] S 4Fa 17a P  | KEY released/idle
[   172.712210] S 68a 06a P  | DIG1 seg=0x06 '1'
[   172.712488] S 6Aa 06a P  | DIG2 seg=0x06 '1'
[   172.712782] S 6Ca 5Ba P  | DIG3 seg=0x5B '2'
[   172.713062] S 6Ea 00a P  | DIG4 seg=0x00 ' '
[   172.713336] S P  | MALFORMED: 0 byte(s), expected 2
[   172.713354] S 4Fa 17a P  | KEY released/idle
[   172.911839] S 68a 06a P  | DIG1 seg=0x06 '1'
[   172.912132] S 6Aa 06a P  | DIG2 seg=0x06 '1'
[   172.912411] S 6Ca 06a P  | DIG3 seg=0x06 '1'
[   172.912411] >>> DISPLAY: "111 "
[   172.912689] S 6Ea 00a P  | DIG4 seg=0x00 ' '
[   172.912980] S 4Fa 17a P  | KEY released/idle
[   173.111362] S 68a 06a P  | DIG1 seg=0x06 '1'
[   173.111641] S 6Aa 06a P  | DIG2 seg=0x06 '1'
[   173.111933] S 6Ca 06a P  | DIG3 seg=0x06 '1'
[   173.112213] S 6Ea 00a P  | DIG4 seg=0x00 ' '
[   173.112492] S 4Fa 17a P  | KEY released/idle
[   173.310944] S 68a 06a P  | DIG1 seg=0x06 '1'
[   173.311237] S 6Aa 06a P  | DIG2 seg=0x06 '1'
[   173.311515] S 6Ca 06a P  | DIG3 seg=0x06 '1'
[   173.311808] S 6Ea 00a P  | DIG4 seg=0x00 ' '
[   173.312085] S 4Fa 17a P  | KEY released/idle
[   173.510568] S 68a 06a P  | DIG1 seg=0x06 '1'
[   173.510848] S 6Aa 06a P  | DIG2 seg=0x06 '1'
[   173.511128] S 6Ca 06a P  | DIG3 seg=0x06 '1'
[   173.511421] S 6Ea 00a P  | DIG4 seg=0x00 ' '
[   173.511698] S 4Fa 17a P  | KEY released/idle
[   173.710087] S 68a 06a P  | DIG1 seg=0x06 '1'
[   173.710378] S 6Aa 06a P  | DIG2 seg=0x06 '1'
[   173.710658] S 6Ca 06a P  | DIG3 seg=0x06 '1'
[   173.710937] S 6Ea 00a P  | DIG4 seg=0x00 ' '
[   173.711229] S 4Fa 17a P  | KEY released/idle
[   173.909651] S 68a 06a P  | DIG1 seg=0x06 '1'
[   173.909929] S 6Aa 06a P  | DIG2 seg=0x06 '1'
[   173.910207] S 6Ca 06a P  | DIG3 seg=0x06 '1'
[   173.910500] S 6Ea 00a P  | DIG4 seg=0x00 ' '
[   173.910779] S 4Fa 17a P  | KEY released/idle
[   174.109229] S 68a 06a P  | DIG1 seg=0x06 '1'
[   174.109508] S 6Aa 06a P  | DIG2 seg=0x06 '1'
[   174.109788] S 6Ca 3Fa P  | DIG3 seg=0x3F '0'
[   174.109788] >>> DISPLAY: "110 "
[   174.110081] S 6Ea 00a P  | DIG4 seg=0x00 ' '
[   174.110358] S 4Fa 17a P  | KEY released/idle
[   174.308765] S 68a 06a P  | DIG1 seg=0x06 '1'
[   174.309042] S 6Aa 06a P  | DIG2 seg=0x06 '1'
[   174.309321] S 6Ca 3Fa P  | DIG3 seg=0x3F '0'
[   174.309616] S 6Ea 00a P  | DIG4 seg=0x00 ' '
[   174.309893] S 4Fa 17a P  | KEY released/idle
[   174.508311] S 68a 06a P  | DIG1 seg=0x06 '1'
[   174.508589] S 6Aa 06a P  | DIG2 seg=0x06 '1'
[   174.508880] S 6Ca 3Fa P  | DIG3 seg=0x3F '0'
[   174.509160] S 6Ea 00a P  | DIG4 seg=0x00 ' '
[   174.509437] S 4Fa 17a P  | KEY released/idle
[   174.707932] S 68a 06a P  | DIG1 seg=0x06 '1'
[   174.708210] S 6Aa 06a P  | DIG2 seg=0x06 '1'
[   174.708504] S 6Ca 3Fa P  | DIG3 seg=0x3F '0'
[   174.708783] S 6Ea 00a P  | DIG4 seg=0x00 ' '
[   174.709060] S 4Fa 17a P  | KEY released/idle
[   174.907476] S 68a 06a P  | DIG1 seg=0x06 '1'
[   174.907754] S 6Aa 06a P  | DIG2 seg=0x06 '1'
[   174.908032] S 6Ca 3Fa P  | DIG3 seg=0x3F '0'
[   174.908325] S 6Ea 00a P  | DIG4 seg=0x00 ' '
[   174.908603] S 4Fa 17a P  | KEY released/idle
[   175.107040] S 68a 06a P  | DIG1 seg=0x06 '1'
[   175.107332] S 6Aa 06a P  | DIG2 seg=0x06 '1'
[   175.107610] S 6Ca 3Fa P  | DIG3 seg=0x3F '0'
[   175.107891] S 6Ea 00a P  | DIG4 seg=0x00 ' '
[   175.108182] S 4Fa 17a P  | KEY released/idle
[   175.306655] S 68a 06a P  | DIG1 seg=0x06 '1'
[   175.306947] S 6Aa 3Fa P  | DIG2 seg=0x3F '0'
[   175.306947] >>> DISPLAY: "100 "
[   175.307228] S 6Ca 6Fa P  | DIG3 seg=0x6F '9'
[   175.307228] >>> DISPLAY: "109 "
[   175.307505] S 6Ea 00a P  | DIG4 seg=0x00 ' '
[   175.307798] S 4Fa 17a P  | KEY released/idle
[   175.506193] S 68a 06a P  | DIG1 seg=0x06 '1'
[   175.506474] S 6Aa 3Fa P  | DIG2 seg=0x3F '0'
[   175.506765] S 6Ca 6Fa P  | DIG3 seg=0x6F '9'
[   175.507045] S 6Ea 00a P  | DIG4 seg=0x00 ' '
[   175.507322] S 4Fa 17a P  | KEY released/idle
[   175.705806] S 68a 06a P  | DIG1 seg=0x06 '1'
[   175.706084] S 6Aa 3Fa P  | DIG2 seg=0x3F '0'
[   175.706362] S 6Ca 6Fa P  | DIG3 seg=0x6F '9'
[   175.706656] S 6Ea 00a P  | DIG4 seg=0x00 ' '
[   175.706934] S 4Fa 17a P  | KEY released/idle
[   175.905406] S 68a 06a P  | DIG1 seg=0x06 '1'
[   175.905684] S 6Aa 3Fa P  | DIG2 seg=0x3F '0'
[   175.905963] S 6Ca 6Fa P  | DIG3 seg=0x6F '9'
[   175.906256] S 6Ea 00a P  | DIG4 seg=0x00 ' '
[   175.906534] S 4Fa 17a P  | KEY released/idle
[   176.104906] S 68a 06a P  | DIG1 seg=0x06 '1'
[   176.105198] S 6Aa 3Fa P  | DIG2 seg=0x3F '0'
[   176.105476] S 6Ca 6Fa P  | DIG3 seg=0x6F '9'
[   176.105755] S 6Ea 00a P  | DIG4 seg=0x00 ' '
[   176.106048] S 4Fa 17a P  | KEY released/idle
[   176.304457] S 68a 06a P  | DIG1 seg=0x06 '1'
[   176.304735] S 6Aa 3Fa P  | DIG2 seg=0x3F '0'
[   176.305013] S 6Ca 7Fa P  | DIG3 seg=0x7F '8'
[   176.305013] >>> DISPLAY: "108 "
[   176.305306] S 6Ea 00a P  | DIG4 seg=0x00 ' '
[   176.305585] S 4Fa 17a P  | KEY released/idle
[   176.504028] S 68a 06a P  | DIG1 seg=0x06 '1'
[   176.504307] S 6Aa 3Fa P  | DIG2 seg=0x3F '0'
[   176.504586] S 6Ca 7Fa P  | DIG3 seg=0x7F '8'
[   176.504878] S 6Ea 00a P  | DIG4 seg=0x00 ' '
[   176.505156] S 4Fa 17a P  | KEY released/idle
[   176.703521] S 68a 06a P  | DIG1 seg=0x06 '1'
[   176.703799] S 6Aa 3Fa P  | DIG2 seg=0x3F '0'
[   176.704077] S 6Ca 7Fa P  | DIG3 seg=0x7F '8'
[   176.704370] S 6Ea 00a P  | DIG4 seg=0x00 ' '
[   176.704649] S 4Fa 17a P  | KEY released/idle
[   176.903024] S 68a 06a P  | DIG1 seg=0x06 '1'
[   176.903303] S 6Aa 3Fa P  | DIG2 seg=0x3F '0'
[   176.903596] S 6Ca 7Fa P  | DIG3 seg=0x7F '8'
[   176.903875] S 6Ea 00a P  | DIG4 seg=0x00 ' '
[   176.904153] S 4Fa 17a P  | KEY released/idle
[   177.102612] S 68a 06a P  | DIG1 seg=0x06 '1'
[   177.102889] S 6Aa 3Fa P  | DIG2 seg=0x3F '0'
[   177.103182] S 6Ca 7Fa P  | DIG3 seg=0x7F '8'
[   177.103460] S 6Ea 00a P  | DIG4 seg=0x00 ' '
[   177.103752] S 4Fa 17a P  | KEY released/idle
[   177.302133] S 68a 06a P  | DIG1 seg=0x06 '1'
[   177.302411] S 6Aa 3Fa P  | DIG2 seg=0x3F '0'
[   177.302703] S 6Ca 7Fa P  | DIG3 seg=0x7F '8'
[   177.302982] S 6Ea 00a P  | DIG4 seg=0x00 ' '
[   177.303260] S 4Fa 17a P  | KEY released/idle
[   177.501683] S 68a 06a P  | DIG1 seg=0x06 '1'
[   177.501975] S 6Aa 3Fa P  | DIG2 seg=0x3F '0'
[   177.502253] S 6Ca 07a P  | DIG3 seg=0x07 '7'
[   177.502253] >>> DISPLAY: "107 "
[   177.502532] S 6Ea 00a P  | DIG4 seg=0x00 ' '
[   177.502824] S 4Fa 17a P  | KEY released/idle
[   177.701282] S 68a 06a P  | DIG1 seg=0x06 '1'
[   177.701574] S 6Aa 3Fa P  | DIG2 seg=0x3F '0'
[   177.701853] S 6Ca 07a P  | DIG3 seg=0x07 '7'
[   177.702132] S 6Ea 00a P  | DIG4 seg=0x00 ' '
[   177.702424] S 4Fa 17a P  | KEY released/idle
[   177.900819] S 68a 06a P  | DIG1 seg=0x06 '1'
[   177.901097] S 6Aa 3Fa P  | DIG2 seg=0x3F '0'
[   177.901390] S 6Ca 07a P  | DIG3 seg=0x07 '7'
[   177.901670] S 6Ea 00a P  | DIG4 seg=0x00 ' '
[   177.901961] S 4Fa 17a P  | KEY released/idle
[   178.100398] S 68a 06a P  | DIG1 seg=0x06 '1'
[   178.100677] S 6Aa 3Fa P  | DIG2 seg=0x3F '0'
[   178.100955] S 6Ca 07a P  | DIG3 seg=0x07 '7'
[   178.101249] S 6Ea 00a P  | DIG4 seg=0x00 ' '
[   178.101527] S 4Fa 17a P  | KEY released/idle
[   178.299971] S 68a 06a P  | DIG1 seg=0x06 '1'
[   178.300263] S 6Aa 3Fa P  | DIG2 seg=0x3F '0'
[   178.300544] S 6Ca 07a P  | DIG3 seg=0x07 '7'
[   178.300821] S 6Ea 00a P  | DIG4 seg=0x00 ' '
[   178.301115] S 4Fa 17a P  | KEY released/idle
[   178.499512] S 68a 06a P  | DIG1 seg=0x06 '1'
[   178.499807] S 6Aa 3Fa P  | DIG2 seg=0x3F '0'
[   178.500085] S 6Ca 07a P  | DIG3 seg=0x07 '7'
[   178.500379] S 6Ea 00a P  | DIG4 seg=0x00 ' '
[   178.500656] S 4Fa 17a P  | KEY released/idle
[   178.699077] S 68a 06a P  | DIG1 seg=0x06 '1'
[   178.699356] S 6Aa 3Fa P  | DIG2 seg=0x3F '0'
[   178.699649] S 6Ca 7Da P  | DIG3 seg=0x7D '6'
[   178.699649] >>> DISPLAY: "106 "
[   178.699928] S 6Ea 00a P  | DIG4 seg=0x00 ' '
[   178.700206] S 4Fa 17a P  | KEY released/idle
[   178.898648] S 68a 06a P  | DIG1 seg=0x06 '1'
[   178.898926] S 6Aa 3Fa P  | DIG2 seg=0x3F '0'
[   178.899219] S 6Ca 7Da P  | DIG3 seg=0x7D '6'
[   178.899498] S 6Ea 00a P  | DIG4 seg=0x00 ' '
[   178.899776] S 4Fa 17a P  | KEY released/idle
[   179.098164] S 68a 06a P  | DIG1 seg=0x06 '1'
[   179.098444] S 6Aa 3Fa P  | DIG2 seg=0x3F '0'
[   179.098736] S 6Ca 7Da P  | DIG3 seg=0x7D '6'
[   179.099015] S 6Ea 00a P  | DIG4 seg=0x00 ' '
[   179.099293] S 4Fa 17a P  | KEY released/idle
[   179.297704] S 68a 06a P  | DIG1 seg=0x06 '1'
[   179.297981] S 6Aa 3Fa P  | DIG2 seg=0x3F '0'
[   179.298275] S 6Ca 7Da P  | DIG3 seg=0x7D '6'
[   179.298555] S 6Ea 00a P  | DIG4 seg=0x00 ' '
[   179.298833] S 4Fa 17a P  | KEY released/idle
[   179.497302] S 68a 06a P  | DIG1 seg=0x06 '1'
[   179.497594] S 6Aa 3Fa P  | DIG2 seg=0x3F '0'
[   179.497873] S 6Ca 7Da P  | DIG3 seg=0x7D '6'
[   179.498151] S 6Ea 00a P  | DIG4 seg=0x00 ' '
[   179.498444] S 4Fa 17a P  | KEY released/idle
[   179.696808] S 68a 06a P  | DIG1 seg=0x06 '1'
[   179.697086] S 6Aa 3Fa P  | DIG2 seg=0x3F '0'
[   179.697379] S 6Ca 7Da P  | DIG3 seg=0x7D '6'
[   179.697658] S 6Ea 00a P  | DIG4 seg=0x00 ' '
[   179.697937] S 4Fa 17a P  | KEY released/idle
[   179.896363] S 68a 06a P  | DIG1 seg=0x06 '1'
[   179.896641] S 6Aa 3Fa P  | DIG2 seg=0x3F '0'
[   179.896918] S 6Ca 6Da P  | DIG3 seg=0x6D '5'
[   179.896918] >>> DISPLAY: "105 "
[   179.897211] S 6Ea 00a P  | DIG4 seg=0x00 ' '
[   179.897489] S 4Fa 17a P  | KEY released/idle
[   180.095951] S 68a 06a P  | DIG1 seg=0x06 '1'
[   180.096229] S 6Aa 3Fa P  | DIG2 seg=0x3F '0'
[   180.096508] S 6Ca 6Da P  | DIG3 seg=0x6D '5'
[   180.096800] S 6Ea 00a P  | DIG4 seg=0x00 ' '
[   180.097079] S 4Fa 17a P  | KEY released/idle
[   180.295446] S 68a 06a P  | DIG1 seg=0x06 '1'
[   180.295725] S 6Aa 3Fa P  | DIG2 seg=0x3F '0'
[   180.296017] S 6Ca 6Da P  | DIG3 seg=0x6D '5'
[   180.296296] S 6Ea 00a P  | DIG4 seg=0x00 ' '
[   180.296573] S 4Fa 17a P  | KEY released/idle
[   180.495015] S 68a 06a P  | DIG1 seg=0x06 '1'
[   180.495293] S 6Aa 3Fa P  | DIG2 seg=0x3F '0'
[   180.495570] S 6Ca 6Da P  | DIG3 seg=0x6D '5'
[   180.495864] S 6Ea 00a P  | DIG4 seg=0x00 ' '
[   180.496143] S 4Fa 17a P  | KEY released/idle
[   180.694597] S 68a 06a P  | DIG1 seg=0x06 '1'
[   180.694875] S 6Aa 3Fa P  | DIG2 seg=0x3F '0'
[   180.695154] S 6Ca 6Da P  | DIG3 seg=0x6D '5'
[   180.695448] S 6Ea 00a P  | DIG4 seg=0x00 ' '
[   180.695726] S 4Fa 17a P  | KEY released/idle
[   180.894103] S 68a 06a P  | DIG1 seg=0x06 '1'
[   180.894381] S 6Aa 3Fa P  | DIG2 seg=0x3F '0'
[   180.894659] S 6Ca 6Da P  | DIG3 seg=0x6D '5'
[   180.894953] S 6Ea 00a P  | DIG4 seg=0x00 ' '
[   180.895230] S 4Fa 17a P  | KEY released/idle
[   181.093643] S 68a 06a P  | DIG1 seg=0x06 '1'
[   181.093921] S 6Aa 3Fa P  | DIG2 seg=0x3F '0'
[   181.094212] S 6Ca 66a P  | DIG3 seg=0x66 '4'
[   181.094212] >>> DISPLAY: "104 "
[   181.094492] S 6Ea 00a P  | DIG4 seg=0x00 ' '
[   181.094771] S 4Fa 17a P  | KEY released/idle
[   181.292977] S 48a 21a P  | CTRL display=ON sleep=no seg=8 brightness=2
[   181.293255] S 68a 06a P  | DIG1 seg=0x06 '1'
[   181.293532] S 6Aa 3Fa P  | DIG2 seg=0x3F '0'
[   181.293826] S 6Ca 66a P  | DIG3 seg=0x66 '4'
[   181.294104] S 6Ea 00a P  | DIG4 seg=0x00 ' '
[   181.294381] S 4Fa 17a P  | KEY released/idle
[   181.492775] S 68a 06a P  | DIG1 seg=0x06 '1'
[   181.493055] S 6Aa 3Fa P  | DIG2 seg=0x3F '0'
[   181.493333] S 6Ca 66a P  | DIG3 seg=0x66 '4'
[   181.493626] S 6Ea 00a P  | DIG4 seg=0x00 ' '
[   181.493903] S 4Fa 17a P  | KEY released/idle
[   181.692323] S 68a 06a P  | DIG1 seg=0x06 '1'
[   181.692602] S 6Aa 3Fa P  | DIG2 seg=0x3F '0'
[   181.692894] S 6Ca 66a P  | DIG3 seg=0x66 '4'
[   181.693175] S 6Ea 00a P  | DIG4 seg=0x00 ' '
[   181.693449] S P  | MALFORMED: 0 byte(s), expected 2
[   181.693467] S 4Fa 17a P  | KEY released/idle
[   181.891937] S 68a 06a P  | DIG1 seg=0x06 '1'
[   181.892228] S 6Aa 3Fa P  | DIG2 seg=0x3F '0'
[   181.892508] S 6Ca 66a P  | DIG3 seg=0x66 '4'
[   181.892786] S 6Ea 00a P  | DIG4 seg=0x00 ' '
[   181.893078] S 4Fa 17a P  | KEY released/idle
[   182.091463] S 68a 06a P  | DIG1 seg=0x06 '1'
[   182.091741] S 6Aa 3Fa P  | DIG2 seg=0x3F '0'
[   182.092019] S 6Ca 66a P  | DIG3 seg=0x66 '4'
[   182.092313] S 6Ea 00a P  | DIG4 seg=0x00 ' '
[   182.092592] S 4Fa 17a P  | KEY released/idle
[   182.291055] S 68a 06a P  | DIG1 seg=0x06 '1'
[   182.291333] S 6Aa 3Fa P  | DIG2 seg=0x3F '0'
[   182.291610] S 6Ca 4Fa P  | DIG3 seg=0x4F '3'
[   182.291610] >>> DISPLAY: "103 "
[   182.291904] S 6Ea 00a P  | DIG4 seg=0x00 ' '
[   182.292182] S 4Fa 17a P  | KEY released/idle
[   182.490653] S 68a 06a P  | DIG1 seg=0x06 '1'
[   182.490945] S 6Aa 3Fa P  | DIG2 seg=0x3F '0'
[   182.491224] S 6Ca 4Fa P  | DIG3 seg=0x4F '3'
[   182.491518] S 6Ea 00a P  | DIG4 seg=0x00 ' '
[   182.491795] S 4Fa 17a P  | KEY released/idle
[   182.690198] S 68a 06a P  | DIG1 seg=0x06 '1'
[   182.690492] S 6Aa 3Fa P  | DIG2 seg=0x3F '0'
[   182.690770] S 6Ca 4Fa P  | DIG3 seg=0x4F '3'
[   182.691049] S 6Ea 00a P  | DIG4 seg=0x00 ' '
[   182.691341] S 4Fa 17a P  | KEY released/idle
[   182.889779] S 68a 06a P  | DIG1 seg=0x06 '1'
[   182.890058] S 6Aa 3Fa P  | DIG2 seg=0x3F '0'
[   182.890336] S 6Ca 4Fa P  | DIG3 seg=0x4F '3'
[   182.890629] S 6Ea 00a P  | DIG4 seg=0x00 ' '
[   182.890906] S 4Fa 17a P  | KEY released/idle
[   183.089417] S 68a 06a P  | DIG1 seg=0x06 '1'
[   183.089695] S 6Aa 3Fa P  | DIG2 seg=0x3F '0'
[   183.089975] S 6Ca 4Fa P  | DIG3 seg=0x4F '3'
[   183.090267] S 6Ea 00a P  | DIG4 seg=0x00 ' '
[   183.090545] S 4Fa 17a P  | KEY released/idle
[   183.288947] S 68a 06a P  | DIG1 seg=0x06 '1'
[   183.289225] S 6Aa 3Fa P  | DIG2 seg=0x3F '0'
[   183.289503] S 6Ca 4Fa P  | DIG3 seg=0x4F '3'
[   183.289797] S 6Ea 00a P  | DIG4 seg=0x00 ' '
[   183.290075] S 4Fa 17a P  | KEY released/idle
[   183.488463] S 68a 06a P  | DIG1 seg=0x06 '1'
[   183.488741] S 6Aa 3Fa P  | DIG2 seg=0x3F '0'
[   183.489033] S 6Ca 5Ba P  | DIG3 seg=0x5B '2'
[   183.489033] >>> DISPLAY: "102 "
[   183.489315] S 6Ea 00a P  | DIG4 seg=0x00 ' '
[   183.489592] S 4Fa 17a P  | KEY released/idle
[   183.688084] S 68a 06a P  | DIG1 seg=0x06 '1'
[   183.688362] S 6Aa 3Fa P  | DIG2 seg=0x3F '0'
[   183.688655] S 6Ca 5Ba P  | DIG3 seg=0x5B '2'
[   183.688933] S 6Ea 00a P  | DIG4 seg=0x00 ' '
[   183.689226] S 4Fa 17a P  | KEY released/idle
[   183.887615] S 68a 06a P  | DIG1 seg=0x06 '1'
[   183.887893] S 6Aa 3Fa P  | DIG2 seg=0x3F '0'
[   183.888185] S 6Ca 5Ba P  | DIG3 seg=0x5B '2'
[   183.888464] S 6Ea 00a P  | DIG4 seg=0x00 ' '
[   183.888743] S 4Fa 17a P  | KEY released/idle
[   184.087187] S 68a 06a P  | DIG1 seg=0x06 '1'
[   184.087479] S 6Aa 3Fa P  | DIG2 seg=0x3F '0'
[   184.087756] S 6Ca 5Ba P  | DIG3 seg=0x5B '2'
[   184.088037] S 6Ea 00a P  | DIG4 seg=0x00 ' '
[   184.088329] S 4Fa 17a P  | KEY released/idle
[   184.286816] S 68a 06a P  | DIG1 seg=0x06 '1'
[   184.287109] S 6Aa 3Fa P  | DIG2 seg=0x3F '0'
[   184.287389] S 6Ca 5Ba P  | DIG3 seg=0x5B '2'
[   184.287668] S 6Ea 00a P  | DIG4 seg=0x00 ' '
[   184.287959] S 4Fa 17a P  | KEY released/idle
[   184.486352] S 68a 06a P  | DIG1 seg=0x06 '1'
[   184.486630] S 6Aa 3Fa P  | DIG2 seg=0x3F '0'
[   184.486922] S 6Ca 5Ba P  | DIG3 seg=0x5B '2'
[   184.487203] S 6Ea 00a P  | DIG4 seg=0x00 ' '
[   184.487496] S 4Fa 17a P  | KEY released/idle
[   184.685905] S 68a 06a P  | DIG1 seg=0x06 '1'
[   184.686199] S 6Aa 3Fa P  | DIG2 seg=0x3F '0'
[   184.686476] S 6Ca 06a P  | DIG3 seg=0x06 '1'
[   184.686476] >>> DISPLAY: "101 "
[   184.686756] S 6Ea 00a P  | DIG4 seg=0x00 ' '
[   184.687047] S 4Fa 17a P  | KEY released/idle
[   184.885528] S 68a 06a P  | DIG1 seg=0x06 '1'
[   184.885819] S 6Aa 3Fa P  | DIG2 seg=0x3F '0'
[   184.886099] S 6Ca 06a P  | DIG3 seg=0x06 '1'
[   184.886392] S 6Ea 00a P  | DIG4 seg=0x00 ' '
[   184.886670] S 4Fa 17a P  | KEY released/idle
[   185.085081] S 68a 06a P  | DIG1 seg=0x06 '1'
[   185.085374] S 6Aa 3Fa P  | DIG2 seg=0x3F '0'
[   185.085652] S 6Ca 06a P  | DIG3 seg=0x06 '1'
[   185.085931] S 6Ea 00a P  | DIG4 seg=0x00 ' '
[   185.086223] S 4Fa 17a P  | KEY released/idle
[   185.284667] S 68a 06a P  | DIG1 seg=0x06 '1'
[   185.284944] S 6Aa 3Fa P  | DIG2 seg=0x3F '0'
[   185.285237] S 6Ca 06a P  | DIG3 seg=0x06 '1'
[   185.285516] S 6Ea 00a P  | DIG4 seg=0x00 ' '
[   185.285794] S 4Fa 17a P  | KEY released/idle
[   185.484262] S 68a 06a P  | DIG1 seg=0x06 '1'
[   185.484540] S 6Aa 3Fa P  | DIG2 seg=0x3F '0'
[   185.484819] S 6Ca 06a P  | DIG3 seg=0x06 '1'
[   185.485110] S 6Ea 00a P  | DIG4 seg=0x00 ' '
[   185.485390] S 4Fa 17a P  | KEY released/idle
[   185.683763] S 68a 06a P  | DIG1 seg=0x06 '1'
[   185.684041] S 6Aa 3Fa P  | DIG2 seg=0x3F '0'
[   185.684319] S 6Ca 06a P  | DIG3 seg=0x06 '1'
[   185.684612] S 6Ea 00a P  | DIG4 seg=0x00 ' '
[   185.684889] S 4Fa 17a P  | KEY released/idle
[   185.883320] S 68a 06a P  | DIG1 seg=0x06 '1'
[   185.883598] S 6Aa 3Fa P  | DIG2 seg=0x3F '0'
[   185.883890] S 6Ca 3Fa P  | DIG3 seg=0x3F '0'
[   185.883890] >>> DISPLAY: "100 "
[   185.884170] S 6Ea 00a P  | DIG4 seg=0x00 ' '
[   185.884463] S 4Fa 17a P  | KEY released/idle
[   186.082931] S 68a 06a P  | DIG1 seg=0x06 '1'
[   186.083223] S 6Aa 3Fa P  | DIG2 seg=0x3F '0'
[   186.083502] S 6Ca 3Fa P  | DIG3 seg=0x3F '0'
[   186.083780] S 6Ea 00a P  | DIG4 seg=0x00 ' '
[   186.084071] S 4Fa 17a P  | KEY released/idle
[   186.282480] S 68a 06a P  | DIG1 seg=0x06 '1'
[   186.282758] S 6Aa 3Fa P  | DIG2 seg=0x3F '0'
[   186.283050] S 6Ca 3Fa P  | DIG3 seg=0x3F '0'
[   186.283329] S 6Ea 00a P  | DIG4 seg=0x00 ' '
[   186.283607] S 4Fa 17a P  | KEY released/idle
[   186.482050] S 68a 06a P  | DIG1 seg=0x06 '1'
[   186.482342] S 6Aa 3Fa P  | DIG2 seg=0x3F '0'
[   186.482620] S 6Ca 3Fa P  | DIG3 seg=0x3F '0'
[   186.482899] S 6Ea 00a P  | DIG4 seg=0x00 ' '
[   186.483192] S 4Fa 17a P  | KEY released/idle
[   186.681664] S 68a 06a P  | DIG1 seg=0x06 '1'
[   186.681956] S 6Aa 3Fa P  | DIG2 seg=0x3F '0'
[   186.682236] S 6Ca 3Fa P  | DIG3 seg=0x3F '0'
[   186.682529] S 6Ea 00a P  | DIG4 seg=0x00 ' '
[   186.682806] S 4Fa 17a P  | KEY released/idle
[   186.881206] S 68a 06a P  | DIG1 seg=0x06 '1'
[   186.881484] S 6Aa 3Fa P  | DIG2 seg=0x3F '0'
[   186.881775] S 6Ca 3Fa P  | DIG3 seg=0x3F '0'
[   186.882056] S 6Ea 00a P  | DIG4 seg=0x00 ' '
[   186.882348] S 4Fa 17a P  | KEY released/idle
[   187.080817] S 68a 3Fa P  | DIG1 seg=0x3F '0'
[   187.080817] >>> DISPLAY: "000 "
[   187.081095] S 6Aa 6Fa P  | DIG2 seg=0x6F '9'
[   187.081095] >>> DISPLAY: "090 "
[   187.081373] S 6Ca 6Fa P  | DIG3 seg=0x6F '9'
[   187.081373] >>> DISPLAY: "099 "
[   187.081667] S 6Ea 00a P  | DIG4 seg=0x00 ' '
[   187.081944] S 4Fa 17a P  | KEY released/idle
[   187.280413] S 68a 3Fa P  | DIG1 seg=0x3F '0'
[   187.280691] S 6Aa 6Fa P  | DIG2 seg=0x6F '9'
[   187.280970] S 6Ca 6Fa P  | DIG3 seg=0x6F '9'
[   187.281263] S 6Ea 00a P  | DIG4 seg=0x00 ' '
[   187.281540] S 4Fa 17a P  | KEY released/idle
[   187.479931] S 68a 3Fa P  | DIG1 seg=0x3F '0'
[   187.480223] S 6Aa 6Fa P  | DIG2 seg=0x6F '9'
[   187.480501] S 6Ca 6Fa P  | DIG3 seg=0x6F '9'
[   187.480794] S 6Ea 00a P  | DIG4 seg=0x00 ' '
[   187.481072] S 4Fa 17a P  | KEY released/idle
[   187.679519] S 68a 3Fa P  | DIG1 seg=0x3F '0'
[   187.679796] S 6Aa 6Fa P  | DIG2 seg=0x6F '9'
[   187.680077] S 6Ca 6Fa P  | DIG3 seg=0x6F '9'
[   187.680370] S 6Ea 00a P  | DIG4 seg=0x00 ' '
[   187.680648] S 4Fa 17a P  | KEY released/idle
[   187.879135] S 68a 3Fa P  | DIG1 seg=0x3F '0'
[   187.879413] S 6Aa 6Fa P  | DIG2 seg=0x6F '9'
[   187.879707] S 6Ca 6Fa P  | DIG3 seg=0x6F '9'
[   187.879985] S 6Ea 00a P  | DIG4 seg=0x00 ' '
[   187.880264] S 4Fa 17a P  | KEY released/idle
[   188.078671] S 68a 3Fa P  | DIG1 seg=0x3F '0'
[   188.078949] S 6Aa 6Fa P  | DIG2 seg=0x6F '9'
[   188.079226] S 6Ca 7Fa P  | DIG3 seg=0x7F '8'
[   188.079226] >>> DISPLAY: "098 "
[   188.079520] S 6Ea 00a P  | DIG4 seg=0x00 ' '
[   188.079799] S 4Fa 17a P  | KEY released/idle
[   188.277940] S 48a 21a P  | CTRL display=ON sleep=no seg=8 brightness=2
[   188.278217] S 68a 3Fa P  | DIG1 seg=0x3F '0'
[   188.278497] S 6Aa 6Fa P  | DIG2 seg=0x6F '9'
[   188.278789] S 6Ca 7Fa P  | DIG3 seg=0x7F '8'
[   188.279069] S 6Ea 00a P  | DIG4 seg=0x00 ' '
[   188.279347] S 4Fa 17a P  | KEY released/idle
[   188.477843] S 68a 3Fa P  | DIG1 seg=0x3F '0'
[   188.478136] S 6Aa 6Fa P  | DIG2 seg=0x6F '9'
[   188.478415] S 6Ca 7Fa P  | DIG3 seg=0x7F '8'
[   188.478693] S 6Ea 00a P  | DIG4 seg=0x00 ' '
[   188.478985] S 4Fa 17a P  | KEY released/idle
[   188.677380] S 68a 3Fa P  | DIG1 seg=0x3F '0'
[   188.677658] S 6Aa 6Fa P  | DIG2 seg=0x6F '9'
[   188.677949] S 6Ca 7Fa P  | DIG3 seg=0x7F '8'
[   188.678230] S 6Ea 00a P  | DIG4 seg=0x00 ' '
[   188.678508] S 4Fa 17a P  | KEY released/idle
[   188.876998] S 68a 3Fa P  | DIG1 seg=0x3F '0'
[   188.877276] S 6Aa 6Fa P  | DIG2 seg=0x6F '9'
[   188.877554] S 6Ca 7Fa P  | DIG3 seg=0x7F '8'
[   188.877848] S 6Ea 00a P  | DIG4 seg=0x00 ' '
[   188.878127] S 4Fa 17a P  | KEY released/idle
[   189.076628] S 68a 3Fa P  | DIG1 seg=0x3F '0'
[   189.076906] S 6Aa 6Fa P  | DIG2 seg=0x6F '9'
[   189.077185] S 6Ca 7Fa P  | DIG3 seg=0x7F '8'
[   189.077479] S 6Ea 00a P  | DIG4 seg=0x00 ' '
[   189.077756] S 4Fa 17a P  | KEY released/idle
[   189.276138] S 68a 3Fa P  | DIG1 seg=0x3F '0'
[   189.276431] S 6Aa 6Fa P  | DIG2 seg=0x6F '9'
[   189.276711] S 6Ca 07a P  | DIG3 seg=0x07 '7'
[   189.276711] >>> DISPLAY: "097 "
[   189.276990] S 6Ea 00a P  | DIG4 seg=0x00 ' '
[   189.277282] S 4Fa 17a P  | KEY released/idle
[   189.475730] S 68a 3Fa P  | DIG1 seg=0x3F '0'
[   189.476008] S 6Aa 6Fa P  | DIG2 seg=0x6F '9'
[   189.476285] S 6Ca 07a P  | DIG3 seg=0x07 '7'
[   189.476580] S 6Ea 00a P  | DIG4 seg=0x00 ' '
[   189.476857] S 4Fa 17a P  | KEY released/idle
[   189.675320] S 68a 3Fa P  | DIG1 seg=0x3F '0'
[   189.675599] S 6Aa 6Fa P  | DIG2 seg=0x6F '9'
[   189.675879] S 6Ca 07a P  | DIG3 seg=0x07 '7'
[   189.676171] S 6Ea 00a P  | DIG4 seg=0x00 ' '
[   189.676448] S 4Fa 17a P  | KEY released/idle
[   189.874863] S 68a 3Fa P  | DIG1 seg=0x3F '0'
[   189.875141] S 6Aa 6Fa P  | DIG2 seg=0x6F '9'
[   189.875419] S 6Ca 07a P  | DIG3 seg=0x07 '7'
[   189.875694] S P  | MALFORMED: 0 byte(s), expected 2
[   189.875713] S 6Ea 00a P  | DIG4 seg=0x00 ' '
[   189.875992] S 4Fa 17a P  | KEY released/idle
[   190.074433] S 68a 3Fa P  | DIG1 seg=0x3F '0'
[   190.074711] S 6Aa 6Fa P  | DIG2 seg=0x6F '9'
[   190.075003] S 6Ca 07a P  | DIG3 seg=0x07 '7'
[   190.075282] S 6Ea 00a P  | DIG4 seg=0x00 ' '
[   190.075561] S 4Fa 17a P  | KEY released/idle
[   190.274055] S 68a 3Fa P  | DIG1 seg=0x3F '0'
[   190.274334] S 6Aa 6Fa P  | DIG2 seg=0x6F '9'
[   190.274627] S 6Ca 07a P  | DIG3 seg=0x07 '7'
[   190.274905] S 6Ea 00a P  | DIG4 seg=0x00 ' '
[   190.275183] S 4Fa 17a P  | KEY released/idle
[   190.473599] S 68a 3Fa P  | DIG1 seg=0x3F '0'
[   190.473877] S 6Aa 6Fa P  | DIG2 seg=0x6F '9'
[   190.474169] S 6Ca 7Da P  | DIG3 seg=0x7D '6'
[   190.474169] >>> DISPLAY: "096 "
[   190.474449] S 6Ea 00a P  | DIG4 seg=0x00 ' '
[   190.474728] S 4Fa 17a P  | KEY released/idle
[   190.673152] S 68a 3Fa P  | DIG1 seg=0x3F '0'
[   190.673444] S 6Aa 6Fa P  | DIG2 seg=0x6F '9'
[   190.673722] S 6Ca 7Da P  | DIG3 seg=0x7D '6'
[   190.674002] S 6Ea 00a P  | DIG4 seg=0x00 ' '
[   190.674295] S 4Fa 17a P  | KEY released/idle
[   190.872743] S 68a 3Fa P  | DIG1 seg=0x3F '0'
[   190.873022] S 6Aa 6Fa P  | DIG2 seg=0x6F '9'
[   190.873317] S 6Ca 7Da P  | DIG3 seg=0x7D '6'
[   190.873595] S 6Ea 00a P  | DIG4 seg=0x00 ' '
[   190.873887] S 4Fa 17a P  | KEY released/idle

[RX 0x32 '2']
[   191.072277] S 68a 3Fa P  | DIG1 seg=0x3F '0'
[   191.072556] S 6Aa 6Fa P  | DIG2 seg=0x6F '9'
[   191.072834] S 6Ca 7Da P  | DIG3 seg=0x7D '6'
[   191.073128] S 6Ea 00a P  | DIG4 seg=0x00 ' '
[   191.073407] S 4Fa 57a P  | KEY PRESSED KI3 / DIG4
[   191.073407] >>> KEY PRESSED KI3 / DIG4   <== CHANNEL 2 answered with 0x57
[   191.271853] S 68a 3Fa P  | DIG1 seg=0x3F '0'
[   191.272145] S 6Aa 6Fa P  | DIG2 seg=0x6F '9'
[   191.272423] S 6Ca 7Da P  | DIG3 seg=0x7D '6'
[   191.272702] S 6Ea 00a P  | DIG4 seg=0x00 ' '
[   191.272993] S 4Fa 57a P  | KEY PRESSED KI3 / DIG4
[   191.471449] S 68a 3Fa P  | DIG1 seg=0x3F '0'
[   191.471727] S 6Aa 6Fa P  | DIG2 seg=0x6F '9'
[   191.472019] S 6Ca 7Da P  | DIG3 seg=0x7D '6'
[   191.472298] S 6Ea 00a P  | DIG4 seg=0x00 ' '
[   191.472576] S 4Fa 57a P  | KEY PRESSED KI3 / DIG4

[channel 2 -> GPIO26 pulsed 800 ms; watching the bus]
[   191.870643] S 68a 3Fa P  | DIG1 seg=0x3F '0'
[   191.870920] S 6Aa 6Fa P  | DIG2 seg=0x6F '9'
[   191.871199] S 6Ca 7Da P  | DIG3 seg=0x7D '6'
[   191.871492] S 6Ea 00a P  | DIG4 seg=0x00 ' '
[   191.871770] S 4Fa 17a P  | KEY released/idle
[   191.871770] >>> KEY released/idle
[   192.070286] S 68a 3Fa P  | DIG1 seg=0x3F '0'
[   192.070583] S 6Aa 6Fa P  | DIG2 seg=0x6F '9'
[   192.070900] S 6Ca 7Da P  | DIG3 seg=0x7D '6'
[   192.071217] S 6Ea 00a P  | DIG4 seg=0x00 ' '
[   192.071532] S 4Fa 17a P  | KEY released/idle
[   192.269881] S 68a 3Fa P  | DIG1 seg=0x3F '0'
[   192.270197] S 6Aa 6Fa P  | DIG2 seg=0x6F '9'
[   192.270496] S 6Ca 7Da P  | DIG3 seg=0x7D '6'
[   192.270812] S 6Ea 00a P  | DIG4 seg=0x00 ' '
[   192.271128] S 4Fa 17a P  | KEY released/idle
[   192.469453] S 68a 3Fa P  | DIG1 seg=0x3F '0'
[   192.469769] S 6Aa 6Fa P  | DIG2 seg=0x6F '9'
[   192.470087] S 6Ca 7Da P  | DIG3 seg=0x7D '6'
[   192.470403] S 6Ea 00a P  | DIG4 seg=0x00 ' '
[   192.470700] S 4Fa 17a P  | KEY released/idle
[   192.669058] S 68a 3Fa P  | DIG1 seg=0x3F '0'
[   192.669374] S 6Aa 6Fa P  | DIG2 seg=0x6F '9'
[   192.669692] S 6Ca 7Da P  | DIG3 seg=0x7D '6'
[   192.669989] S 6Ea 00a P  | DIG4 seg=0x00 ' '
[   192.670305] S 4Fa 17a P  | KEY released/idle
[   192.868639] S 68a 3Fa P  | DIG1 seg=0x3F '0'
[   192.868955] S 6Aa 6Fa P  | DIG2 seg=0x6F '9'
[   192.869272] S 6Ca 7Da P  | DIG3 seg=0x7D '6'
[   192.869589] S 6Ea 00a P  | DIG4 seg=0x00 ' '
[   192.869886] S 4Fa 17a P  | KEY released/idle
[   193.068223] S 68a 3Fa P  | DIG1 seg=0x3F '0'
[   193.068540] S 6Aa 6Fa P  | DIG2 seg=0x6F '9'
[   193.068857] S 6Ca 7Da P  | DIG3 seg=0x7D '6'
[   193.069173] S 6Ea 00a P  | DIG4 seg=0x00 ' '
[   193.069489] S 4Fa 17a P  | KEY released/idle
[   193.267819] S 68a 3Fa P  | DIG1 seg=0x3F '0'
[   193.268135] S 6Aa 6Fa P  | DIG2 seg=0x6F '9'
[   193.268453] S 6Ca 7Da P  | DIG3 seg=0x7D '6'
[   193.268769] S 6Ea 00a P  | DIG4 seg=0x00 ' '
[   193.269066] S 4Fa 17a P  | KEY released/idle
[   193.467352] S 68a 3Fa P  | DIG1 seg=0x3F '0'
[   193.467668] S 6Aa 6Fa P  | DIG2 seg=0x6F '9'
[   193.467985] S 6Ca 7Da P  | DIG3 seg=0x7D '6'
[   193.468301] S 6Ea 00a P  | DIG4 seg=0x00 ' '
[   193.468598] S 4Fa 17a P  | KEY released/idle

[RX 0x32 '2']
[   193.666942] S 68a 3Fa P  | DIG1 seg=0x3F '0'
[   193.667258] S 6Aa 6Fa P  | DIG2 seg=0x6F '9'
[   193.667557] S 6Ca 7Da P  | DIG3 seg=0x7D '6'
[   193.667872] S 6Ea 00a P  | DIG4 seg=0x00 ' '
[   193.668189] S 4Fa 57a P  | KEY PRESSED KI3 / DIG4
[   193.668189] >>> KEY PRESSED KI3 / DIG4   <== CHANNEL 2 answered with 0x57
[   193.866527] S 68a 3Fa P  | DIG1 seg=0x3F '0'
[   193.866846] S 6Aa 6Fa P  | DIG2 seg=0x6F '9'
[   193.867147] S 6Ca 7Da P  | DIG3 seg=0x7D '6'
[   193.867466] S 6Ea 00a P  | DIG4 seg=0x00 ' '
[   193.867785] S 4Fa 57a P  | KEY PRESSED KI3 / DIG4
[   194.067067] S 68a 3Fa P  | DIG1 seg=0x3F '0'
[   194.067387] S 6Aa 6Fa P  | DIG2 seg=0x6F '9'
[   194.067707] S 6Ca 7Da P  | DIG3 seg=0x7D '6'
[   194.068027] S 6Ea 00a P  | DIG4 seg=0x00 ' '
[   194.068347] S 4Fa 57a P  | KEY PRESSED KI3 / DIG4

[channel 2 -> GPIO26 pulsed 800 ms; watching the bus]
[   194.467194] S 68a 3Fa P  | DIG1 seg=0x3F '0'
[   194.467486] S 6Aa 6Fa P  | DIG2 seg=0x6F '9'
[   194.467765] S 6Ca 7Da P  | DIG3 seg=0x7D '6'
[   194.468044] S 6Ea 00a P  | DIG4 seg=0x00 ' '
[   194.468336] S 4Fa 17a P  | KEY released/idle
[   194.468336] >>> KEY released/idle
[   194.666747] S 68a 3Fa P  | DIG1 seg=0x3F '0'
[   194.667041] S 6Aa 6Fa P  | DIG2 seg=0x6F '9'
[   194.667319] S 6Ca 6Da P  | DIG3 seg=0x6D '5'
[   194.667319] >>> DISPLAY: "095 "
[   194.667598] S 6Ea 00a P  | DIG4 seg=0x00 ' '
[   194.667890] S 4Fa 17a P  | KEY released/idle
[   194.866309] S 68a 3Fa P  | DIG1 seg=0x3F '0'
[   194.866587] S 6Aa 6Fa P  | DIG2 seg=0x6F '9'
[   194.866865] S 6Ca 6Da P  | DIG3 seg=0x6D '5'
[   194.867158] S 6Ea 00a P  | DIG4 seg=0x00 ' '
[   194.867435] S 4Fa 17a P  | KEY released/idle
[   195.065863] S 68a 3Fa P  | DIG1 seg=0x3F '0'
[   195.066141] S 6Aa 6Fa P  | DIG2 seg=0x6F '9'
[   195.066433] S 6Ca 6Da P  | DIG3 seg=0x6D '5'
[   195.066712] S 6Ea 00a P  | DIG4 seg=0x00 ' '
[   195.066990] S 4Fa 17a P  | KEY released/idle
[   195.265389] S 68a 3Fa P  | DIG1 seg=0x3F '0'
[   195.265681] S 6Aa 6Fa P  | DIG2 seg=0x6F '9'
[   195.265959] S 6Ca 6Da P  | DIG3 seg=0x6D '5'
[   195.266238] S 6Ea 00a P  | DIG4 seg=0x00 ' '
[   195.266530] S 4Fa 17a P  | KEY released/idle
[   195.464969] S 68a 3Fa P  | DIG1 seg=0x3F '0'
[   195.465285] S 6Aa 6Fa P  | DIG2 seg=0x6F '9'
[   195.465602] S 6Ca 6Da P  | DIG3 seg=0x6D '5'
[   195.465919] S 6Ea 00a P  | DIG4 seg=0x00 ' '
[   195.466216] S 4Fa 17a P  | KEY released/idle
[   195.664544] S 68a 3Fa P  | DIG1 seg=0x3F '0'
[   195.664860] S 6Aa 6Fa P  | DIG2 seg=0x6F '9'
[   195.665178] S 6Ca 6Da P  | DIG3 seg=0x6D '5'
[   195.665475] S 6Ea 00a P  | DIG4 seg=0x00 ' '
[   195.665791] S 4Fa 17a P  | KEY released/idle
[   195.864075] S 68a 3Fa P  | DIG1 seg=0x3F '0'
[   195.864391] S 6Aa 6Fa P  | DIG2 seg=0x6F '9'
[   195.864709] S 6Ca 6Da P  | DIG3 seg=0x6D '5'
[   195.865024] S 6Ea 00a P  | DIG4 seg=0x00 ' '
[   195.865321] S 4Fa 17a P  | KEY released/idle
[   196.063624] S 68a 3Fa P  | DIG1 seg=0x3F '0'
[   196.063940] S 6Aa 6Fa P  | DIG2 seg=0x6F '9'
[   196.064257] S 6Ca 6Da P  | DIG3 seg=0x6D '5'
[   196.064573] S 6Ea 00a P  | DIG4 seg=0x00 ' '
[   196.064866] S P  | MALFORMED: 0 byte(s), expected 2
[   196.064889] S 4Fa 17a P  | KEY released/idle
[   196.263212] S 68a 3Fa P  | DIG1 seg=0x3F '0'
[   196.263528] S 6Aa 6Fa P  | DIG2 seg=0x6F '9'
[   196.263845] S 6Ca 6Da P  | DIG3 seg=0x6D '5'
[   196.264161] S 6Ea 00a P  | DIG4 seg=0x00 ' '
[   196.264458] S 4Fa 17a P  | KEY released/idle
[   196.462738] S 68a 3Fa P  | DIG1 seg=0x3F '0'
[   196.463054] S 6Aa 6Fa P  | DIG2 seg=0x6F '9'
[   196.463371] S 6Ca 6Da P  | DIG3 seg=0x6D '5'
[   196.463687] S 6Ea 00a P  | DIG4 seg=0x00 ' '
[   196.463984] S 4Fa 17a P  | KEY released/idle
[   196.662325] S 68a 3Fa P  | DIG1 seg=0x3F '0'
[   196.662641] S 6Aa 6Fa P  | DIG2 seg=0x6F '9'
[   196.662939] S 6Ca 6Da P  | DIG3 seg=0x6D '5'
[   196.663255] S 6Ea 00a P  | DIG4 seg=0x00 ' '
[   196.663571] S 4Fa 17a P  | KEY released/idle

[RX 0x42 'B']

[LONG PULSE - this starts continuous travel]
[   196.861903] S 68a 3Fa P  | DIG1 seg=0x3F '0'
[   196.862219] S 6Aa 6Fa P  | DIG2 seg=0x6F '9'
[   196.862537] S 6Ca 6Da P  | DIG3 seg=0x6D '5'
[   196.862853] S 6Ea 00a P  | DIG4 seg=0x00 ' '
[   196.863169] S 4Fa 57a P  | KEY PRESSED KI3 / DIG4
[   196.863169] >>> KEY PRESSED KI3 / DIG4   <== CHANNEL 2 answered with 0x57
[   197.061489] S 68a 3Fa P  | DIG1 seg=0x3F '0'
[   197.061808] S 6Aa 6Fa P  | DIG2 seg=0x6F '9'
[   197.062109] S 6Ca 6Da P  | DIG3 seg=0x6D '5'
[   197.062428] S 6Ea 00a P  | DIG4 seg=0x00 ' '
[   197.062747] S 4Fa 57a P  | KEY PRESSED KI3 / DIG4
[   197.261052] S 68a 3Fa P  | DIG1 seg=0x3F '0'
[   197.261372] S 6Aa 6Fa P  | DIG2 seg=0x6F '9'
[   197.261693] S 6Ca 6Da P  | DIG3 seg=0x6D '5'
[   197.262013] S 6Ea 00a P  | DIG4 seg=0x00 ' '
[   197.262333] S 4Fa 57a P  | KEY PRESSED KI3 / DIG4
[   197.461607] S 68a 3Fa P  | DIG1 seg=0x3F '0'
[   197.461885] S 6Aa 6Fa P  | DIG2 seg=0x6F '9'
[   197.462162] S 6Ca 6Da P  | DIG3 seg=0x6D '5'
[   197.462456] S 6Ea 00a P  | DIG4 seg=0x00 ' '
[   197.462735] S 4Fa 57a P  | KEY PRESSED KI3 / DIG4
[   197.661156] S 68a 3Fa P  | DIG1 seg=0x3F '0'
[   197.661436] S 6Aa 6Fa P  | DIG2 seg=0x6F '9'
[   197.661713] S 6Ca 6Da P  | DIG3 seg=0x6D '5'
[   197.662007] S 6Ea 00a P  | DIG4 seg=0x00 ' '
[   197.662285] S 4Fa 57a P  | KEY PRESSED KI3 / DIG4
[   197.860712] S 68a 3Fa P  | DIG1 seg=0x3F '0'
[   197.861006] S 6Aa 6Fa P  | DIG2 seg=0x6F '9'
[   197.861285] S 6Ca 6Da P  | DIG3 seg=0x6D '5'
[   197.861564] S 6Ea 00a P  | DIG4 seg=0x00 ' '
[   197.861856] S 4Fa 57a P  | KEY PRESSED KI3 / DIG4
[   198.060281] S 68a 3Fa P  | DIG1 seg=0x3F '0'
[   198.060573] S 6Aa 6Fa P  | DIG2 seg=0x6F '9'
[   198.060852] S 6Ca 6Da P  | DIG3 seg=0x6D '5'
[   198.061131] S 6Ea 00a P  | DIG4 seg=0x00 ' '
[   198.061423] S 4Fa 57a P  | KEY PRESSED KI3 / DIG4
[   198.259808] S 68a 3Fa P  | DIG1 seg=0x3F '0'
[   198.260100] S 6Aa 6Fa P  | DIG2 seg=0x6F '9'
[   198.260377] S 6Ca 6Da P  | DIG3 seg=0x6D '5'
[   198.260658] S 6Ea 00a P  | DIG4 seg=0x00 ' '
[   198.260950] S 4Fa 57a P  | KEY PRESSED KI3 / DIG4
[   198.459375] S 68a 3Fa P  | DIG1 seg=0x3F '0'
[   198.459653] S 6Aa 6Fa P  | DIG2 seg=0x6F '9'
[   198.459931] S 6Ca 6Da P  | DIG3 seg=0x6D '5'
[   198.460225] S 6Ea 00a P  | DIG4 seg=0x00 ' '
[   198.460504] S 4Fa 57a P  | KEY PRESSED KI3 / DIG4
[   198.658970] S 68a 3Fa P  | DIG1 seg=0x3F '0'
[   198.659248] S 6Aa 6Fa P  | DIG2 seg=0x6F '9'
[   198.659527] S 6Ca 6Da P  | DIG3 seg=0x6D '5'
[   198.659820] S 6Ea 00a P  | DIG4 seg=0x00 ' '
[   198.660098] S 4Fa 57a P  | KEY PRESSED KI3 / DIG4
[   198.858500] S 68a 3Fa P  | DIG1 seg=0x3F '0'
[   198.858778] S 6Aa 6Fa P  | DIG2 seg=0x6F '9'
[   198.859056] S 6Ca 66a P  | DIG3 seg=0x66 '4'
[   198.859056] >>> DISPLAY: "094 "
[   198.859348] S 6Ea 00a P  | DIG4 seg=0x00 ' '
[   198.859628] S 4Fa 57a P  | KEY PRESSED KI3 / DIG4
[   199.058055] S 68a 3Fa P  | DIG1 seg=0x3F '0'
[   199.058333] S 6Aa 6Fa P  | DIG2 seg=0x6F '9'
[   199.058625] S 6Ca 66a P  | DIG3 seg=0x66 '4'
[   199.058904] S 6Ea 00a P  | DIG4 seg=0x00 ' '
[   199.059182] S 4Fa 57a P  | KEY PRESSED KI3 / DIG4
[   199.257659] S 68a 3Fa P  | DIG1 seg=0x3F '0'
[   199.257937] S 6Aa 6Fa P  | DIG2 seg=0x6F '9'
[   199.258230] S 6Ca 66a P  | DIG3 seg=0x66 '4'
[   199.258508] S 6Ea 00a P  | DIG4 seg=0x00 ' '
[   199.258786] S 4Fa 57a P  | KEY PRESSED KI3 / DIG4

[channel 2 -> GPIO26 pulsed 2800 ms; watching the bus]
[   199.656751] S 68a 00a P  | DIG1 seg=0x00 ' '
[   199.656751] >>> DISPLAY: " 94 "
[   199.657028] S 6Aa 00a P  | DIG2 seg=0x00 ' '
[   199.657028] >>> DISPLAY: "  4 "
[   199.657321] S 6Ca 00a P  | DIG3 seg=0x00 ' '
[   199.657321] >>> DISPLAY: "    "
[   199.657600] S 6Ea 00a P  | DIG4 seg=0x00 ' '
[   199.657893] S 4Fa 17a P  | KEY released/idle
[   199.657893] >>> KEY released/idle
[   199.856349] S 68a 3Fa P  | DIG1 seg=0x3F '0'
[   199.856349] >>> DISPLAY: "0   "
[   199.856642] S 6Aa 6Fa P  | DIG2 seg=0x6F '9'
[   199.856642] >>> DISPLAY: "09  "
[   199.856921] S 6Ca 4Fa P  | DIG3 seg=0x4F '3'
[   199.856921] >>> DISPLAY: "093 "
[   199.857199] S 6Ea 00a P  | DIG4 seg=0x00 ' '
[   199.857491] S 4Fa 17a P  | KEY released/idle
[   200.055841] S 68a 3Fa P  | DIG1 seg=0x3F '0'
[   200.056122] S 6Aa 6Fa P  | DIG2 seg=0x6F '9'
[   200.056414] S 6Ca 4Fa P  | DIG3 seg=0x4F '3'
[   200.056693] S 6Ea 00a P  | DIG4 seg=0x00 ' '
[   200.056971] S 4Fa 17a P  | KEY released/idle
[   200.255412] S 68a 00a P  | DIG1 seg=0x00 ' '
[   200.255412] >>> DISPLAY: " 93 "
[   200.255689] S 6Aa 00a P  | DIG2 seg=0x00 ' '
[   200.255689] >>> DISPLAY: "  3 "
[   200.255967] S 6Ca 00a P  | DIG3 seg=0x00 ' '
[   200.255967] >>> DISPLAY: "    "
[   200.256260] S 6Ea 00a P  | DIG4 seg=0x00 ' '
[   200.256538] S 4Fa 17a P  | KEY released/idle
[   200.454997] S 68a 3Fa P  | DIG1 seg=0x3F '0'
[   200.454997] >>> DISPLAY: "0   "
[   200.455275] S 6Aa 6Fa P  | DIG2 seg=0x6F '9'
[   200.455275] >>> DISPLAY: "09  "
[   200.455554] S 6Ca 4Fa P  | DIG3 seg=0x4F '3'
[   200.455554] >>> DISPLAY: "093 "
[   200.455846] S 6Ea 00a P  | DIG4 seg=0x00 ' '
[   200.456123] S 4Fa 17a P  | KEY released/idle
[   200.654479] S 68a 3Fa P  | DIG1 seg=0x3F '0'
[   200.654771] S 6Aa 6Fa P  | DIG2 seg=0x6F '9'
[   200.655050] S 6Ca 4Fa P  | DIG3 seg=0x4F '3'
[   200.655329] S 6Ea 00a P  | DIG4 seg=0x00 ' '
[   200.655621] S 4Fa 17a P  | KEY released/idle
[   200.854062] S 68a 00a P  | DIG1 seg=0x00 ' '
[   200.854062] >>> DISPLAY: " 93 "
[   200.854340] S 6Aa 00a P  | DIG2 seg=0x00 ' '
[   200.854340] >>> DISPLAY: "  3 "
[   200.854628] S P  | MALFORMED: 0 byte(s), expected 2
[   200.854633] S 6Ca 00a P  | DIG3 seg=0x00 ' '
[   200.854633] >>> DISPLAY: "    "
[   200.854911] S 6Ea 00a P  | DIG4 seg=0x00 ' '
[   200.855188] S 4Fa 17a P  | KEY released/idle
[   201.053651] S 68a 3Fa P  | DIG1 seg=0x3F '0'
[   201.053651] >>> DISPLAY: "0   "
[   201.053930] S 6Aa 6Fa P  | DIG2 seg=0x6F '9'
[   201.053930] >>> DISPLAY: "09  "
[   201.054209] S 6Ca 5Ba P  | DIG3 seg=0x5B '2'
[   201.054209] >>> DISPLAY: "092 "
[   201.054502] S 6Ea 00a P  | DIG4 seg=0x00 ' '
[   201.054779] S 4Fa 17a P  | KEY released/idle
[   201.253160] S 68a 3Fa P  | DIG1 seg=0x3F '0'
[   201.253452] S 6Aa 6Fa P  | DIG2 seg=0x6F '9'
[   201.253731] S 6Ca 5Ba P  | DIG3 seg=0x5B '2'
[   201.254008] S P  | MALFORMED: 0 byte(s), expected 2
[   201.254026] S 6Ea 00a P  | DIG4 seg=0x00 ' '
[   201.254304] S 4Fa 17a P  | KEY released/idle
[   201.452717] S 68a 3Fa P  | DIG1 seg=0x3F '0'
[   201.452996] S 6Aa 6Fa P  | DIG2 seg=0x6F '9'
[   201.453275] S 6Ca 5Ba P  | DIG3 seg=0x5B '2'
[   201.453569] S 6Ea 00a P  | DIG4 seg=0x00 ' '
[   201.453847] S 4Fa 17a P  | KEY released/idle
[   201.652316] S 68a 3Fa P  | DIG1 seg=0x3F '0'
[   201.652594] S 6Aa 6Fa P  | DIG2 seg=0x6F '9'
[   201.652888] S 6Ca 5Ba P  | DIG3 seg=0x5B '2'
[   201.653166] S 6Ea 00a P  | DIG4 seg=0x00 ' '
[   201.653458] S 4Fa 17a P  | KEY released/idle
[   201.851831] S 68a 3Fa P  | DIG1 seg=0x3F '0'
[   201.852111] S 6Aa 6Fa P  | DIG2 seg=0x6F '9'
[   201.852402] S 6Ca 5Ba P  | DIG3 seg=0x5B '2'
[   201.852682] S 6Ea 00a P  | DIG4 seg=0x00 ' '
[   201.852959] S 4Fa 17a P  | KEY released/idle
[   202.051388] S 68a 3Fa P  | DIG1 seg=0x3F '0'
[   202.051680] S 6Aa 6Fa P  | DIG2 seg=0x6F '9'
[   202.051958] S 6Ca 5Ba P  | DIG3 seg=0x5B '2'
[   202.052237] S 6Ea 00a P  | DIG4 seg=0x00 ' '
[   202.052530] S 4Fa 17a P  | KEY released/idle
[   202.250977] S 68a 3Fa P  | DIG1 seg=0x3F '0'
[   202.251269] S 6Aa 6Fa P  | DIG2 seg=0x6F '9'
[   202.251550] S 6Ca 06a P  | DIG3 seg=0x06 '1'
[   202.251550] >>> DISPLAY: "091 "
[   202.251828] S 6Ea 00a P  | DIG4 seg=0x00 ' '
[   202.252119] S 4Fa 17a P  | KEY released/idle
[   202.450494] S 68a 3Fa P  | DIG1 seg=0x3F '0'
[   202.450771] S 6Aa 6Fa P  | DIG2 seg=0x6F '9'
[   202.451065] S 6Ca 06a P  | DIG3 seg=0x06 '1'
[   202.451344] S 6Ea 00a P  | DIG4 seg=0x00 ' '
[   202.451637] S 4Fa 17a P  | KEY released/idle
[   202.650025] S 68a 3Fa P  | DIG1 seg=0x3F '0'
[   202.650317] S 6Aa 6Fa P  | DIG2 seg=0x6F '9'
[   202.650595] S 6Ca 06a P  | DIG3 seg=0x06 '1'
[   202.650874] S 6Ea 00a P  | DIG4 seg=0x00 ' '
[   202.651166] S 4Fa 17a P  | KEY released/idle
[   202.849613] S 68a 3Fa P  | DIG1 seg=0x3F '0'
[   202.849904] S 6Aa 6Fa P  | DIG2 seg=0x6F '9'
[   202.850185] S 6Ca 06a P  | DIG3 seg=0x06 '1'
[   202.850477] S 6Ea 00a P  | DIG4 seg=0x00 ' '
[   202.850755] S 4Fa 17a P  | KEY released/idle
[   203.049126] S 68a 3Fa P  | DIG1 seg=0x3F '0'
[   203.049418] S 6Aa 6Fa P  | DIG2 seg=0x6F '9'
[   203.049696] S 6Ca 06a P  | DIG3 seg=0x06 '1'
[   203.049976] S 6Ea 00a P  | DIG4 seg=0x00 ' '
[   203.050268] S 4Fa 17a P  | KEY released/idle
[   203.248695] S 68a 3Fa P  | DIG1 seg=0x3F '0'
[   203.248973] S 6Aa 6Fa P  | DIG2 seg=0x6F '9'
[   203.249265] S 6Ca 06a P  | DIG3 seg=0x06 '1'
[   203.249544] S 6Ea 00a P  | DIG4 seg=0x00 ' '
[   203.249822] S 4Fa 17a P  | KEY released/idle
[   203.448283] S 68a 3Fa P  | DIG1 seg=0x3F '0'
[   203.448560] S 6Aa 6Fa P  | DIG2 seg=0x6F '9'
[   203.448853] S 6Ca 3Fa P  | DIG3 seg=0x3F '0'
[   203.448853] >>> DISPLAY: "090 "
[   203.449131] S 6Ea 00a P  | DIG4 seg=0x00 ' '
[   203.449409] S 4Fa 17a P  | KEY released/idle
[   203.647791] S 68a 3Fa P  | DIG1 seg=0x3F '0'
[   203.648069] S 6Aa 6Fa P  | DIG2 seg=0x6F '9'
[   203.648347] S 6Ca 3Fa P  | DIG3 seg=0x3F '0'
[   203.648640] S 6Ea 00a P  | DIG4 seg=0x00 ' '
[   203.648917] S 4Fa 17a P  | KEY released/idle
[   203.847344] S 68a 3Fa P  | DIG1 seg=0x3F '0'
[   203.847621] S 6Aa 6Fa P  | DIG2 seg=0x6F '9'
[   203.847913] S 6Ca 3Fa P  | DIG3 seg=0x3F '0'
[   203.848193] S 6Ea 00a P  | DIG4 seg=0x00 ' '
[   203.848470] S 4Fa 17a P  | KEY released/idle
[   204.046930] S 68a 3Fa P  | DIG1 seg=0x3F '0'
[   204.047222] S 6Aa 6Fa P  | DIG2 seg=0x6F '9'
[   204.047501] S 6Ca 3Fa P  | DIG3 seg=0x3F '0'
[   204.047779] S 6Ea 00a P  | DIG4 seg=0x00 ' '
[   204.048072] S 4Fa 17a P  | KEY released/idle
[   204.246427] S 68a 3Fa P  | DIG1 seg=0x3F '0'
[   204.246705] S 6Aa 6Fa P  | DIG2 seg=0x6F '9'
[   204.246997] S 6Ca 3Fa P  | DIG3 seg=0x3F '0'
[   204.247278] S 6Ea 00a P  | DIG4 seg=0x00 ' '
[   204.247555] S 4Fa 17a P  | KEY released/idle
[   204.445954] S 68a 3Fa P  | DIG1 seg=0x3F '0'
[   204.446246] S 6Aa 6Fa P  | DIG2 seg=0x6F '9'
[   204.446524] S 6Ca 3Fa P  | DIG3 seg=0x3F '0'
[   204.446805] S 6Ea 00a P  | DIG4 seg=0x00 ' '
[   204.447097] S 4Fa 17a P  | KEY released/idle
[   204.645542] S 68a 3Fa P  | DIG1 seg=0x3F '0'
[   204.645835] S 6Aa 7Fa P  | DIG2 seg=0x7F '8'
[   204.645835] >>> DISPLAY: "080 "
[   204.646114] S 6Ca 6Fa P  | DIG3 seg=0x6F '9'
[   204.646114] >>> DISPLAY: "089 "
[   204.646392] S 6Ea 00a P  | DIG4 seg=0x00 ' '
[   204.646684] S 4Fa 17a P  | KEY released/idle
[   204.845056] S 68a 3Fa P  | DIG1 seg=0x3F '0'
[   204.845349] S 6Aa 7Fa P  | DIG2 seg=0x7F '8'
[   204.845627] S 6Ca 6Fa P  | DIG3 seg=0x6F '9'
[   204.845906] S 6Ea 00a P  | DIG4 seg=0x00 ' '
[   204.846198] S 4Fa 17a P  | KEY released/idle
[   205.044610] S 68a 3Fa P  | DIG1 seg=0x3F '0'
[   205.044888] S 6Aa 7Fa P  | DIG2 seg=0x7F '8'
[   205.045165] S 6Ca 6Fa P  | DIG3 seg=0x6F '9'
[   205.045459] S 6Ea 00a P  | DIG4 seg=0x00 ' '
[   205.045736] S 4Fa 17a P  | KEY released/idle
[   205.244183] S 68a 3Fa P  | DIG1 seg=0x3F '0'
[   205.244475] S 6Aa 7Fa P  | DIG2 seg=0x7F '8'
[   205.244755] S 6Ca 6Fa P  | DIG3 seg=0x6F '9'
[   205.245033] S 6Ea 00a P  | DIG4 seg=0x00 ' '
[   205.245326] S 4Fa 17a P  | KEY released/idle
[   205.443739] S 68a 3Fa P  | DIG1 seg=0x3F '0'
[   205.444017] S 6Aa 7Fa P  | DIG2 seg=0x7F '8'
[   205.444296] S 6Ca 6Fa P  | DIG3 seg=0x6F '9'
[   205.444589] S 6Ea 00a P  | DIG4 seg=0x00 ' '
[   205.444868] S 4Fa 17a P  | KEY released/idle
[   205.643280] S 68a 3Fa P  | DIG1 seg=0x3F '0'
[   205.643558] S 6Aa 7Fa P  | DIG2 seg=0x7F '8'
[   205.643850] S 6Ca 6Fa P  | DIG3 seg=0x6F '9'
[   205.644129] S 6Ea 00a P  | DIG4 seg=0x00 ' '
[   205.644407] S 4Fa 17a P  | KEY released/idle
[   205.842852] S 68a 3Fa P  | DIG1 seg=0x3F '0'
[   205.843130] S 6Aa 7Fa P  | DIG2 seg=0x7F '8'
[   205.843424] S 6Ca 7Fa P  | DIG3 seg=0x7F '8'
[   205.843424] >>> DISPLAY: "088 "
[   205.843701] S 6Ea 00a P  | DIG4 seg=0x00 ' '
[   205.843980] S 4Fa 17a P  | KEY released/idle
[   206.042364] S 68a 3Fa P  | DIG1 seg=0x3F '0'
[   206.042642] S 6Aa 7Fa P  | DIG2 seg=0x7F '8'
[   206.042919] S 6Ca 7Fa P  | DIG3 seg=0x7F '8'
[   206.043214] S 6Ea 00a P  | DIG4 seg=0x00 ' '
[   206.043492] S 4Fa 17a P  | KEY released/idle
[   206.241898] S 68a 3Fa P  | DIG1 seg=0x3F '0'
[   206.242177] S 6Aa 7Fa P  | DIG2 seg=0x7F '8'
[   206.242451] S P  | MALFORMED: 0 byte(s), expected 2
[   206.242471] S 6Ca 7Fa P  | DIG3 seg=0x7F '8'
[   206.242750] S 6Ea 00a P  | DIG4 seg=0x00 ' '
[   206.243028] S 4Fa 17a P  | KEY released/idle
[   206.441497] S 68a 3Fa P  | DIG1 seg=0x3F '0'
[   206.441788] S 6Aa 7Fa P  | DIG2 seg=0x7F '8'
[   206.442068] S 6Ca 7Fa P  | DIG3 seg=0x7F '8'
[   206.442345] S 6Ea 00a P  | DIG4 seg=0x00 ' '
[   206.442637] S 4Fa 17a P  | KEY released/idle
[   206.641015] S 68a 3Fa P  | DIG1 seg=0x3F '0'
[   206.641294] S 6Aa 7Fa P  | DIG2 seg=0x7F '8'
[   206.641586] S 6Ca 7Fa P  | DIG3 seg=0x7F '8'
[   206.641866] S 6Ea 00a P  | DIG4 seg=0x00 ' '
[   206.642144] S 4Fa 17a P  | KEY released/idle
[   206.840573] S 68a 3Fa P  | DIG1 seg=0x3F '0'
[   206.840865] S 6Aa 7Fa P  | DIG2 seg=0x7F '8'
[   206.841142] S 6Ca 7Fa P  | DIG3 seg=0x7F '8'
[   206.841419] S P  | MALFORMED: 0 byte(s), expected 2
[   206.841437] S 6Ea 00a P  | DIG4 seg=0x00 ' '
[   206.841715] S 4Fa 17a P  | KEY released/idle
[   207.040178] S 68a 3Fa P  | DIG1 seg=0x3F '0'
[   207.040457] S 6Aa 7Fa P  | DIG2 seg=0x7F '8'
[   207.040736] S 6Ca 07a P  | DIG3 seg=0x07 '7'
[   207.040736] >>> DISPLAY: "087 "
[   207.041028] S 6Ea 00a P  | DIG4 seg=0x00 ' '
[   207.041305] S 4Fa 17a P  | KEY released/idle
[   207.239676] S 68a 3Fa P  | DIG1 seg=0x3F '0'
[   207.239968] S 6Aa 7Fa P  | DIG2 seg=0x7F '8'
[   207.240246] S 6Ca 07a P  | DIG3 seg=0x07 '7'
[   207.240525] S 6Ea 00a P  | DIG4 seg=0x00 ' '
[   207.240817] S 4Fa 17a P  | KEY released/idle
[   207.439234] S P  | MALFORMED: 0 byte(s), expected 2
[   207.439252] S 68a 3Fa P  | DIG1 seg=0x3F '0'
[   207.439531] S 6Aa 7Fa P  | DIG2 seg=0x7F '8'
[   207.439810] S 6Ca 07a P  | DIG3 seg=0x07 '7'
[   207.440103] S 6Ea 00a P  | DIG4 seg=0x00 ' '
[   207.440381] S 4Fa 17a P  | KEY released/idle
[   207.638875] S 68a 3Fa P  | DIG1 seg=0x3F '0'
[   207.639152] S 6Aa 7Fa P  | DIG2 seg=0x7F '8'
[   207.639432] S 6Ca 07a P  | DIG3 seg=0x07 '7'
[   207.639724] S 6Ea 00a P  | DIG4 seg=0x00 ' '
[   207.640002] S 4Fa 17a P  | KEY released/idle
[   207.838444] S 68a 3Fa P  | DIG1 seg=0x3F '0'
[   207.838722] S 6Aa 7Fa P  | DIG2 seg=0x7F '8'
[   207.839000] S 6Ca 07a P  | DIG3 seg=0x07 '7'
[   207.839294] S 6Ea 00a P  | DIG4 seg=0x00 ' '
[   207.839572] S 4Fa 17a P  | KEY released/idle
[   208.038003] S 68a 3Fa P  | DIG1 seg=0x3F '0'
[   208.038281] S 6Aa 7Fa P  | DIG2 seg=0x7F '8'
[   208.038573] S 6Ca 07a P  | DIG3 seg=0x07 '7'
[   208.038854] S 6Ea 00a P  | DIG4 seg=0x00 ' '
[   208.039131] S 4Fa 17a P  | KEY released/idle
[   208.237591] S 68a 3Fa P  | DIG1 seg=0x3F '0'
[   208.237872] S 6Aa 7Fa P  | DIG2 seg=0x7F '8'
[   208.238165] S 6Ca 7Da P  | DIG3 seg=0x7D '6'
[   208.238165] >>> DISPLAY: "086 "
[   208.238442] S 6Ea 00a P  | DIG4 seg=0x00 ' '
[   208.238720] S 4Fa 17a P  | KEY released/idle
[   208.437125] S 68a 3Fa P  | DIG1 seg=0x3F '0'
[   208.437403] S 6Aa 7Fa P  | DIG2 seg=0x7F '8'
[   208.437697] S 6Ca 7Da P  | DIG3 seg=0x7D '6'
[   208.437975] S 6Ea 00a P  | DIG4 seg=0x00 ' '
[   208.438253] S 4Fa 17a P  | KEY released/idle
[   208.636664] S 68a 3Fa P  | DIG1 seg=0x3F '0'
[   208.636956] S 6Aa 7Fa P  | DIG2 seg=0x7F '8'
[   208.637234] S 6Ca 7Da P  | DIG3 seg=0x7D '6'
[   208.637513] S 6Ea 00a P  | DIG4 seg=0x00 ' '
[   208.637806] S 4Fa 17a P  | KEY released/idle
[   208.836234] S 68a 3Fa P  | DIG1 seg=0x3F '0'
[   208.836508] S P  | MALFORMED: 0 byte(s), expected 2
[   208.836527] S 6Aa 7Fa P  | DIG2 seg=0x7F '8'
[   208.836806] S 6Ca 7Da P  | DIG3 seg=0x7D '6'
[   208.837083] S 6Ea 00a P  | DIG4 seg=0x00 ' '
[   208.837376] S 4Fa 17a P  | KEY released/idle
[   209.035447] S 48a 21a P  | CTRL display=ON sleep=no seg=8 brightness=2
[   209.035725] S 68a 3Fa P  | DIG1 seg=0x3F '0'
[   209.036003] S 6Aa 7Fa P  | DIG2 seg=0x7F '8'
[   209.036296] S 6Ca 7Da P  | DIG3 seg=0x7D '6'
[   209.036575] S 6Ea 00a P  | DIG4 seg=0x00 ' '
[   209.036853] S 4Fa 17a P  | KEY released/idle
[   209.235253] S 68a 3Fa P  | DIG1 seg=0x3F '0'
[   209.235547] S 6Aa 7Fa P  | DIG2 seg=0x7F '8'
[   209.235825] S 6Ca 7Da P  | DIG3 seg=0x7D '6'
[   209.236104] S 6Ea 00a P  | DIG4 seg=0x00 ' '
[   209.236395] S 4Fa 17a P  | KEY released/idle
[   209.434838] S 68a 3Fa P  | DIG1 seg=0x3F '0'
[   209.435129] S 6Aa 7Fa P  | DIG2 seg=0x7F '8'
[   209.435408] S 6Ca 6Da P  | DIG3 seg=0x6D '5'
[   209.435408] >>> DISPLAY: "085 "
[   209.435701] S 6Ea 00a P  | DIG4 seg=0x00 ' '
[   209.435979] S 4Fa 17a P  | KEY released/idle
[   209.634351] S 68a 3Fa P  | DIG1 seg=0x3F '0'
[   209.634643] S 6Aa 7Fa P  | DIG2 seg=0x7F '8'
[   209.634920] S 6Ca 6Da P  | DIG3 seg=0x6D '5'
[   209.635200] S 6Ea 00a P  | DIG4 seg=0x00 ' '
[   209.635492] S 4Fa 17a P  | KEY released/idle
[   209.833900] S 68a 3Fa P  | DIG1 seg=0x3F '0'
[   209.834178] S 6Aa 7Fa P  | DIG2 seg=0x7F '8'
[   209.834456] S 6Ca 6Da P  | DIG3 seg=0x6D '5'
[   209.834749] S 6Ea 00a P  | DIG4 seg=0x00 ' '
[   209.835027] S 4Fa 17a P  | KEY released/idle
[   210.033466] S 68a 3Fa P  | DIG1 seg=0x3F '0'
[   210.033744] S 6Aa 7Fa P  | DIG2 seg=0x7F '8'
[   210.034023] S 6Ca 6Da P  | DIG3 seg=0x6D '5'
[   210.034315] S 6Ea 00a P  | DIG4 seg=0x00 ' '
[   210.034593] S 4Fa 17a P  | KEY released/idle
[   210.232981] S 68a 3Fa P  | DIG1 seg=0x3F '0'
[   210.233274] S 6Aa 7Fa P  | DIG2 seg=0x7F '8'
[   210.233552] S 6Ca 6Da P  | DIG3 seg=0x6D '5'
[   210.233844] S 6Ea 00a P  | DIG4 seg=0x00 ' '
[   210.234123] S 4Fa 17a P  | KEY released/idle
[   210.432533] S 68a 3Fa P  | DIG1 seg=0x3F '0'
[   210.432812] S 6Aa 7Fa P  | DIG2 seg=0x7F '8'
[   210.433105] S 6Ca 6Da P  | DIG3 seg=0x6D '5'
[   210.433384] S 6Ea 00a P  | DIG4 seg=0x00 ' '
[   210.433662] S 4Fa 17a P  | KEY released/idle
[   210.632112] S 68a 3Fa P  | DIG1 seg=0x3F '0'
[   210.632390] S 6Aa 7Fa P  | DIG2 seg=0x7F '8'
[   210.632683] S 6Ca 66a P  | DIG3 seg=0x66 '4'
[   210.632683] >>> DISPLAY: "084 "
[   210.632961] S 6Ea 00a P  | DIG4 seg=0x00 ' '
[   210.633240] S 4Fa 17a P  | KEY released/idle
[   210.831612] S 68a 3Fa P  | DIG1 seg=0x3F '0'
[   210.831890] S 6Aa 7Fa P  | DIG2 seg=0x7F '8'
[   210.832168] S 6Ca 66a P  | DIG3 seg=0x66 '4'
[   210.832461] S 6Ea 00a P  | DIG4 seg=0x00 ' '
[   210.832740] S 4Fa 17a P  | KEY released/idle
[   211.031142] S 68a 3Fa P  | DIG1 seg=0x3F '0'
[   211.031420] S 6Aa 7Fa P  | DIG2 seg=0x7F '8'
[   211.031712] S 6Ca 66a P  | DIG3 seg=0x66 '4'
[   211.031991] S 6Ea 00a P  | DIG4 seg=0x00 ' '
[   211.032283] S 4Fa 17a P  | KEY released/idle
[   211.230740] S 68a 3Fa P  | DIG1 seg=0x3F '0'
[   211.231014] S P  | MALFORMED: 0 byte(s), expected 2
[   211.231032] S 6Aa 7Fa P  | DIG2 seg=0x7F '8'
[   211.231311] S 6Ca 66a P  | DIG3 seg=0x66 '4'
[   211.231589] S 6Ea 00a P  | DIG4 seg=0x00 ' '
[   211.231882] S 4Fa 17a P  | KEY released/idle
[   211.430271] S 68a 3Fa P  | DIG1 seg=0x3F '0'
[   211.430550] S 6Aa 7Fa P  | DIG2 seg=0x7F '8'
[   211.430842] S 6Ca 66a P  | DIG3 seg=0x66 '4'
[   211.431121] S 6Ea 00a P  | DIG4 seg=0x00 ' '
[   211.431400] S 4Fa 17a P  | KEY released/idle
[   211.629861] S 68a 3Fa P  | DIG1 seg=0x3F '0'
[   211.630139] S 6Aa 7Fa P  | DIG2 seg=0x7F '8'
[   211.630418] S 6Ca 4Fa P  | DIG3 seg=0x4F '3'
[   211.630418] >>> DISPLAY: "083 "
[   211.630712] S 6Ea 00a P  | DIG4 seg=0x00 ' '
[   211.630989] S 4Fa 17a P  | KEY released/idle
[   211.829456] S P  | MALFORMED: 0 byte(s), expected 2
[   211.829475] S 68a 3Fa P  | DIG1 seg=0x3F '0'
[   211.829754] S 6Aa 7Fa P  | DIG2 seg=0x7F '8'
[   211.830034] S 6Ca 4Fa P  | DIG3 seg=0x4F '3'
[   211.830327] S 6Ea 00a P  | DIG4 seg=0x00 ' '
[   211.830604] S 4Fa 17a P  | KEY released/idle
[   212.028990] S 68a 3Fa P  | DIG1 seg=0x3F '0'
[   212.029282] S 6Aa 7Fa P  | DIG2 seg=0x7F '8'
[   212.029560] S 6Ca 4Fa P  | DIG3 seg=0x4F '3'
[   212.029854] S 6Ea 00a P  | DIG4 seg=0x00 ' '
[   212.030132] S 4Fa 17a P  | KEY released/idle
[   212.228565] S 68a 3Fa P  | DIG1 seg=0x3F '0'
[   212.228843] S 6Aa 7Fa P  | DIG2 seg=0x7F '8'
[   212.229121] S 6Ca 4Fa P  | DIG3 seg=0x4F '3'
[   212.229415] S 6Ea 00a P  | DIG4 seg=0x00 ' '
[   212.229693] S 4Fa 17a P  | KEY released/idle
[   212.428177] S 68a 3Fa P  | DIG1 seg=0x3F '0'
[   212.428455] S 6Aa 7Fa P  | DIG2 seg=0x7F '8'
[   212.428734] S 6Ca 4Fa P  | DIG3 seg=0x4F '3'
[   212.429029] S 6Ea 00a P  | DIG4 seg=0x00 ' '
[   212.429307] S 4Fa 17a P  | KEY released/idle
[   212.627745] S 68a 3Fa P  | DIG1 seg=0x3F '0'
[   212.628023] S 6Aa 7Fa P  | DIG2 seg=0x7F '8'
[   212.628301] S 6Ca 4Fa P  | DIG3 seg=0x4F '3'
[   212.628595] S 6Ea 00a P  | DIG4 seg=0x00 ' '
[   212.628873] S 4Fa 17a P  | KEY released/idle
[   212.827314] S 68a 3Fa P  | DIG1 seg=0x3F '0'
[   212.827592] S 6Aa 7Fa P  | DIG2 seg=0x7F '8'
[   212.827885] S 6Ca 5Ba P  | DIG3 seg=0x5B '2'
[   212.827885] >>> DISPLAY: "082 "
[   212.828165] S 6Ea 00a P  | DIG4 seg=0x00 ' '
[   212.828442] S 4Fa 17a P  | KEY released/idle
[   213.026926] S 68a 3Fa P  | DIG1 seg=0x3F '0'
[   213.027205] S 6Aa 7Fa P  | DIG2 seg=0x7F '8'
[   213.027498] S 6Ca 5Ba P  | DIG3 seg=0x5B '2'
[   213.027776] S 6Ea 00a P  | DIG4 seg=0x00 ' '
[   213.028069] S 4Fa 17a P  | KEY released/idle
[   213.226435] S 68a 3Fa P  | DIG1 seg=0x3F '0'
[   213.226713] S 6Aa 7Fa P  | DIG2 seg=0x7F '8'
[   213.227005] S 6Ca 5Ba P  | DIG3 seg=0x5B '2'
[   213.227284] S 6Ea 00a P  | DIG4 seg=0x00 ' '
[   213.227563] S 4Fa 17a P  | KEY released/idle
[   213.425980] S 68a 3Fa P  | DIG1 seg=0x3F '0'
[   213.426272] S 6Aa 7Fa P  | DIG2 seg=0x7F '8'
[   213.426550] S 6Ca 5Ba P  | DIG3 seg=0x5B '2'
[   213.426830] S 6Ea 00a P  | DIG4 seg=0x00 ' '
[   213.427122] S 4Fa 17a P  | KEY released/idle
[   213.625562] S 68a 3Fa P  | DIG1 seg=0x3F '0'
[   213.625856] S 6Aa 7Fa P  | DIG2 seg=0x7F '8'
[   213.626135] S 6Ca 5Ba P  | DIG3 seg=0x5B '2'
[   213.626413] S 6Ea 00a P  | DIG4 seg=0x00 ' '
[   213.626704] S 4Fa 17a P  | KEY released/idle
[   213.825072] S 68a 3Fa P  | DIG1 seg=0x3F '0'
[   213.825349] S 6Aa 7Fa P  | DIG2 seg=0x7F '8'
[   213.825643] S 6Ca 5Ba P  | DIG3 seg=0x5B '2'
[   213.825923] S 6Ea 00a P  | DIG4 seg=0x00 ' '
[   213.826215] S 4Fa 17a P  | KEY released/idle
[   214.024611] S 68a 3Fa P  | DIG1 seg=0x3F '0'
[   214.024888] S 6Aa 7Fa P  | DIG2 seg=0x7F '8'
[   214.025166] S 6Ca 06a P  | DIG3 seg=0x06 '1'
[   214.025166] >>> DISPLAY: "081 "
[   214.025459] S 6Ea 00a P  | DIG4 seg=0x00 ' '
[   214.025737] S 4Fa 17a P  | KEY released/idle
[   214.224155] S 68a 3Fa P  | DIG1 seg=0x3F '0'
[   214.224446] S 6Aa 7Fa P  | DIG2 seg=0x7F '8'
[   214.224726] S 6Ca 06a P  | DIG3 seg=0x06 '1'
[   214.225019] S 6Ea 00a P  | DIG4 seg=0x00 ' '
[   214.225297] S 4Fa 17a P  | KEY released/idle
[   214.423662] S 68a 3Fa P  | DIG1 seg=0x3F '0'
[   214.423954] S 6Aa 7Fa P  | DIG2 seg=0x7F '8'
[   214.424232] S 6Ca 06a P  | DIG3 seg=0x06 '1'
[   214.424511] S 6Ea 00a P  | DIG4 seg=0x00 ' '
[   214.424806] S 4Fa 17a P  | KEY released/idle
[   214.623200] S 68a 3Fa P  | DIG1 seg=0x3F '0'
[   214.623478] S 6Aa 7Fa P  | DIG2 seg=0x7F '8'
[   214.623755] S 6Ca 06a P  | DIG3 seg=0x06 '1'
[   214.624050] S 6Ea 00a P  | DIG4 seg=0x00 ' '
[   214.624328] S 4Fa 17a P  | KEY released/idle
[   214.822787] S 68a 3Fa P  | DIG1 seg=0x3F '0'
[   214.823065] S 6Aa 7Fa P  | DIG2 seg=0x7F '8'
[   214.823346] S 6Ca 06a P  | DIG3 seg=0x06 '1'
[   214.823637] S 6Ea 00a P  | DIG4 seg=0x00 ' '
[   214.823915] S 4Fa 17a P  | KEY released/idle
[   215.022296] S 68a 3Fa P  | DIG1 seg=0x3F '0'
[   215.022574] S 6Aa 7Fa P  | DIG2 seg=0x7F '8'
[   215.022852] S 6Ca 06a P  | DIG3 seg=0x06 '1'
[   215.023145] S 6Ea 00a P  | DIG4 seg=0x00 ' '
[   215.023422] S 4Fa 17a P  | KEY released/idle
[   215.221810] S 68a 3Fa P  | DIG1 seg=0x3F '0'
[   215.222088] S 6Aa 7Fa P  | DIG2 seg=0x7F '8'
[   215.222380] S 6Ca 3Fa P  | DIG3 seg=0x3F '0'
[   215.222380] >>> DISPLAY: "080 "
[   215.222660] S 6Ea 00a P  | DIG4 seg=0x00 ' '
[   215.222938] S 4Fa 17a P  | KEY released/idle
[   215.421400] S 68a 3Fa P  | DIG1 seg=0x3F '0'
[   215.421692] S 6Aa 7Fa P  | DIG2 seg=0x7F '8'
[   215.421971] S 6Ca 3Fa P  | DIG3 seg=0x3F '0'
[   215.422249] S 6Ea 00a P  | DIG4 seg=0x00 ' '
[   215.422541] S 4Fa 17a P  | KEY released/idle
[   215.620896] S 68a 3Fa P  | DIG1 seg=0x3F '0'
[   215.621174] S 6Aa 7Fa P  | DIG2 seg=0x7F '8'
[   215.621466] S 6Ca 3Fa P  | DIG3 seg=0x3F '0'
[   215.621746] S 6Ea 00a P  | DIG4 seg=0x00 ' '
[   215.622023] S 4Fa 17a P  | KEY released/idle
[   215.820449] S 68a 3Fa P  | DIG1 seg=0x3F '0'
[   215.820742] S 6Aa 7Fa P  | DIG2 seg=0x7F '8'
[   215.821020] S 6Ca 3Fa P  | DIG3 seg=0x3F '0'
[   215.821314] S 6Ea 00a P  | DIG4 seg=0x00 ' '
[   215.821591] S 4Fa 17a P  | KEY released/idle
[   216.020025] S 68a 3Fa P  | DIG1 seg=0x3F '0'
[   216.020318] S 6Aa 7Fa P  | DIG2 seg=0x7F '8'
[   216.020598] S 6Ca 3Fa P  | DIG3 seg=0x3F '0'
[   216.020890] S 6Ea 00a P  | DIG4 seg=0x00 ' '
[   216.021168] S 4Fa 17a P  | KEY released/idle
[   216.219542] S 68a 3Fa P  | DIG1 seg=0x3F '0'
[   216.219819] S 6Aa 7Fa P  | DIG2 seg=0x7F '8'
[   216.220111] S 6Ca 3Fa P  | DIG3 seg=0x3F '0'
[   216.220390] S 6Ea 00a P  | DIG4 seg=0x00 ' '
[   216.220669] S 4Fa 17a P  | KEY released/idle
[   216.419104] S 68a 3Fa P  | DIG1 seg=0x3F '0'
[   216.419382] S 6Aa 07a P  | DIG2 seg=0x07 '7'
[   216.419382] >>> DISPLAY: "070 "
[   216.419661] S 6Ca 6Fa P  | DIG3 seg=0x6F '9'
[   216.419661] >>> DISPLAY: "079 "
[   216.419954] S 6Ea 00a P  | DIG4 seg=0x00 ' '
[   216.420233] S 4Fa 17a P  | KEY released/idle
[   216.618671] S 68a 3Fa P  | DIG1 seg=0x3F '0'
[   216.618949] S 6Aa 07a P  | DIG2 seg=0x07 '7'
[   216.619229] S 6Ca 6Fa P  | DIG3 seg=0x6F '9'
[   216.619521] S 6Ea 00a P  | DIG4 seg=0x00 ' '
[   216.619799] S 4Fa 17a P  | KEY released/idle
[   216.818186] S 68a 3Fa P  | DIG1 seg=0x3F '0'
[   216.818464] S 6Aa 07a P  | DIG2 seg=0x07 '7'
[   216.818742] S 6Ca 6Fa P  | DIG3 seg=0x6F '9'
[   216.819034] S 6Ea 00a P  | DIG4 seg=0x00 ' '
[   216.819312] S 4Fa 17a P  | KEY released/idle
[   217.017736] S 68a 3Fa P  | DIG1 seg=0x3F '0'
[   217.018014] S 6Aa 07a P  | DIG2 seg=0x07 '7'
[   217.018305] S 6Ca 6Fa P  | DIG3 seg=0x6F '9'
[   217.018585] S 6Ea 00a P  | DIG4 seg=0x00 ' '
[   217.018864] S 4Fa 17a P  | KEY released/idle
[   217.217301] S 68a 3Fa P  | DIG1 seg=0x3F '0'
[   217.217578] S 6Aa 07a P  | DIG2 seg=0x07 '7'
[   217.217874] S 6Ca 6Fa P  | DIG3 seg=0x6F '9'
[   217.218151] S 6Ea 00a P  | DIG4 seg=0x00 ' '
[   217.218429] S 4Fa 17a P  | KEY released/idle
[   217.416806] S 68a 3Fa P  | DIG1 seg=0x3F '0'
[   217.417084] S 6Aa 07a P  | DIG2 seg=0x07 '7'
[   217.417376] S 6Ca 6Fa P  | DIG3 seg=0x6F '9'
[   217.417655] S 6Ea 00a P  | DIG4 seg=0x00 ' '
[   217.417933] S 4Fa 17a P  | KEY released/idle
[   217.616311] S 68a 3Fa P  | DIG1 seg=0x3F '0'
[   217.616588] S 6Aa 07a P  | DIG2 seg=0x07 '7'
[   217.616882] S 6Ca 7Fa P  | DIG3 seg=0x7F '8'
[   217.616882] >>> DISPLAY: "078 "
[   217.617161] S 6Ea 00a P  | DIG4 seg=0x00 ' '
[   217.617453] S 4Fa 17a P  | KEY released/idle
[   217.815878] S 68a 3Fa P  | DIG1 seg=0x3F '0'
[   217.816156] S 6Aa 07a P  | DIG2 seg=0x07 '7'
[   217.816450] S 6Ca 7Fa P  | DIG3 seg=0x7F '8'
[   217.816728] S 6Ea 00a P  | DIG4 seg=0x00 ' '
[   217.817019] S 4Fa 17a P  | KEY released/idle
[   218.015383] S 68a 3Fa P  | DIG1 seg=0x3F '0'
[   218.015661] S 6Aa 07a P  | DIG2 seg=0x07 '7'
[   218.015939] S 6Ca 7Fa P  | DIG3 seg=0x7F '8'
[   218.016233] S 6Ea 00a P  | DIG4 seg=0x00 ' '
[   218.016511] S 4Fa 17a P  | KEY released/idle
[   218.214940] S 68a 3Fa P  | DIG1 seg=0x3F '0'
[   218.215218] S 6Aa 07a P  | DIG2 seg=0x07 '7'
[   218.215496] S 6Ca 7Fa P  | DIG3 seg=0x7F '8'
[   218.215791] S 6Ea 00a P  | DIG4 seg=0x00 ' '
[   218.216068] S 4Fa 17a P  | KEY released/idle
[   218.414507] S 68a 3Fa P  | DIG1 seg=0x3F '0'
[   218.414799] S 6Aa 07a P  | DIG2 seg=0x07 '7'
[   218.415078] S 6Ca 7Fa P  | DIG3 seg=0x7F '8'
[   218.415356] S 6Ea 00a P  | DIG4 seg=0x00 ' '
[   218.415649] S 4Fa 17a P  | KEY released/idle
[   218.614024] S 68a 3Fa P  | DIG1 seg=0x3F '0'
[   218.614303] S 6Aa 07a P  | DIG2 seg=0x07 '7'
[   218.614597] S 6Ca 7Fa P  | DIG3 seg=0x7F '8'
[   218.614876] S 6Ea 00a P  | DIG4 seg=0x00 ' '
[   218.615168] S 4Fa 17a P  | KEY released/idle
[   218.813627] S 68a 3Fa P  | DIG1 seg=0x3F '0'
[   218.813905] S 6Aa 07a P  | DIG2 seg=0x07 '7'
[   218.814198] S 6Ca 07a P  | DIG3 seg=0x07 '7'
[   218.814198] >>> DISPLAY: "077 "
[   218.814476] S 6Ea 00a P  | DIG4 seg=0x00 ' '
[   218.814754] S 4Fa 17a P  | KEY released/idle
[   219.013212] S 68a 3Fa P  | DIG1 seg=0x3F '0'
[   219.013491] S 6Aa 07a P  | DIG2 seg=0x07 '7'
[   219.013770] S 6Ca 07a P  | DIG3 seg=0x07 '7'
[   219.014063] S 6Ea 00a P  | DIG4 seg=0x00 ' '
[   219.014340] S 4Fa 17a P  | KEY released/idle
[   219.212738] S 68a 3Fa P  | DIG1 seg=0x3F '0'
[   219.213016] S 6Aa 07a P  | DIG2 seg=0x07 '7'
[   219.213294] S 6Ca 07a P  | DIG3 seg=0x07 '7'
[   219.213589] S 6Ea 00a P  | DIG4 seg=0x00 ' '
[   219.213866] S 4Fa 17a P  | KEY released/idle
[   219.412263] S 68a 3Fa P  | DIG1 seg=0x3F '0'
[   219.412541] S 6Aa 07a P  | DIG2 seg=0x07 '7'
[   219.412834] S 6Ca 07a P  | DIG3 seg=0x07 '7'
[   219.413113] S 6Ea 00a P  | DIG4 seg=0x00 ' '
[   219.413391] S 4Fa 17a P  | KEY released/idle
[   219.611848] S 68a 3Fa P  | DIG1 seg=0x3F '0'
[   219.612126] S 6Aa 07a P  | DIG2 seg=0x07 '7'
[   219.612419] S 6Ca 07a P  | DIG3 seg=0x07 '7'
[   219.612698] S 6Ea 00a P  | DIG4 seg=0x00 ' '
[   219.612977] S 4Fa 17a P  | KEY released/idle
[   219.811351] S 68a 3Fa P  | DIG1 seg=0x3F '0'
[   219.811629] S 6Aa 07a P  | DIG2 seg=0x07 '7'
[   219.811908] S 6Ca 07a P  | DIG3 seg=0x07 '7'
[   219.812201] S 6Ea 00a P  | DIG4 seg=0x00 ' '
[   219.812478] S 4Fa 17a P  | KEY released/idle
[   220.010880] S 68a 3Fa P  | DIG1 seg=0x3F '0'
[   220.011171] S 6Aa 07a P  | DIG2 seg=0x07 '7'
[   220.011449] S 6Ca 7Da P  | DIG3 seg=0x7D '6'
[   220.011449] >>> DISPLAY: "076 "
[   220.011729] S 6Ea 00a P  | DIG4 seg=0x00 ' '
[   220.012020] S 4Fa 17a P  | KEY released/idle
[   220.210437] S 68a 3Fa P  | DIG1 seg=0x3F '0'
[   220.210729] S 6Aa 07a P  | DIG2 seg=0x07 '7'
[   220.211009] S 6Ca 7Da P  | DIG3 seg=0x7D '6'
[   220.211286] S 6Ea 00a P  | DIG4 seg=0x00 ' '
[   220.211578] S 4Fa 17a P  | KEY released/idle
[   220.409928] S 68a 3Fa P  | DIG1 seg=0x3F '0'
[   220.410206] S 6Aa 07a P  | DIG2 seg=0x07 '7'
[   220.410498] S 6Ca 7Da P  | DIG3 seg=0x7D '6'
[   220.410777] S 6Ea 00a P  | DIG4 seg=0x00 ' '
[   220.411070] S 4Fa 17a P  | KEY released/idle
[   220.609470] S 68a 3Fa P  | DIG1 seg=0x3F '0'
[   220.609750] S 6Aa 07a P  | DIG2 seg=0x07 '7'
[   220.610028] S 6Ca 7Da P  | DIG3 seg=0x7D '6'
[   220.610321] S 6Ea 00a P  | DIG4 seg=0x00 ' '
[   220.610599] S 4Fa 17a P  | KEY released/idle
[   220.809034] S 68a 3Fa P  | DIG1 seg=0x3F '0'
[   220.809327] S 6Aa 07a P  | DIG2 seg=0x07 '7'
[   220.809607] S 6Ca 7Da P  | DIG3 seg=0x7D '6'
[   220.809899] S 6Ea 00a P  | DIG4 seg=0x00 ' '
[   220.810176] S 4Fa 17a P  | KEY released/idle
[   221.008532] S 68a 3Fa P  | DIG1 seg=0x3F '0'
[   221.008825] S 6Aa 07a P  | DIG2 seg=0x07 '7'
[   221.009103] S 6Ca 7Da P  | DIG3 seg=0x7D '6'
[   221.009382] S 6Ea 00a P  | DIG4 seg=0x00 ' '
[   221.009674] S 4Fa 17a P  | KEY released/idle
[   221.208068] S 68a 3Fa P  | DIG1 seg=0x3F '0'
[   221.208347] S 6Aa 07a P  | DIG2 seg=0x07 '7'
[   221.208640] S 6Ca 6Da P  | DIG3 seg=0x6D '5'
[   221.208640] >>> DISPLAY: "075 "
[   221.208920] S 6Ea 00a P  | DIG4 seg=0x00 ' '
[   221.209197] S 4Fa 17a P  | KEY released/idle
[   221.407623] S 68a 3Fa P  | DIG1 seg=0x3F '0'
[   221.407900] S 6Aa 07a P  | DIG2 seg=0x07 '7'
[   221.408193] S 6Ca 6Da P  | DIG3 seg=0x6D '5'
[   221.408471] S 6Ea 00a P  | DIG4 seg=0x00 ' '
[   221.408749] S 4Fa 17a P  | KEY released/idle
[   221.607111] S 68a 3Fa P  | DIG1 seg=0x3F '0'
[   221.607389] S 6Aa 07a P  | DIG2 seg=0x07 '7'
[   221.607666] S 6Ca 6Da P  | DIG3 seg=0x6D '5'
[   221.607959] S 6Ea 00a P  | DIG4 seg=0x00 ' '
[   221.608237] S 4Fa 17a P  | KEY released/idle
[   221.806619] S 68a 3Fa P  | DIG1 seg=0x3F '0'
[   221.806897] S 6Aa 07a P  | DIG2 seg=0x07 '7'
[   221.807175] S 6Ca 6Da P  | DIG3 seg=0x6D '5'
[   221.807468] S 6Ea 00a P  | DIG4 seg=0x00 ' '
[   221.807747] S 4Fa 17a P  | KEY released/idle
[   222.006221] S 68a 3Fa P  | DIG1 seg=0x3F '0'
[   222.006499] S 6Aa 07a P  | DIG2 seg=0x07 '7'
[   222.006793] S 6Ca 6Da P  | DIG3 seg=0x6D '5'
[   222.007071] S 6Ea 00a P  | DIG4 seg=0x00 ' '
[   222.007365] S 4Fa 17a P  | KEY released/idle
[   222.205741] S 68a 3Fa P  | DIG1 seg=0x3F '0'
[   222.206019] S 6Aa 07a P  | DIG2 seg=0x07 '7'
[   222.206311] S 6Ca 6Da P  | DIG3 seg=0x6D '5'
[   222.206590] S 6Ea 00a P  | DIG4 seg=0x00 ' '
[   222.206869] S 4Fa 17a P  | KEY released/idle
[   222.405283] S 68a 3Fa P  | DIG1 seg=0x3F '0'
[   222.405575] S 6Aa 07a P  | DIG2 seg=0x07 '7'
[   222.405854] S 6Ca 66a P  | DIG3 seg=0x66 '4'
[   222.405854] >>> DISPLAY: "074 "
[   222.406134] S 6Ea 00a P  | DIG4 seg=0x00 ' '
[   222.406425] S 4Fa 17a P  | KEY released/idle
[   222.604885] S 68a 3Fa P  | DIG1 seg=0x3F '0'
[   222.605178] S 6Aa 07a P  | DIG2 seg=0x07 '7'
[   222.605457] S 6Ca 66a P  | DIG3 seg=0x66 '4'
[   222.605749] S 6Ea 00a P  | DIG4 seg=0x00 ' '
[   222.606027] S 4Fa 17a P  | KEY released/idle
[   222.804383] S 68a 3Fa P  | DIG1 seg=0x3F '0'
[   222.804674] S 6Aa 07a P  | DIG2 seg=0x07 '7'
[   222.804952] S 6Ca 66a P  | DIG3 seg=0x66 '4'
[   222.805231] S 6Ea 00a P  | DIG4 seg=0x00 ' '
[   222.805523] S 4Fa 17a P  | KEY released/idle
[   223.003925] S 68a 3Fa P  | DIG1 seg=0x3F '0'
[   223.004205] S 6Aa 07a P  | DIG2 seg=0x07 '7'
[   223.004482] S 6Ca 66a P  | DIG3 seg=0x66 '4'
[   223.004776] S 6Ea 00a P  | DIG4 seg=0x00 ' '
[   223.005053] S 4Fa 17a P  | KEY released/idle
[   223.203462] S 68a 3Fa P  | DIG1 seg=0x3F '0'
[   223.203755] S 6Aa 07a P  | DIG2 seg=0x07 '7'
[   223.204033] S 6Ca 66a P  | DIG3 seg=0x66 '4'
[   223.204312] S 6Ea 00a P  | DIG4 seg=0x00 ' '
[   223.204604] S 4Fa 17a P  | KEY released/idle
[   223.402963] S 68a 3Fa P  | DIG1 seg=0x3F '0'
[   223.403255] S 6Aa 07a P  | DIG2 seg=0x07 '7'
[   223.403533] S 6Ca 66a P  | DIG3 seg=0x66 '4'
[   223.403812] S 6Ea 00a P  | DIG4 seg=0x00 ' '
[   223.404104] S 4Fa 17a P  | KEY released/idle
[   223.602495] S 68a 3Fa P  | DIG1 seg=0x3F '0'
[   223.602772] S 6Aa 07a P  | DIG2 seg=0x07 '7'
[   223.603050] S 6Ca 4Fa P  | DIG3 seg=0x4F '3'
[   223.603050] >>> DISPLAY: "073 "
[   223.603343] S 6Ea 00a P  | DIG4 seg=0x00 ' '
[   223.603621] S 4Fa 17a P  | KEY released/idle
[   223.802022] S 68a 3Fa P  | DIG1 seg=0x3F '0'
[   223.802314] S 6Aa 07a P  | DIG2 seg=0x07 '7'
[   223.802591] S 6Ca 4Fa P  | DIG3 seg=0x4F '3'
[   223.802871] S 6Ea 00a P  | DIG4 seg=0x00 ' '
[   223.803163] S 4Fa 17a P  | KEY released/idle
[   224.001550] S 68a 3Fa P  | DIG1 seg=0x3F '0'
[   224.001828] S 6Aa 07a P  | DIG2 seg=0x07 '7'
[   224.002106] S 6Ca 4Fa P  | DIG3 seg=0x4F '3'
[   224.002399] S 6Ea 00a P  | DIG4 seg=0x00 ' '
[   224.002677] S 4Fa 17a P  | KEY released/idle
[   224.201078] S 68a 3Fa P  | DIG1 seg=0x3F '0'
[   224.201356] S 6Aa 07a P  | DIG2 seg=0x07 '7'
[   224.201648] S 6Ca 4Fa P  | DIG3 seg=0x4F '3'
[   224.201927] S 6Ea 00a P  | DIG4 seg=0x00 ' '
[   224.202205] S 4Fa 17a P  | KEY released/idle
[   224.400640] S 68a 3Fa P  | DIG1 seg=0x3F '0'
[   224.400919] S 6Aa 07a P  | DIG2 seg=0x07 '7'
[   224.401197] S 6Ca 4Fa P  | DIG3 seg=0x4F '3'
[   224.401490] S 6Ea 00a P  | DIG4 seg=0x00 ' '
[   224.401768] S 4Fa 17a P  | KEY released/idle
[   224.600176] S 68a 3Fa P  | DIG1 seg=0x3F '0'
[   224.600454] S 6Aa 07a P  | DIG2 seg=0x07 '7'
[   224.600746] S 6Ca 4Fa P  | DIG3 seg=0x4F '3'
[   224.601025] S 6Ea 00a P  | DIG4 seg=0x00 ' '
[   224.601303] S 4Fa 17a P  | KEY released/idle
[   224.799725] S 68a 3Fa P  | DIG1 seg=0x3F '0'
[   224.800017] S 6Aa 07a P  | DIG2 seg=0x07 '7'
[   224.800295] S 6Ca 4Fa P  | DIG3 seg=0x4F '3'
[   224.800574] S 6Ea 00a P  | DIG4 seg=0x00 ' '
[   224.800866] S 4Fa 17a P  | KEY released/idle
[   224.999294] S 68a 3Fa P  | DIG1 seg=0x3F '0'
[   224.999572] S 6Aa 07a P  | DIG2 seg=0x07 '7'
[   224.999865] S 6Ca 4Fa P  | DIG3 seg=0x4F '3'
[   225.000143] S 6Ea 00a P  | DIG4 seg=0x00 ' '
[   225.000421] S 4Fa 17a P  | KEY released/idle
[   225.198819] S 68a 3Fa P  | DIG1 seg=0x3F '0'
[   225.199097] S 6Aa 07a P  | DIG2 seg=0x07 '7'
[   225.199389] S 6Ca 4Fa P  | DIG3 seg=0x4F '3'
[   225.199668] S 6Ea 00a P  | DIG4 seg=0x00 ' '
[   225.199946] S 4Fa 17a P  | KEY released/idle
[   225.398393] S 68a 3Fa P  | DIG1 seg=0x3F '0'
[   225.398672] S 6Aa 07a P  | DIG2 seg=0x07 '7'
[   225.398950] S 6Ca 4Fa P  | DIG3 seg=0x4F '3'
[   225.399243] S 6Ea 00a P  | DIG4 seg=0x00 ' '
[   225.399521] S 4Fa 17a P  | KEY released/idle
[   225.597961] S 68a 3Fa P  | DIG1 seg=0x3F '0'
[   225.598253] S 6Aa 07a P  | DIG2 seg=0x07 '7'
[   225.598531] S 6Ca 4Fa P  | DIG3 seg=0x4F '3'
[   225.598810] S 6Ea 00a P  | DIG4 seg=0x00 ' '
[   225.599103] S 4Fa 17a P  | KEY released/idle
[   225.797504] S 68a 3Fa P  | DIG1 seg=0x3F '0'
[   225.797797] S 6Aa 07a P  | DIG2 seg=0x07 '7'
[   225.798075] S 6Ca 4Fa P  | DIG3 seg=0x4F '3'
[   225.798354] S 6Ea 00a P  | DIG4 seg=0x00 ' '
[   225.798646] S 4Fa 17a P  | KEY released/idle
[   225.997074] S 68a 3Fa P  | DIG1 seg=0x3F '0'
[   225.997352] S 6Aa 07a P  | DIG2 seg=0x07 '7'
[   225.997630] S 6Ca 4Fa P  | DIG3 seg=0x4F '3'
[   225.997924] S 6Ea 00a P  | DIG4 seg=0x00 ' '
[   225.998201] S 4Fa 17a P  | KEY released/idle
[   226.196638] S 68a 3Fa P  | DIG1 seg=0x3F '0'
[   226.196930] S 6Aa 07a P  | DIG2 seg=0x07 '7'
[   226.197208] S 6Ca 4Fa P  | DIG3 seg=0x4F '3'
[   226.197487] S 6Ea 00a P  | DIG4 seg=0x00 ' '
[   226.197779] S 4Fa 17a P  | KEY released/idle
[   226.396219] S 68a 3Fa P  | DIG1 seg=0x3F '0'
[   226.396535] S 6Aa 07a P  | DIG2 seg=0x07 '7'
[   226.396853] S 6Ca 4Fa P  | DIG3 seg=0x4F '3'
[   226.397150] S 6Ea 00a P  | DIG4 seg=0x00 ' '
[   226.397466] S 4Fa 17a P  | KEY released/idle
[   226.595756] S 68a 3Fa P  | DIG1 seg=0x3F '0'
[   226.596072] S 6Aa 07a P  | DIG2 seg=0x07 '7'
[   226.596390] S 6Ca 4Fa P  | DIG3 seg=0x4F '3'
[   226.596706] S 6Ea 00a P  | DIG4 seg=0x00 ' '
[   226.597003] S 4Fa 17a P  | KEY released/idle
[   226.795315] S 68a 3Fa P  | DIG1 seg=0x3F '0'
[   226.795632] S 6Aa 07a P  | DIG2 seg=0x07 '7'
[   226.795949] S 6Ca 4Fa P  | DIG3 seg=0x4F '3'
[   226.796265] S 6Ea 00a P  | DIG4 seg=0x00 ' '
[   226.796562] S 4Fa 17a P  | KEY released/idle
[   226.994830] S 68a 3Fa P  | DIG1 seg=0x3F '0'
[   226.995146] S 6Aa 07a P  | DIG2 seg=0x07 '7'
[   226.995464] S 6Ca 4Fa P  | DIG3 seg=0x4F '3'
[   226.995780] S 6Ea 00a P  | DIG4 seg=0x00 ' '
[   226.996077] S 4Fa 17a P  | KEY released/idle
[   227.194435] S 68a 3Fa P  | DIG1 seg=0x3F '0'
[   227.194732] S 6Aa 07a P  | DIG2 seg=0x07 '7'
[   227.195049] S 6Ca 4Fa P  | DIG3 seg=0x4F '3'
[   227.195365] S 6Ea 00a P  | DIG4 seg=0x00 ' '
[   227.195681] S 4Fa 17a P  | KEY released/idle
[   227.393984] S 68a 3Fa P  | DIG1 seg=0x3F '0'
[   227.394299] S 6Aa 07a P  | DIG2 seg=0x07 '7'
[   227.394617] S 6Ca 4Fa P  | DIG3 seg=0x4F '3'
[   227.394933] S 6Ea 00a P  | DIG4 seg=0x00 ' '
[   227.395249] S 4Fa 17a P  | KEY released/idle
[   227.593529] S 68a 3Fa P  | DIG1 seg=0x3F '0'
[   227.593845] S 6Aa 07a P  | DIG2 seg=0x07 '7'
[   227.594163] S 6Ca 4Fa P  | DIG3 seg=0x4F '3'
[   227.594479] S 6Ea 00a P  | DIG4 seg=0x00 ' '
[   227.594795] S 4Fa 17a P  | KEY released/idle
[   227.793116] S 68a 3Fa P  | DIG1 seg=0x3F '0'
[   227.793432] S 6Aa 07a P  | DIG2 seg=0x07 '7'
[   227.793749] S 6Ca 4Fa P  | DIG3 seg=0x4F '3'
[   227.794047] S 6Ea 00a P  | DIG4 seg=0x00 ' '
[   227.794363] S 4Fa 17a P  | KEY released/idle
[   227.992696] S 68a 3Fa P  | DIG1 seg=0x3F '0'
[   227.993013] S 6Aa 07a P  | DIG2 seg=0x07 '7'
[   227.993330] S 6Ca 4Fa P  | DIG3 seg=0x4F '3'
[   227.993646] S 6Ea 00a P  | DIG4 seg=0x00 ' '
[   227.993962] S 4Fa 17a P  | KEY released/idle
[   228.192257] S 68a 3Fa P  | DIG1 seg=0x3F '0'
[   228.192573] S 6Aa 07a P  | DIG2 seg=0x07 '7'
[   228.192872] S 6Ca 4Fa P  | DIG3 seg=0x4F '3'
[   228.193188] S 6Ea 00a P  | DIG4 seg=0x00 ' '
[   228.193504] S 4Fa 17a P  | KEY released/idle
[   228.391792] S 68a 3Fa P  | DIG1 seg=0x3F '0'
[   228.392107] S 6Aa 07a P  | DIG2 seg=0x07 '7'
[   228.392425] S 6Ca 4Fa P  | DIG3 seg=0x4F '3'
[   228.392741] S 6Ea 00a P  | DIG4 seg=0x00 ' '
[   228.393038] S 4Fa 17a P  | KEY released/idle
[   228.591377] S 68a 3Fa P  | DIG1 seg=0x3F '0'
[   228.591693] S 6Aa 07a P  | DIG2 seg=0x07 '7'
[   228.591992] S 6Ca 4Fa P  | DIG3 seg=0x4F '3'
[   228.592307] S 6Ea 00a P  | DIG4 seg=0x00 ' '
[   228.592623] S 4Fa 17a P  | KEY released/idle
[   228.790913] S 68a 3Fa P  | DIG1 seg=0x3F '0'
[   228.791229] S 6Aa 07a P  | DIG2 seg=0x07 '7'
[   228.791546] S 6Ca 4Fa P  | DIG3 seg=0x4F '3'
[   228.791863] S 6Ea 00a P  | DIG4 seg=0x00 ' '
[   228.792160] S 4Fa 17a P  | KEY released/idle
[   228.990451] S 68a 3Fa P  | DIG1 seg=0x3F '0'
[   228.990767] S 6Aa 07a P  | DIG2 seg=0x07 '7'
[   228.991084] S 6Ca 4Fa P  | DIG3 seg=0x4F '3'
[   228.991401] S 6Ea 00a P  | DIG4 seg=0x00 ' '
[   228.991694] S P  | MALFORMED: 0 byte(s), expected 2
[   228.991717] S 4Fa 17a P  | KEY released/idle
[   229.190031] S 68a 3Fa P  | DIG1 seg=0x3F '0'
[   229.190347] S 6Aa 07a P  | DIG2 seg=0x07 '7'
[   229.190664] S 6Ca 4Fa P  | DIG3 seg=0x4F '3'
[   229.190980] S 6Ea 00a P  | DIG4 seg=0x00 ' '
[   229.191277] S 4Fa 17a P  | KEY released/idle
[   229.389542] S 68a 3Fa P  | DIG1 seg=0x3F '0'
[   229.389857] S 6Aa 07a P  | DIG2 seg=0x07 '7'
[   229.390175] S 6Ca 4Fa P  | DIG3 seg=0x4F '3'
[   229.390491] S 6Ea 00a P  | DIG4 seg=0x00 ' '
[   229.390788] S 4Fa 17a P  | KEY released/idle
[   229.589102] S 68a 3Fa P  | DIG1 seg=0x3F '0'
[   229.589418] S 6Aa 07a P  | DIG2 seg=0x07 '7'
[   229.589717] S 6Ca 4Fa P  | DIG3 seg=0x4F '3'
[   229.590032] S 6Ea 00a P  | DIG4 seg=0x00 ' '
[   229.590349] S 4Fa 17a P  | KEY released/idle
[   229.788640] S 68a 3Fa P  | DIG1 seg=0x3F '0'
[   229.788956] S 6Aa 07a P  | DIG2 seg=0x07 '7'
[   229.789274] S 6Ca 4Fa P  | DIG3 seg=0x4F '3'
[   229.789590] S 6Ea 00a P  | DIG4 seg=0x00 ' '
[   229.789905] S 4Fa 17a P  | KEY released/idle
[   229.988194] S 68a 3Fa P  | DIG1 seg=0x3F '0'
[   229.988491] S 6Aa 07a P  | DIG2 seg=0x07 '7'
[   229.988808] S 6Ca 4Fa P  | DIG3 seg=0x4F '3'
[   229.989124] S 6Ea 00a P  | DIG4 seg=0x00 ' '
[   229.989440] S 4Fa 17a P  | KEY released/idle
[   230.187730] S 68a 3Fa P  | DIG1 seg=0x3F '0'
[   230.188046] S 6Aa 07a P  | DIG2 seg=0x07 '7'
[   230.188364] S 6Ca 4Fa P  | DIG3 seg=0x4F '3'
[   230.188679] S 6Ea 00a P  | DIG4 seg=0x00 ' '
[   230.188976] S 4Fa 17a P  | KEY released/idle
[   230.387282] S 68a 3Fa P  | DIG1 seg=0x3F '0'
[   230.387578] S 6Aa 07a P  | DIG2 seg=0x07 '7'
[   230.387896] S 6Ca 4Fa P  | DIG3 seg=0x4F '3'
[   230.388212] S 6Ea 00a P  | DIG4 seg=0x00 ' '
[   230.388528] S 4Fa 17a P  | KEY released/idle
[   230.586801] S 68a 3Fa P  | DIG1 seg=0x3F '0'
[   230.587117] S 6Aa 07a P  | DIG2 seg=0x07 '7'
[   230.587434] S 6Ca 4Fa P  | DIG3 seg=0x4F '3'
[   230.587731] S 6Ea 00a P  | DIG4 seg=0x00 ' '
[   230.588047] S 4Fa 17a P  | KEY released/idle
[   230.786298] S 68a 3Fa P  | DIG1 seg=0x3F '0'
[   230.786614] S 6Aa 07a P  | DIG2 seg=0x07 '7'
[   230.786931] S 6Ca 4Fa P  | DIG3 seg=0x4F '3'
[   230.787247] S 6Ea 00a P  | DIG4 seg=0x00 ' '
[   230.787544] S 4Fa 17a P  | KEY released/idle
[   230.985873] S 68a 3Fa P  | DIG1 seg=0x3F '0'
[   230.986189] S 6Aa 07a P  | DIG2 seg=0x07 '7'
[   230.986506] S 6Ca 4Fa P  | DIG3 seg=0x4F '3'
[   230.986803] S 6Ea 00a P  | DIG4 seg=0x00 ' '
[   230.987119] S 4Fa 17a P  | KEY released/idle
[   231.185395] S 68a 3Fa P  | DIG1 seg=0x3F '0'
[   231.185711] S 6Aa 07a P  | DIG2 seg=0x07 '7'
[   231.186028] S 6Ca 4Fa P  | DIG3 seg=0x4F '3'
[   231.186344] S 6Ea 00a P  | DIG4 seg=0x00 ' '
[   231.186641] S 4Fa 17a P  | KEY released/idle
[   231.384928] S 68a 3Fa P  | DIG1 seg=0x3F '0'
[   231.385244] S 6Aa 07a P  | DIG2 seg=0x07 '7'
[   231.385561] S 6Ca 4Fa P  | DIG3 seg=0x4F '3'
[   231.385877] S 6Ea 00a P  | DIG4 seg=0x00 ' '
[   231.386194] S 4Fa 17a P  | KEY released/idle
[   231.584510] S 68a 3Fa P  | DIG1 seg=0x3F '0'
[   231.584826] S 6Aa 07a P  | DIG2 seg=0x07 '7'
[   231.585143] S 6Ca 4Fa P  | DIG3 seg=0x4F '3'
[   231.585460] S 6Ea 00a P  | DIG4 seg=0x00 ' '
[   231.585775] S 4Fa 17a P  | KEY released/idle
[   231.784020] S 68a 3Fa P  | DIG1 seg=0x3F '0'
[   231.784336] S 6Aa 07a P  | DIG2 seg=0x07 '7'
[   231.784653] S 6Ca 4Fa P  | DIG3 seg=0x4F '3'
[   231.784970] S 6Ea 00a P  | DIG4 seg=0x00 ' '
[   231.785267] S 4Fa 17a P  | KEY released/idle
[   231.983585] S 68a 3Fa P  | DIG1 seg=0x3F '0'
[   231.983901] S 6Aa 07a P  | DIG2 seg=0x07 '7'
[   231.984199] S 6Ca 4Fa P  | DIG3 seg=0x4F '3'
[   231.984516] S 6Ea 00a P  | DIG4 seg=0x00 ' '
[   231.984831] S 4Fa 17a P  | KEY released/idle
[   232.183124] S 68a 3Fa P  | DIG1 seg=0x3F '0'
[   232.183440] S 6Aa 07a P  | DIG2 seg=0x07 '7'
[   232.183757] S 6Ca 4Fa P  | DIG3 seg=0x4F '3'
[   232.184073] S 6Ea 00a P  | DIG4 seg=0x00 ' '
[   232.184389] S 4Fa 17a P  | KEY released/idle
[   232.382671] S 68a 3Fa P  | DIG1 seg=0x3F '0'
[   232.382968] S 6Aa 07a P  | DIG2 seg=0x07 '7'
[   232.383286] S 6Ca 4Fa P  | DIG3 seg=0x4F '3'
[   232.383602] S 6Ea 00a P  | DIG4 seg=0x00 ' '
[   232.383918] S 4Fa 17a P  | KEY released/idle
[   232.582219] S 68a 3Fa P  | DIG1 seg=0x3F '0'
[   232.582535] S 6Aa 07a P  | DIG2 seg=0x07 '7'
[   232.582852] S 6Ca 4Fa P  | DIG3 seg=0x4F '3'
[   232.583168] S 6Ea 00a P  | DIG4 seg=0x00 ' '
[   232.583465] S 4Fa 17a P  | KEY released/idle
[   232.781758] S 68a 3Fa P  | DIG1 seg=0x3F '0'
[   232.782055] S 6Aa 07a P  | DIG2 seg=0x07 '7'
[   232.782372] S 6Ca 4Fa P  | DIG3 seg=0x4F '3'
[   232.782688] S 6Ea 00a P  | DIG4 seg=0x00 ' '
[   232.783004] S 4Fa 17a P  | KEY released/idle
[   232.981292] S 68a 3Fa P  | DIG1 seg=0x3F '0'
[   232.981608] S 6Aa 07a P  | DIG2 seg=0x07 '7'
[   232.981926] S 6Ca 4Fa P  | DIG3 seg=0x4F '3'
[   232.982223] S 6Ea 00a P  | DIG4 seg=0x00 ' '
[   232.982539] S 4Fa 17a P  | KEY released/idle
[   233.180831] S 68a 3Fa P  | DIG1 seg=0x3F '0'
[   233.181146] S 6Aa 07a P  | DIG2 seg=0x07 '7'
[   233.181464] S 6Ca 4Fa P  | DIG3 seg=0x4F '3'
[   233.181757] S P  | MALFORMED: 0 byte(s), expected 2
[   233.181780] S 6Ea 00a P  | DIG4 seg=0x00 ' '
[   233.182077] S 4Fa 17a P  | KEY released/idle
[   233.380426] S 68a 3Fa P  | DIG1 seg=0x3F '0'
[   233.380742] S 6Aa 07a P  | DIG2 seg=0x07 '7'
[   233.381059] S 6Ca 4Fa P  | DIG3 seg=0x4F '3'
[   233.381356] S 6Ea 00a P  | DIG4 seg=0x00 ' '
[   233.381673] S 4Fa 17a P  | KEY released/idle
[   233.579944] S 68a 3Fa P  | DIG1 seg=0x3F '0'
[   233.580260] S 6Aa 07a P  | DIG2 seg=0x07 '7'
[   233.580578] S 6Ca 4Fa P  | DIG3 seg=0x4F '3'
[   233.580875] S 6Ea 00a P  | DIG4 seg=0x00 ' '
[   233.581191] S 4Fa 17a P  | KEY released/idle
[   233.779485] S 68a 3Fa P  | DIG1 seg=0x3F '0'
[   233.779782] S 6Aa 07a P  | DIG2 seg=0x07 '7'
[   233.780099] S 6Ca 4Fa P  | DIG3 seg=0x4F '3'
[   233.780416] S 6Ea 00a P  | DIG4 seg=0x00 ' '
[   233.780731] S 4Fa 17a P  | KEY released/idle
[   233.979028] S 68a 3Fa P  | DIG1 seg=0x3F '0'
[   233.979344] S 6Aa 07a P  | DIG2 seg=0x07 '7'
[   233.979662] S 6Ca 4Fa P  | DIG3 seg=0x4F '3'
[   233.979977] S 6Ea 00a P  | DIG4 seg=0x00 ' '
[   233.980293] S 4Fa 17a P  | KEY released/idle
[   234.178535] S 68a 3Fa P  | DIG1 seg=0x3F '0'
[   234.178851] S 6Aa 07a P  | DIG2 seg=0x07 '7'
[   234.179169] S 6Ca 4Fa P  | DIG3 seg=0x4F '3'
[   234.179484] S 6Ea 00a P  | DIG4 seg=0x00 ' '
[   234.179800] S 4Fa 17a P  | KEY released/idle
[   234.378077] S 68a 3Fa P  | DIG1 seg=0x3F '0'
[   234.378393] S 6Aa 07a P  | DIG2 seg=0x07 '7'
[   234.378711] S 6Ca 4Fa P  | DIG3 seg=0x4F '3'
[   234.379008] S 6Ea 00a P  | DIG4 seg=0x00 ' '
[   234.379324] S 4Fa 17a P  | KEY released/idle
[   234.577607] S 68a 3Fa P  | DIG1 seg=0x3F '0'
[   234.577923] S 6Aa 07a P  | DIG2 seg=0x07 '7'
[   234.578241] S 6Ca 4Fa P  | DIG3 seg=0x4F '3'
[   234.578557] S 6Ea 00a P  | DIG4 seg=0x00 ' '
[   234.578873] S 4Fa 17a P  | KEY released/idle
[   234.777155] S 68a 3Fa P  | DIG1 seg=0x3F '0'
[   234.777452] S 6Aa 07a P  | DIG2 seg=0x07 '7'
[   234.777769] S 6Ca 4Fa P  | DIG3 seg=0x4F '3'
[   234.778085] S 6Ea 00a P  | DIG4 seg=0x00 ' '
[   234.778401] S 4Fa 17a P  | KEY released/idle
[   234.976693] S 68a 3Fa P  | DIG1 seg=0x3F '0'
[   234.977009] S 6Aa 07a P  | DIG2 seg=0x07 '7'
[   234.977326] S 6Ca 4Fa P  | DIG3 seg=0x4F '3'
[   234.977642] S 6Ea 00a P  | DIG4 seg=0x00 ' '
[   234.977939] S 4Fa 17a P  | KEY released/idle
[   235.176258] S 68a 3Fa P  | DIG1 seg=0x3F '0'
[   235.176551] S P  | MALFORMED: 0 byte(s), expected 2
[   235.176575] S 6Aa 07a P  | DIG2 seg=0x07 '7'
[   235.176873] S 6Ca 4Fa P  | DIG3 seg=0x4F '3'
[   235.177189] S 6Ea 00a P  | DIG4 seg=0x00 ' '
[   235.177505] S 4Fa 17a P  | KEY released/idle
[   235.375781] S 68a 3Fa P  | DIG1 seg=0x3F '0'
[   235.376098] S 6Aa 07a P  | DIG2 seg=0x07 '7'
[   235.376415] S 6Ca 4Fa P  | DIG3 seg=0x4F '3'
[   235.376712] S 6Ea 00a P  | DIG4 seg=0x00 ' '
[   235.377028] S 4Fa 17a P  | KEY released/idle
[   235.575312] S 68a 3Fa P  | DIG1 seg=0x3F '0'
[   235.575628] S 6Aa 07a P  | DIG2 seg=0x07 '7'
[   235.575945] S 6Ca 4Fa P  | DIG3 seg=0x4F '3'
[   235.576262] S 6Ea 00a P  | DIG4 seg=0x00 ' '
[   235.576559] S 4Fa 17a P  | KEY released/idle
[   235.774907] S 68a 3Fa P  | DIG1 seg=0x3F '0'
[   235.775223] S 6Aa 07a P  | DIG2 seg=0x07 '7'
[   235.775540] S 6Ca 4Fa P  | DIG3 seg=0x4F '3'
[   235.775856] S 6Ea 00a P  | DIG4 seg=0x00 ' '
[   235.776153] S 4Fa 17a P  | KEY released/idle
[   235.974419] S 68a 3Fa P  | DIG1 seg=0x3F '0'
[   235.974735] S 6Aa 07a P  | DIG2 seg=0x07 '7'
[   235.975053] S 6Ca 4Fa P  | DIG3 seg=0x4F '3'
[   235.975369] S 6Ea 00a P  | DIG4 seg=0x00 ' '
[   235.975666] S 4Fa 17a P  | KEY released/idle
[   236.173985] S 68a 3Fa P  | DIG1 seg=0x3F '0'
[   236.174282] S 6Aa 07a P  | DIG2 seg=0x07 '7'
[   236.174600] S 6Ca 4Fa P  | DIG3 seg=0x4F '3'
[   236.174916] S 6Ea 00a P  | DIG4 seg=0x00 ' '
[   236.175232] S 4Fa 17a P  | KEY released/idle
[   236.373551] S 68a 3Fa P  | DIG1 seg=0x3F '0'
[   236.373867] S 6Aa 07a P  | DIG2 seg=0x07 '7'
[   236.374184] S 6Ca 4Fa P  | DIG3 seg=0x4F '3'
[   236.374501] S 6Ea 00a P  | DIG4 seg=0x00 ' '
[   236.374816] S 4Fa 17a P  | KEY released/idle
[   236.573097] S 68a 3Fa P  | DIG1 seg=0x3F '0'
[   236.573413] S 6Aa 07a P  | DIG2 seg=0x07 '7'
[   236.573730] S 6Ca 4Fa P  | DIG3 seg=0x4F '3'
[   236.574047] S 6Ea 00a P  | DIG4 seg=0x00 ' '
[   236.574362] S 4Fa 17a P  | KEY released/idle
[   236.772691] S 68a 3Fa P  | DIG1 seg=0x3F '0'
[   236.773006] S 6Aa 07a P  | DIG2 seg=0x07 '7'
[   236.773324] S 6Ca 4Fa P  | DIG3 seg=0x4F '3'
[   236.773621] S 6Ea 00a P  | DIG4 seg=0x00 ' '
[   236.773937] S 4Fa 17a P  | KEY released/idle
[   236.972244] S 68a 3Fa P  | DIG1 seg=0x3F '0'
[   236.972560] S 6Aa 07a P  | DIG2 seg=0x07 '7'
[   236.972877] S 6Ca 4Fa P  | DIG3 seg=0x4F '3'
[   236.973193] S 6Ea 00a P  | DIG4 seg=0x00 ' '
[   236.973510] S 4Fa 17a P  | KEY released/idle
[   237.171812] S 68a 3Fa P  | DIG1 seg=0x3F '0'
[   237.172128] S 6Aa 07a P  | DIG2 seg=0x07 '7'
[   237.172427] S 6Ca 4Fa P  | DIG3 seg=0x4F '3'
[   237.172743] S 6Ea 00a P  | DIG4 seg=0x00 ' '
[   237.173059] S 4Fa 17a P  | KEY released/idle
[   237.371342] S 68a 3Fa P  | DIG1 seg=0x3F '0'
[   237.371659] S 6Aa 07a P  | DIG2 seg=0x07 '7'
[   237.371976] S 6Ca 4Fa P  | DIG3 seg=0x4F '3'
[   237.372292] S 6Ea 00a P  | DIG4 seg=0x00 ' '
[   237.372589] S 4Fa 17a P  | KEY released/idle
[   237.570916] S 68a 3Fa P  | DIG1 seg=0x3F '0'
[   237.571232] S 6Aa 07a P  | DIG2 seg=0x07 '7'
[   237.571550] S 6Ca 4Fa P  | DIG3 seg=0x4F '3'
[   237.571847] S 6Ea 00a P  | DIG4 seg=0x00 ' '
[   237.572163] S 4Fa 17a P  | KEY released/idle
[   237.770444] S 68a 3Fa P  | DIG1 seg=0x3F '0'
[   237.770759] S 6Aa 07a P  | DIG2 seg=0x07 '7'
[   237.771077] S 6Ca 4Fa P  | DIG3 seg=0x4F '3'
[   237.771393] S 6Ea 00a P  | DIG4 seg=0x00 ' '
[   237.771690] S 4Fa 17a P  | KEY released/idle
[   237.969994] S 68a 3Fa P  | DIG1 seg=0x3F '0'
[   237.970310] S 6Aa 07a P  | DIG2 seg=0x07 '7'
[   237.970628] S 6Ca 4Fa P  | DIG3 seg=0x4F '3'
[   237.970943] S 6Ea 00a P  | DIG4 seg=0x00 ' '
[   237.971237] S P  | MALFORMED: 0 byte(s), expected 2
[   237.971260] S 4Fa 17a P  | KEY released/idle
[   238.169603] S 68a 3Fa P  | DIG1 seg=0x3F '0'
[   238.169920] S 6Aa 07a P  | DIG2 seg=0x07 '7'
[   238.170237] S 6Ca 4Fa P  | DIG3 seg=0x4F '3'
[   238.170553] S 6Ea 00a P  | DIG4 seg=0x00 ' '
[   238.170850] S 4Fa 17a P  | KEY released/idle
